"İşletme";"Doğrulama";"Ürün";"Menşe";"Gramaj (g)";"Fiyat (TL)";"TL/kg";"Stok";"Kaynak bağlantısı";"Kontrol tarihi"
"1978 Coffee Roastery";"Doğrulandı";"78 Tanışma Paketi";"Brezilya";"Erişilemedi";"1000";"Erişilemedi";"Belirsiz";"https://1978coffee.com/78-tanisma-paketi";"2026-08-11"
"1978 Coffee Roastery";"Doğrulandı";"Brazil Mogiana ( 1 Kg )";"Brezilya";"1000";"1950";"1950";"Stokta";"https://1978coffee.com/brazil-mogiana-1-kg-";"2026-08-11"
"1978 Coffee Roastery";"Doğrulandı";"Brazil Mogiana ( 1 Kg )";"Brezilya";"1000";"1000";"1000";"Belirsiz";"https://1978coffee.com/brazil-mogiana-1-kg-";"2026-08-11"
"1978 Coffee Roastery";"Doğrulandı";"Brazil Mogiana ( 250 gr )";"Brezilya";"250";"640";"2560";"Stokta";"https://1978coffee.com/brazil-mogiana-250-gr-";"2026-08-11"
"1978 Coffee Roastery";"Doğrulandı";"Brazil Mogiana ( 250 gr )";"Brezilya";"250";"1000";"4000";"Belirsiz";"https://1978coffee.com/brazil-mogiana-250-gr-";"2026-08-11"
"1978 Coffee Roastery";"Doğrulandı";"Colombia EL PARAISO";"Kolombiya";"Erişilemedi";"1000";"Erişilemedi";"Belirsiz";"https://1978coffee.com/colombia-el-paraiso";"2026-08-11"
"1978 Coffee Roastery";"Doğrulandı";"Colombia LA ROCA";"Kolombiya";"Erişilemedi";"1000";"Erişilemedi";"Belirsiz";"https://1978coffee.com/colombia-la-roca";"2026-08-11"
"1978 Coffee Roastery";"Doğrulandı";"Honduras Las Calaveras ( 1 Kg )";"Honduras";"1000";"2850";"2850";"Stokta";"https://1978coffee.com/honduras-las-calaveras-1-kg-";"2026-08-11"
"1978 Coffee Roastery";"Doğrulandı";"Honduras Las Calaveras ( 1 Kg )";"Honduras";"1000";"1000";"1000";"Belirsiz";"https://1978coffee.com/honduras-las-calaveras-1-kg-";"2026-08-11"
"1978 Coffee Roastery";"Doğrulandı";"Honduras Las Calaveras ( 250 gr )";"Honduras";"250";"840";"3360";"Stokta";"https://1978coffee.com/honduras-las-calaveras-250-gr-";"2026-08-11"
"1978 Coffee Roastery";"Doğrulandı";"Honduras Las Calaveras ( 250 gr )";"Honduras";"250";"1000";"4000";"Belirsiz";"https://1978coffee.com/honduras-las-calaveras-250-gr-";"2026-08-11"
"1978 Coffee Roastery";"Doğrulandı";"TIMEMORE Coffee Server (360 ml)";"Menşe belirtilmemiş";"Erişilemedi";"1000";"Erişilemedi";"Belirsiz";"https://1978coffee.com/timemore-coffee-server";"2026-08-11"
"1978 Coffee Roastery";"Doğrulandı";"Türk Kahvesi";"Menşe belirtilmemiş";"Erişilemedi";"1000";"Erişilemedi";"Belirsiz";"https://1978coffee.com/turk-kahvesi-1";"2026-08-11"
"A Roasting Lab";"Doğrulandı";"🎁 Türk Kahvesi 250g (HEDİYE)";"Menşe belirtilmemiş";"250";"Erişilemedi";"Erişilemedi";"Stokta";"https://aroastinglab.com/products/turkish-coffee-blend-250-gram-turk-kahvesi-sca_clone_freegift";"2026-08-11"
"A Roasting Lab";"Doğrulandı";"ARL Collective Hediye | 50g Kahve Paketi";"Menşe belirtilmemiş";"50";"115";"2300";"Stokta";"https://aroastinglab.com/products/arl-collective-hediyesi-50g-kahve";"2026-08-11"
"A Roasting Lab";"Doğrulandı";"ARL Collective Hediye | 50g Kahve Paketi";"Menşe belirtilmemiş";"50";"129";"2580";"Stokta";"https://aroastinglab.com/products/arl-collective-hediyesi-50g-kahve";"2026-08-11"
"A Roasting Lab";"Doğrulandı";"ARL Collective Hediyesi | 1000g Kahve Paketi";"Menşe belirtilmemiş";"1000";"1796.4";"1796.4";"Stokta";"https://aroastinglab.com/products/arl-collective-hediyesi-1000g-kahve-paketi";"2026-08-11"
"A Roasting Lab";"Doğrulandı";"ARL Collective Hediyesi | 1000g Kahve Paketi";"Menşe belirtilmemiş";"1000";"2149";"2149";"Stokta";"https://aroastinglab.com/products/arl-collective-hediyesi-1000g-kahve-paketi";"2026-08-11"
"A Roasting Lab";"Doğrulandı";"ARL Collective Hediyesi | 1000g Kahve Paketi";"Menşe belirtilmemiş";"1000";"1088";"1088";"Stokta";"https://aroastinglab.com/products/arl-collective-hediyesi-1000g-kahve-paketi";"2026-08-11"
"A Roasting Lab";"Doğrulandı";"ARL Collective Hediyesi | 250g Kahve Paketi";"Menşe belirtilmemiş";"250";"499";"1996";"Stokta";"https://aroastinglab.com/products/arl-collective-hediyesi-250g-kahve";"2026-08-11"
"A Roasting Lab";"Doğrulandı";"ARL Collective Hediyesi | 250g Kahve Paketi";"Menşe belirtilmemiş";"250";"599";"2396";"Stokta";"https://aroastinglab.com/products/arl-collective-hediyesi-250g-kahve";"2026-08-11"
"A Roasting Lab";"Doğrulandı";"ARL Collective Hediyesi | 250g Kahve Paketi";"Menşe belirtilmemiş";"250";"333";"1332";"Stokta";"https://aroastinglab.com/products/arl-collective-hediyesi-250g-kahve";"2026-08-11"
"A Roasting Lab";"Doğrulandı";"Astrower Blend Kahve - 1000g";"Etiyopya | El Salvador";"1000";"1526.94";"1526.94";"Stokta";"https://aroastinglab.com/products/astrower-filter-blend-1000-gram-filtre-kahve";"2026-08-11"
"A Roasting Lab";"Doğrulandı";"Astrower Blend Kahve - 250g";"Etiyopya | El Salvador";"250";"424.15";"1696.6";"Stokta";"https://aroastinglab.com/products/astrower-filter-blend-filtre-kahve-250-gr";"2026-08-11"
"A Roasting Lab";"Doğrulandı";"Astrower Blend Kahve 50g";"Etiyopya | El Salvador";"50";"97.75";"1955";"Stokta";"https://aroastinglab.com/products/astrower-filter-blend-filtre-kahve-50-gr";"2026-08-11"
"A Roasting Lab";"Doğrulandı";"Aurora Kahveler Deneme Paketi 5x50 g";"Kolombiya | Burundi | El Salvador | Endonezya";"50";"479.2";"9584";"Stokta";"https://aroastinglab.com/products/aurora-kahveler-deneme-paketi";"2026-08-11"
"A Roasting Lab";"Doğrulandı";"Brezilya Filtre Kahve 1000g";"Brezilya";"1000";"1526.94";"1526.94";"Stokta";"https://aroastinglab.com/products/brazil-bella-giana-1000-gram-filtre-kahve";"2026-08-11"
"A Roasting Lab";"Doğrulandı";"Brezilya Filtre Kahve 250g";"Brezilya";"250";"424.15";"1696.6";"Stokta";"https://aroastinglab.com/products/brazil-bella-giana-250-gram-filtre-kahve";"2026-08-11"
"A Roasting Lab";"Doğrulandı";"Brezilya Filtre Kahve 50g";"Brezilya";"50";"97.75";"1955";"Stokta";"https://aroastinglab.com/products/brazil-bella-giana-50-gram-filtre-kahve";"2026-08-11"
"A Roasting Lab";"Doğrulandı";"Burundi Filtre Kahve 1000g";"Burundi";"1000";"1526.94";"1526.94";"Stokta";"https://aroastinglab.com/products/burundi-afric-1000-gram-filtre-kahve";"2026-08-11"
"A Roasting Lab";"Doğrulandı";"Burundi Filtre Kahve 250g";"Burundi";"250";"424.15";"1696.6";"Stokta";"https://aroastinglab.com/products/burundi-afric-250-gram-filtre-kahve";"2026-08-11"
"A Roasting Lab";"Doğrulandı";"Burundi Filtre Kahve 50g";"Burundi";"50";"97.75";"1955";"Stokta";"https://aroastinglab.com/products/burundi-afric-50-gram-filtre-kahve";"2026-08-11"
"A Roasting Lab";"Doğrulandı";"Darkness Blend Kahve 1000g";"Kolombiya | Brezilya";"1000";"1526.94";"1526.94";"Stokta";"https://aroastinglab.com/products/darkness-blend-kahve-1000g";"2026-08-11"
"A Roasting Lab";"Doğrulandı";"Darkness Blend Kahve 250g";"Kolombiya | Brezilya";"250";"424.15";"1696.6";"Stokta";"https://aroastinglab.com/products/darkness-filter-blend-250-gram-filtre-kahve";"2026-08-11"
"A Roasting Lab";"Doğrulandı";"El Salvador Espresso 1000g";"El Salvador";"1000";"1526.94";"1526.94";"Stokta";"https://aroastinglab.com/products/el-salvador-espresso-shg-1000-gram";"2026-08-11"
"A Roasting Lab";"Doğrulandı";"El Salvador Espresso 250g";"El Salvador";"250";"424.15";"1696.6";"Stokta";"https://aroastinglab.com/products/el-salvador-espresso-shg-250-gram";"2026-08-11"
"A Roasting Lab";"Doğrulandı";"El Salvador Espresso 50g";"El Salvador";"50";"97.75";"1955";"Stokta";"https://aroastinglab.com/products/el-salvador-espresso-shg-50-gram";"2026-08-11"
"A Roasting Lab";"Doğrulandı";"El Salvador Filtre Kahve 1000g";"El Salvador";"1000";"1526.94";"1526.94";"Stokta";"https://aroastinglab.com/products/el-salvador-shg-1000-gram-filtre-kahve";"2026-08-11"
"A Roasting Lab";"Doğrulandı";"El Salvador Filtre Kahve 250g";"El Salvador";"250";"424.15";"1696.6";"Stokta";"https://aroastinglab.com/products/el-salvador-shg-250-gram-filtre-kahve";"2026-08-11"
"A Roasting Lab";"Doğrulandı";"El Salvador Filtre Kahve 50g";"El Salvador";"50";"97.75";"1955";"Stokta";"https://aroastinglab.com/products/el-salvador-shg-50-gram-filtre-kahve";"2026-08-11"
"A Roasting Lab";"Doğrulandı";"El Salvador Finca Gabriela Filtre Kahve 250g";"El Salvador";"250";"509.15";"2036.6";"Stokta";"https://aroastinglab.com/products/el-salvador-finca-gabriela-250-gram-filtre-kahve";"2026-08-11"
"A Roasting Lab";"Doğrulandı";"Endonezya Sumatra Filtre Kahve 1000g";"Endonezya";"1000";"1826.65";"1826.65";"Stokta";"https://aroastinglab.com/products/indonesia-sumatra-blue-mandheling-1000-gram-filtre-kahve";"2026-08-11"
"A Roasting Lab";"Doğrulandı";"Endonezya Sumatra Filtre Kahve 250g";"Endonezya";"250";"509.15";"2036.6";"Stokta";"https://aroastinglab.com/products/indonesia-sumatra-blue-mandheling-250-gram-filtre-kahve";"2026-08-11"
"A Roasting Lab";"Doğrulandı";"Endonezya Sumatra Filtre Kahve 50g";"Endonezya";"50";"109.65";"2193";"Stokta";"https://aroastinglab.com/products/indonesia-sumatra-blue-mandheling-50-gram-filtre-kahve";"2026-08-11"
"A Roasting Lab";"Doğrulandı";"Espresso Kahveler Deneme Paketi 4x50 g";"Kolombiya | Guatemala | El Salvador";"50";"399.2";"7984";"Stokta";"https://aroastinglab.com/products/espresso-kahveler-deneme-paketi-4x50-g";"2026-08-11"
"A Roasting Lab";"Doğrulandı";"Espresso Kahveler Tanışma Seti 4x1000 g";"Kolombiya | Guatemala | El Salvador";"1000";"5389.2";"5389.2";"Stokta";"https://aroastinglab.com/products/espresso-kahveler-tanisma-seti-4x1000-g";"2026-08-11"
"A Roasting Lab";"Doğrulandı";"Espresso Kahveler Tanışma Seti 4x250 g";"Kolombiya | Guatemala | El Salvador";"250";"1497";"5988";"Stokta";"https://aroastinglab.com/products/espresso-kahveler-tanisma-seti-4x250-g";"2026-08-11"
"A Roasting Lab";"Doğrulandı";"Ethiopia Guji Filtre Kahve 250g";"Etiyopya";"250";"509.15";"2036.6";"Stokta";"https://aroastinglab.com/products/ethiopia-guji-250-gram-filtre-kahve";"2026-08-11"
"A Roasting Lab";"Doğrulandı";"Etiyopya Filtre Kahve 1000g";"Etiyopya";"1000";"1526.94";"1526.94";"Stokta";"https://aroastinglab.com/products/ethiopia-sidamo-1000-gram-filtre-kahve";"2026-08-11"
"A Roasting Lab";"Doğrulandı";"Etiyopya Filtre Kahve 250g";"Etiyopya";"250";"424.15";"1696.6";"Stokta";"https://aroastinglab.com/products/ethiopia-sidamo-250-gram-filtre-kahve";"2026-08-11"
"A Roasting Lab";"Doğrulandı";"Etiyopya Filtre Kahve 50g";"Etiyopya";"50";"97.75";"1955";"Stokta";"https://aroastinglab.com/products/ethiopia-sidamo-50-gram-filtre-kahve";"2026-08-11"
"A Roasting Lab";"Doğrulandı";"Good Fellas Espresso 1000g";"Harman – menşe belirtilmemiş";"1000";"1526.94";"1526.94";"Stokta";"https://aroastinglab.com/products/good-fellas-espresso-blend-1000-gram";"2026-08-11"
"A Roasting Lab";"Doğrulandı";"Good Fellas Espresso 250g";"Harman – menşe belirtilmemiş";"250";"424.15";"1696.6";"Stokta";"https://aroastinglab.com/products/good-fellas-espresso-blend-250-gram";"2026-08-11"
"A Roasting Lab";"Doğrulandı";"Good Fellas Espresso 50g";"Harman – menşe belirtilmemiş";"50";"97.75";"1955";"Stokta";"https://aroastinglab.com/products/good-fellas-espresso-blend-50-gram";"2026-08-11"
"A Roasting Lab";"Doğrulandı";"Guatemala Espresso 1000g";"Guatemala";"1000";"1526.94";"1526.94";"Stokta";"https://aroastinglab.com/products/guatemala-espresso-huehuetenango-1000-gram";"2026-08-11"
"A Roasting Lab";"Doğrulandı";"Guatemala Espresso 250g";"Guatemala";"250";"424.15";"1696.6";"Stokta";"https://aroastinglab.com/products/guatemala-espresso-huehuetenango-250-gram";"2026-08-11"
"A Roasting Lab";"Doğrulandı";"Guatemala Espresso 50g";"Guatemala";"50";"97.75";"1955";"Stokta";"https://aroastinglab.com/products/guatemala-espresso-huehuetenango-50-gram";"2026-08-11"
"A Roasting Lab";"Doğrulandı";"Guatemala Filtre Kahve 1000g";"Guatemala";"1000";"1526.94";"1526.94";"Stokta";"https://aroastinglab.com/products/guatemala-huehuetenango-1000-gram-filtre-kahve";"2026-08-11"
"A Roasting Lab";"Doğrulandı";"Guatemala Filtre Kahve 250g";"Guatemala";"250";"424.15";"1696.6";"Stokta";"https://aroastinglab.com/products/guatemala-huehuetenango-250-gram-filtre-kahve";"2026-08-11"
"A Roasting Lab";"Doğrulandı";"Guatemala Filtre Kahve 50g";"Guatemala";"50";"97.75";"1955";"Stokta";"https://aroastinglab.com/products/guatemala-huehuetenango-50-gram-filtre-kahve";"2026-08-11"
"A Roasting Lab";"Doğrulandı";"Honduras Filtre Kahve 1000g";"Honduras";"1000";"1526.94";"1526.94";"Stokta";"https://aroastinglab.com/products/honduras-el-kalan-1000-gram-filtre-kahve";"2026-08-11"
"A Roasting Lab";"Doğrulandı";"Honduras Filtre Kahve 250g";"Honduras";"250";"424.15";"1696.6";"Stokta";"https://aroastinglab.com/products/honduras-el-kalan-250-gram-filtre-kahve";"2026-08-11"
"A Roasting Lab";"Doğrulandı";"Honduras Filtre Kahve 50g";"Honduras";"50";"97.75";"1955";"Stokta";"https://aroastinglab.com/products/honduras-el-kalan-50-gram-filtre-kahve";"2026-08-11"
"A Roasting Lab";"Doğrulandı";"House Blend Kahve 1000g";"Etiyopya | Guatemala";"1000";"1526.94";"1526.94";"Stokta";"https://aroastinglab.com/products/house-blend-1000-gram-coffee";"2026-08-11"
"A Roasting Lab";"Doğrulandı";"House Blend Kahve 250g";"Etiyopya | Guatemala";"250";"424.15";"1696.6";"Stokta";"https://aroastinglab.com/products/house-blend-250-gram-coffee";"2026-08-11"
"A Roasting Lab";"Doğrulandı";"House Blend Kahve 50g";"Etiyopya | Guatemala";"50";"97.75";"1955";"Stokta";"https://aroastinglab.com/products/house-blend-50-gram-coffee";"2026-08-11"
"A Roasting Lab";"Doğrulandı";"Intense Blend Kahve 1000g";"Etiyopya | Hindistan";"1000";"1526.94";"1526.94";"Stokta";"https://aroastinglab.com/products/intense-blend-1000-gram-coffee";"2026-08-11"
"A Roasting Lab";"Doğrulandı";"Intense Blend Kahve 250g";"Etiyopya | Hindistan";"250";"424.15";"1696.6";"Stokta";"https://aroastinglab.com/products/intense-blend-250-gram-coffee";"2026-08-11"
"A Roasting Lab";"Doğrulandı";"Intense Blend Kahve 50g";"Etiyopya | Hindistan";"50";"97.75";"1955";"Stokta";"https://aroastinglab.com/products/intense-blend-50-gram-coffee";"2026-08-11"
"A Roasting Lab";"Doğrulandı";"Kenya Filtre Kahve 1000g";"Kenya";"1000";"1526.94";"1526.94";"Stokta";"https://aroastinglab.com/products/kenya-nyeri-1000-gram-filtre-kahve";"2026-08-11"
"A Roasting Lab";"Doğrulandı";"Kenya Filtre Kahve 250g";"Kenya";"250";"424.15";"1696.6";"Stokta";"https://aroastinglab.com/products/kenya-nyeri-250-gram-filtre-kahve";"2026-08-11"
"A Roasting Lab";"Doğrulandı";"Kenya Filtre Kahve 50g";"Kenya";"50";"97.75";"1955";"Stokta";"https://aroastinglab.com/products/kenya-nyeri-50-gram-filtre-kahve";"2026-08-11"
"A Roasting Lab";"Doğrulandı";"Kolombiya Espresso 1000g";"Kolombiya";"1000";"1526.94";"1526.94";"Stokta";"https://aroastinglab.com/products/colombia-espresso-supremo-1000-gram";"2026-08-11"
"A Roasting Lab";"Doğrulandı";"Kolombiya Espresso 250g";"Kolombiya";"250";"424.15";"1696.6";"Stokta";"https://aroastinglab.com/products/colombia-espresso-supremo-250-gram";"2026-08-11"
"A Roasting Lab";"Doğrulandı";"Kolombiya Espresso 50g";"Kolombiya";"50";"97.75";"1955";"Stokta";"https://aroastinglab.com/products/colombia-espresso-supremo-50-gram";"2026-08-11"
"A Roasting Lab";"Doğrulandı";"Kolombiya Filtre Kahve 1000g";"Kolombiya";"1000";"1526.94";"1526.94";"Stokta";"https://aroastinglab.com/products/colombia-supremo-1000-gram-filtre-kahve";"2026-08-11"
"A Roasting Lab";"Doğrulandı";"Kolombiya Filtre Kahve 250g";"Kolombiya";"250";"424.15";"1696.6";"Stokta";"https://aroastinglab.com/products/colombia-supremo-250-gram-filtre-kahve";"2026-08-11"
"A Roasting Lab";"Doğrulandı";"Kolombiya Filtre Kahve 50g";"Kolombiya";"50";"97.75";"1955";"Stokta";"https://aroastinglab.com/products/colombia-supremo-50-gram-filtre-kahve";"2026-08-11"
"A Roasting Lab";"Doğrulandı";"Kosta Rika Filtre Kahve 1000g";"Kosta Rika";"1000";"1526.94";"1526.94";"Stokta";"https://aroastinglab.com/products/costa-rica-tarrazu-1000-gram-filtre-kahve";"2026-08-11"
"A Roasting Lab";"Doğrulandı";"Kosta Rika Filtre Kahve 250g";"Kosta Rika";"250";"424.15";"1696.6";"Stokta";"https://aroastinglab.com/products/costa-rica-tarrazu-250-gram-filtre-kahve";"2026-08-11"
"A Roasting Lab";"Doğrulandı";"Kosta Rika Filtre Kahve 50g";"Kosta Rika";"50";"97.75";"1955";"Stokta";"https://aroastinglab.com/products/costa-rica-tarrazu-50-gram-filtre-kahve";"2026-08-11"
"A Roasting Lab";"Doğrulandı";"Seçkin Kahveler Deneme Paketi 5x50 g";"Etiyopya | Kolombiya | Brezilya | Guatemala | El Salvador";"50";"479.2";"9584";"Stokta";"https://aroastinglab.com/products/seckin-kahveler-deneme-paketi";"2026-08-11"
"A Roasting Lab";"Doğrulandı";"Titan Blend Kahve 1000g";"Harman – menşe belirtilmemiş";"1000";"1526.94";"1526.94";"Stokta";"https://aroastinglab.com/products/titan-filter-blend-1000-gram-filtre-kahve";"2026-08-11"
"A Roasting Lab";"Doğrulandı";"Titan Blend Kahve 250g";"Harman – menşe belirtilmemiş";"250";"424.15";"1696.6";"Stokta";"https://aroastinglab.com/products/titan-filter-blend-250-gram-filtre-kahve";"2026-08-11"
"A Roasting Lab";"Doğrulandı";"Titan Blend Kahve 50g";"Harman – menşe belirtilmemiş";"50";"97.75";"1955";"Stokta";"https://aroastinglab.com/products/titan-filter-blend-50-gram-filtre-kahve";"2026-08-11"
"A Roasting Lab";"Doğrulandı";"Türk Kahvesi 1000g";"Harman – menşe belirtilmemiş";"1000";"924.8";"924.8";"Stokta";"https://aroastinglab.com/products/turkish-coffee-blend-1000-gram-turk-kahvesi";"2026-08-11"
"A Roasting Lab";"Doğrulandı";"Türk Kahvesi 100g";"Harman – menşe belirtilmemiş";"100";"122.4";"1224";"Stokta";"https://aroastinglab.com/products/turkish-coffee-blend-100-gram-turk-kahvesi";"2026-08-11"
"A Roasting Lab";"Doğrulandı";"Türk Kahvesi 250g";"Harman – menşe belirtilmemiş";"250";"283.05";"1132.2";"Stokta";"https://aroastinglab.com/products/turkish-coffee-blend-250-gram-turk-kahvesi";"2026-08-11"
"A Roasting Lab";"Doğrulandı";"Zamansız Kahveler Deneme Paketi 5x50 g";"Etiyopya | Guatemala | Honduras | El Salvador | Hindistan";"50";"479.2";"9584";"Stokta";"https://aroastinglab.com/products/zamansiz-kahveler-deneme-paketi-1";"2026-08-11"
"A4 Kahve";"Kısmi doğrulama";"Ürün kataloğu — ayrıntılı ürün verisine erişilemedi";"Erişilemedi";"Erişilemedi";"Erişilemedi";"Erişilemedi";"Erişilemedi";"Erişilemedi";"2026-08-11"
"Abdullah Efendi Kahvesi";"Kısmi doğrulama";"Ürün kataloğu — ayrıntılı ürün verisine erişilemedi";"Erişilemedi";"Erişilemedi";"Erişilemedi";"Erişilemedi";"Erişilemedi";"Erişilemedi";"2026-08-11"
"Akademi Kahve";"Doğrulandı";"Ürün kataloğu — ayrıntılı ürün verisine erişilemedi";"Erişilemedi";"Erişilemedi";"Erişilemedi";"Erişilemedi";"Erişilemedi";"https://academyroastery.com/tr";"2026-08-11"
"Arabica Coffee House";"Doğrulandı";"Ürün kataloğu — ayrıntılı ürün verisine erişilemedi";"Erişilemedi";"Erişilemedi";"Erişilemedi";"Erişilemedi";"Erişilemedi";"https://arabicacoffee.com.tr/";"2026-08-11"
"Artukbey Kahve";"Doğrulandı";"7'si 1 Arada Dibek Kahve 24 gr*10 Adet (ARTDİGSTOK0021)";"Menşe belirtilmemiş";"24";"Erişilemedi";"Erişilemedi";"Belirsiz";"https://www.artukbey.com/7si-1-arada-dibek-kahve-24-gr10-adet-34143";"2026-08-11"
"Artukbey Kahve";"Doğrulandı";"Artukbey 7 si 1 Arada Dibek Kahve 300gr";"Menşe belirtilmemiş";"300";"329";"1096.67";"Stokta";"https://www.artukbey.com/artukbey-7-si-1-arada-dibek-kahve-300-gr";"2026-08-11"
"Artukbey Kahve";"Doğrulandı";"Artukbey 7 si 1 Arada Dibek Kahve 300gr (ART00102040001)";"Menşe belirtilmemiş";"300";"Erişilemedi";"Erişilemedi";"Belirsiz";"https://www.artukbey.com/artukbey-7-si-1-arada-dibek-kahve-300-gr";"2026-08-11"
"Artukbey Kahve";"Doğrulandı";"Artukbey 7 si Bir Arada Dibek Kahvesi Kese 100 gr (ART00102020002)";"Menşe belirtilmemiş";"100";"Erişilemedi";"Erişilemedi";"Belirsiz";"https://www.artukbey.com/artukbey-7-si-bir-arada-dibek-kahvesi-kese-100-gr";"2026-08-11"
"Artukbey Kahve";"Doğrulandı";"Artukbey Antep Fıstıklı Dibek Kahvesi 300gr";"Menşe belirtilmemiş";"300";"329";"1096.67";"Stokta";"https://www.artukbey.com/artukbey-antep-fistikli-dibek-kahvesi-300-gr";"2026-08-11"
"Artukbey Kahve";"Doğrulandı";"Artukbey Antep Fıstıklı Dibek Kahvesi 300gr (ART00102040003)";"Menşe belirtilmemiş";"300";"Erişilemedi";"Erişilemedi";"Belirsiz";"https://www.artukbey.com/artukbey-antep-fistikli-dibek-kahvesi-300-gr";"2026-08-11"
"Artukbey Kahve";"Doğrulandı";"Artukbey Damla Sakızlı Dibek Kahvesi 250gr (ART00102025007)";"Menşe belirtilmemiş";"250";"Erişilemedi";"Erişilemedi";"Belirsiz";"https://www.artukbey.com/artukbey-damla-sakizli-dibek-kahvesi-250gr-1337";"2026-08-11"
"Artukbey Kahve";"Doğrulandı";"Artukbey Damla Sakızlı Türk Kahvesi 100 gr (ART00102010008)";"Menşe belirtilmemiş";"100";"Erişilemedi";"Erişilemedi";"Belirsiz";"https://www.artukbey.com/artukbey-damla-sakizli-turk-kahvesi-100-gr-";"2026-08-11"
"Artukbey Kahve";"Doğrulandı";"Artukbey Damla Sakızlı Türk Kahvesi 300gr";"Menşe belirtilmemiş";"300";"329";"1096.67";"Stokta";"https://www.artukbey.com/artukbey-damla-sakizli-turk-kahvesi-300gr";"2026-08-11"
"Artukbey Kahve";"Doğrulandı";"Artukbey Damla Sakızlı Türk Kahvesi 300gr (ART00102040010)";"Menşe belirtilmemiş";"300";"Erişilemedi";"Erişilemedi";"Belirsiz";"https://www.artukbey.com/artukbey-damla-sakizli-turk-kahvesi-300gr";"2026-08-11"
"Artukbey Kahve";"Doğrulandı";"Artukbey Damla Sakızlı Türk Kahvesi Kese 100 gr (ART00102020006)";"Menşe belirtilmemiş";"100";"Erişilemedi";"Erişilemedi";"Belirsiz";"https://www.artukbey.com/artukbey-damla-sakizli-turk-kahvesi-kese-100-gr";"2026-08-11"
"Artukbey Kahve";"Doğrulandı";"Artukbey Dibek 7 Kahve 3 Bitki Special 400gr";"Menşe belirtilmemiş";"400";"399";"997.5";"Stokta";"https://www.artukbey.com/artukbey-dibek-7-kahve-3-bitki-special-400gr-1263";"2026-08-11"
"Artukbey Kahve";"Doğrulandı";"Artukbey Dibek 7 Kahve 3 Bitki Special 400gr (ART00102040012)";"Menşe belirtilmemiş";"400";"Erişilemedi";"Erişilemedi";"Belirsiz";"https://www.artukbey.com/artukbey-dibek-7-kahve-3-bitki-special-400gr-1263";"2026-08-11"
"Artukbey Kahve";"Doğrulandı";"Artukbey Dibek 7 Kahve 3 Bitki Special 800gr";"Menşe belirtilmemiş";"800";"749";"936.25";"Stokta";"https://www.artukbey.com/artukbey-dibek-7-kahve-3-bitki-special-800gr-1246";"2026-08-11"
"Artukbey Kahve";"Doğrulandı";"Artukbey Dibek 7 Kahve 3 Bitki Special 800gr (ART00102080013)";"Menşe belirtilmemiş";"800";"Erişilemedi";"Erişilemedi";"Belirsiz";"https://www.artukbey.com/artukbey-dibek-7-kahve-3-bitki-special-800gr-1246";"2026-08-11"
"Artukbey Kahve";"Doğrulandı";"Artukbey Fındıklı Dibek Kahvesi 300gr";"Menşe belirtilmemiş";"300";"329";"1096.67";"Stokta";"https://www.artukbey.com/artukbey-findikli-dibek-kahvesi-300gr";"2026-08-11"
"Artukbey Kahve";"Doğrulandı";"Artukbey Fındıklı Dibek Kahvesi 300gr (ART00102040014)";"Menşe belirtilmemiş";"300";"Erişilemedi";"Erişilemedi";"Belirsiz";"https://www.artukbey.com/artukbey-findikli-dibek-kahvesi-300gr";"2026-08-11"
"Artukbey Kahve";"Doğrulandı";"Artukbey Filtre Kahve 1 kg (ARTDİGSTOK0008)";"Menşe belirtilmemiş";"1000";"Erişilemedi";"Erişilemedi";"Belirsiz";"https://www.artukbey.com/artukbey-filtre-kahve-1-kg-1359";"2026-08-11"
"Artukbey Kahve";"Doğrulandı";"Artukbey Hazır Kahve Classic 1 Kg (ART00104100011)";"Menşe belirtilmemiş";"1000";"Erişilemedi";"Erişilemedi";"Belirsiz";"https://www.artukbey.com/artukbey-hazir-kahve-classic-1-kg-1330";"2026-08-11"
"Artukbey Kahve";"Doğrulandı";"Artukbey Hazır Kahve Classic 250 Gr (ART00104025009)";"Menşe belirtilmemiş";"250";"Erişilemedi";"Erişilemedi";"Belirsiz";"https://www.artukbey.com/artukbey-hazir-kahve-classic-250-gr-1332";"2026-08-11"
"Artukbey Kahve";"Doğrulandı";"Artukbey Hazır Kahve Classic 500 Gr (ART00104040010)";"Menşe belirtilmemiş";"500";"Erişilemedi";"Erişilemedi";"Belirsiz";"https://www.artukbey.com/artukbey-hazir-kahve-classic-500-gr-1331";"2026-08-11"
"Artukbey Kahve";"Doğrulandı";"Artukbey Hazır Kahve Gold 1 Kg";"Menşe belirtilmemiş";"1000";"1099";"1099";"Stokta";"https://www.artukbey.com/artukbey-hazir-kahve-gold-1-kg-net845-gr";"2026-08-11"
"Artukbey Kahve";"Doğrulandı";"Artukbey Hazır Kahve Gold 1 Kg (ART00104100014)";"Menşe belirtilmemiş";"1000";"Erişilemedi";"Erişilemedi";"Belirsiz";"https://www.artukbey.com/artukbey-hazir-kahve-gold-1-kg-net845-gr";"2026-08-11"
"Artukbey Kahve";"Doğrulandı";"Artukbey Hazır Kahve Gold 250 Gr";"Menşe belirtilmemiş";"250";"299";"1196";"Stokta";"https://www.artukbey.com/artukbey-hazir-kahve-gold-250-gr-1223";"2026-08-11"
"Artukbey Kahve";"Doğrulandı";"Artukbey Hazır Kahve Gold 250 Gr (ART00104025012)";"Menşe belirtilmemiş";"250";"Erişilemedi";"Erişilemedi";"Belirsiz";"https://www.artukbey.com/artukbey-hazir-kahve-gold-250-gr-1223";"2026-08-11"
"Artukbey Kahve";"Doğrulandı";"Artukbey Hazır Kahve Gold 500 Gr";"Menşe belirtilmemiş";"500";"549";"1098";"Stokta";"https://www.artukbey.com/artukbey-hazir-kahve-gold-500-gr-net405-gr";"2026-08-11"
"Artukbey Kahve";"Doğrulandı";"Artukbey Hazır Kahve Gold 500 Gr (ART00104040013)";"Menşe belirtilmemiş";"500";"Erişilemedi";"Erişilemedi";"Belirsiz";"https://www.artukbey.com/artukbey-hazir-kahve-gold-500-gr-net405-gr";"2026-08-11"
"Artukbey Kahve";"Doğrulandı";"Artukbey Kakuleli Dibek Kahve Kese 100 gr";"Menşe belirtilmemiş";"100";"149";"1490";"Stokta";"https://www.artukbey.com/artukbey-kakuleli-dibek-kahve-kese-100-gr";"2026-08-11"
"Artukbey Kahve";"Doğrulandı";"Artukbey Kakuleli Dibek Kahve Kese 100 gr (ART00102020015)";"Menşe belirtilmemiş";"100";"Erişilemedi";"Erişilemedi";"Belirsiz";"https://www.artukbey.com/artukbey-kakuleli-dibek-kahve-kese-100-gr";"2026-08-11"
"Artukbey Kahve";"Doğrulandı";"Artukbey Kakuleli Dibek Kahvesi 300gr";"Menşe belirtilmemiş";"300";"329";"1096.67";"Stokta";"https://www.artukbey.com/artukbey-kakuleli-dibek-kahvesi-300gr1";"2026-08-11"
"Artukbey Kahve";"Doğrulandı";"Artukbey Kakuleli Dibek Kahvesi 300gr (ART00102040017)";"Menşe belirtilmemiş";"300";"Erişilemedi";"Erişilemedi";"Belirsiz";"https://www.artukbey.com/artukbey-kakuleli-dibek-kahvesi-300gr1";"2026-08-11"
"Artukbey Kahve";"Doğrulandı";"Artukbey Menengiç Kahvesi 200gr (ART00102020021)";"Menşe belirtilmemiş";"200";"Erişilemedi";"Erişilemedi";"Belirsiz";"https://www.artukbey.com/artukbey-menengic-kahvesi-200gr-1338";"2026-08-11"
"Artukbey Kahve";"Doğrulandı";"Artukbey Menengiç Kahvesi 300gr";"Menşe belirtilmemiş";"300";"329";"1096.67";"Stokta";"https://www.artukbey.com/artukbey-menengic-kahvesi-300gr";"2026-08-11"
"Artukbey Kahve";"Doğrulandı";"Artukbey Menengiç Kahvesi 300gr (ART00102040022)";"Menşe belirtilmemiş";"300";"Erişilemedi";"Erişilemedi";"Belirsiz";"https://www.artukbey.com/artukbey-menengic-kahvesi-300gr";"2026-08-11"
"Artukbey Kahve";"Doğrulandı";"Artukbey Menengiç Kahvesi Kese 100 gr (ART00102020039)";"Menşe belirtilmemiş";"100";"Erişilemedi";"Erişilemedi";"Belirsiz";"https://www.artukbey.com/artukbey-menengic-kahvesi-kese-100gr";"2026-08-11"
"Artukbey Kahve";"Doğrulandı";"Artukbey Sade Dibek Türk Kahvesi 300gr";"Menşe belirtilmemiş";"300";"329";"1096.67";"Stokta";"https://www.artukbey.com/artukbey-sade-dibek-turk-kahvesi-300-gr";"2026-08-11"
"Artukbey Kahve";"Doğrulandı";"Artukbey Sade Dibek Türk Kahvesi 300gr (ART00102040027)";"Menşe belirtilmemiş";"300";"Erişilemedi";"Erişilemedi";"Belirsiz";"https://www.artukbey.com/artukbey-sade-dibek-turk-kahvesi-300-gr";"2026-08-11"
"Artukbey Kahve";"Doğrulandı";"Artukbey Sade Dibek Türk Kahvesi Kese 100 gr (ART00102020025)";"Menşe belirtilmemiş";"100";"Erişilemedi";"Erişilemedi";"Belirsiz";"https://www.artukbey.com/sade-dibek-turk-kahvesi-kese-100-gr";"2026-08-11"
"Artukbey Kahve";"Doğrulandı";"Artukbey Special Damla Sakızlı Dibek Kahvesi 250gr (ART00102025029)";"Menşe belirtilmemiş";"250";"Erişilemedi";"Erişilemedi";"Belirsiz";"https://www.artukbey.com/artukbey-special-damla-sakizli-dibek-kahvesi-250gr-1273";"2026-08-11"
"Artukbey Kahve";"Doğrulandı";"Artukbey Special Dibek Kahvesi 250gr (ART00102025030)";"Menşe belirtilmemiş";"250";"Erişilemedi";"Erişilemedi";"Belirsiz";"https://www.artukbey.com/artukbey-special-dibek-kahvesi-250gr-1272";"2026-08-11"
"Artukbey Kahve";"Doğrulandı";"Artukbey Süryani Dibek Kahvesi Kese 100 gr (ART00102020031)";"Menşe belirtilmemiş";"100";"Erişilemedi";"Erişilemedi";"Belirsiz";"https://www.artukbey.com/artukbey-suryani-dibek-kahvesi-kese-100gr";"2026-08-11"
"Artukbey Kahve";"Doğrulandı";"Artukbey Türk Kahvesi 100gr";"Menşe belirtilmemiş";"100";"109";"1090";"Stokta";"https://www.artukbey.com/artukbey-turk-kahvesi-100gr-1216";"2026-08-11"
"Artukbey Kahve";"Doğrulandı";"Artukbey Türk Kahvesi 100gr (ART00105010001)";"Menşe belirtilmemiş";"100";"Erişilemedi";"Erişilemedi";"Belirsiz";"https://www.artukbey.com/artukbey-turk-kahvesi-100gr-1216";"2026-08-11"
"Artukbey Kahve";"Doğrulandı";"Bitter Çikolatalı Dibek Kahvesi 300 gr";"Menşe belirtilmemiş";"300";"329";"1096.67";"Stokta";"https://www.artukbey.com/bitter-cikolatali-dibek-kahvesi-300-gr";"2026-08-11"
"Artukbey Kahve";"Doğrulandı";"Bitter Çikolatalı Dibek Kahvesi 300 gr (ART00102040034)";"Menşe belirtilmemiş";"300";"Erişilemedi";"Erişilemedi";"Belirsiz";"https://www.artukbey.com/bitter-cikolatali-dibek-kahvesi-300-gr";"2026-08-11"
"Artukbey Kahve";"Doğrulandı";"Blend (Filtre Kahve ) 250 Gr";"Harman – menşe belirtilmemiş";"250";"469";"1876";"Stokta";"https://www.artukbey.com/blend-filtre-kahve-cekirdegi-250-gr";"2026-08-11"
"Artukbey Kahve";"Doğrulandı";"Blend (Filtre Kahve ) 250 Gr (ART00103025001)";"Harman – menşe belirtilmemiş";"250";"Erişilemedi";"Erişilemedi";"Belirsiz";"https://www.artukbey.com/blend-filtre-kahve-cekirdegi-250-gr";"2026-08-11"
"Artukbey Kahve";"Doğrulandı";"Classic (Filtre Kahve) 250 Gr";"Menşe belirtilmemiş";"250";"369";"1476";"Stokta";"https://www.artukbey.com/classic-filtre-kahve-cekirdegi-250-gr";"2026-08-11"
"Artukbey Kahve";"Doğrulandı";"Classic (Filtre Kahve) 250 Gr (ART00103025002)";"Menşe belirtilmemiş";"250";"Erişilemedi";"Erişilemedi";"Belirsiz";"https://www.artukbey.com/classic-filtre-kahve-cekirdegi-250-gr";"2026-08-11"
"Artukbey Kahve";"Doğrulandı";"Costa Rica (Filtre Kahve) 250 Gr";"Kosta Rika";"250";"469";"1876";"Stokta";"https://www.artukbey.com/costa-ricafiltre-kahve-cekirdegi-250-gr";"2026-08-11"
"Artukbey Kahve";"Doğrulandı";"Costa Rica (Filtre Kahve) 250 Gr (ART00103025006)";"Kosta Rika";"250";"Erişilemedi";"Erişilemedi";"Belirsiz";"https://www.artukbey.com/costa-ricafiltre-kahve-cekirdegi-250-gr";"2026-08-11"
"Artukbey Kahve";"Doğrulandı";"Damla Sakızlı Türk Kahvesi 1 Kg (ART00102040040)";"Menşe belirtilmemiş";"1000";"Erişilemedi";"Erişilemedi";"Belirsiz";"https://www.artukbey.com/damla-sakizli-turk-kahvesi-1-kg-1334";"2026-08-11"
"Artukbey Kahve";"Doğrulandı";"Damlasakızlı Türk Kahvesi Teneke Kutu 250 gr (ART00102025044)";"Menşe belirtilmemiş";"250";"Erişilemedi";"Erişilemedi";"Belirsiz";"https://www.artukbey.com/damlasakizli-turk-kahvesi-teneke-kutu-250-gr-1340";"2026-08-11"
"Artukbey Kahve";"Doğrulandı";"Espresso Kahve Çekirdeği 1 Kg";"Menşe belirtilmemiş";"1000";"999";"999";"Stokta";"https://www.artukbey.com/espresso-kahve-cekirdegi-1-kg-1217";"2026-08-11"
"Artukbey Kahve";"Doğrulandı";"Espresso Kahve Çekirdeği 1 Kg (ART00104100015)";"Menşe belirtilmemiş";"1000";"Erişilemedi";"Erişilemedi";"Belirsiz";"https://www.artukbey.com/espresso-kahve-cekirdegi-1-kg-1217";"2026-08-11"
"Artukbey Kahve";"Doğrulandı";"Ethiopia (Filtre Kahve Çekirdeği) 250 Gr";"Etiyopya";"250";"469";"1876";"Stokta";"https://www.artukbey.com/ethiopia-filtre-kahve-cekirdegi-250-gr-1241";"2026-08-11"
"Artukbey Kahve";"Doğrulandı";"Ethiopia (Filtre Kahve Çekirdeği) 250 Gr (ART00103025007)";"Etiyopya";"250";"Erişilemedi";"Erişilemedi";"Belirsiz";"https://www.artukbey.com/ethiopia-filtre-kahve-cekirdegi-250-gr-1241";"2026-08-11"
"Artukbey Kahve";"Doğrulandı";"Gold Kahve (40 adet*2 gr) (ART00104000024)";"Menşe belirtilmemiş";"Erişilemedi";"Erişilemedi";"Erişilemedi";"Belirsiz";"https://www.artukbey.com/gold-kahve-40-adet2-gr1";"2026-08-11"
"Artukbey Kahve";"Doğrulandı";"Kahve Kreması (Süt tozu) 1 Kg";"Menşe belirtilmemiş";"1000";"269";"269";"Stokta";"https://www.artukbey.com/kahve-kremasi-sut-tozu-1-kg-net845-gr";"2026-08-11"
"Artukbey Kahve";"Doğrulandı";"Kahve Kreması (Süt tozu) 1 Kg (ART01403100001)";"Menşe belirtilmemiş";"1000";"Erişilemedi";"Erişilemedi";"Belirsiz";"https://www.artukbey.com/kahve-kremasi-sut-tozu-1-kg-net845-gr";"2026-08-11"
"Artukbey Kahve";"Doğrulandı";"Kahve Kreması (Süt tozu) 250 Gr";"Menşe belirtilmemiş";"250";"119";"476";"Stokta";"https://www.artukbey.com/kahve-kremasi-sut-tozu-250-gr-934";"2026-08-11"
"Artukbey Kahve";"Doğrulandı";"Kahve Kreması (Süt tozu) 250 Gr (ART01403025002)";"Menşe belirtilmemiş";"250";"Erişilemedi";"Erişilemedi";"Belirsiz";"https://www.artukbey.com/kahve-kremasi-sut-tozu-250-gr-934";"2026-08-11"
"Artukbey Kahve";"Doğrulandı";"Kahve Kreması (Süt tozu) 500 Gr";"Menşe belirtilmemiş";"500";"169";"338";"Stokta";"https://www.artukbey.com/kahve-kremasi-sut-tozu-500-gr-net405-gr";"2026-08-11"
"Artukbey Kahve";"Doğrulandı";"Kahve Kreması (Süt tozu) 500 Gr (ART01403050003)";"Menşe belirtilmemiş";"500";"Erişilemedi";"Erişilemedi";"Belirsiz";"https://www.artukbey.com/kahve-kremasi-sut-tozu-500-gr-net405-gr";"2026-08-11"
"Artukbey Kahve";"Doğrulandı";"Kahveli Sarma Lokum 1 kg";"Menşe belirtilmemiş";"1000";"499";"499";"Stokta";"https://www.artukbey.com/kahveli-sarma-lokum-1-kg-net-845-gr";"2026-08-11"
"Artukbey Kahve";"Doğrulandı";"Kahveli Sarma Lokum 1 kg (ART00505100006)";"Menşe belirtilmemiş";"1000";"Erişilemedi";"Erişilemedi";"Belirsiz";"https://www.artukbey.com/kahveli-sarma-lokum-1-kg-net-845-gr";"2026-08-11"
"Artukbey Kahve";"Doğrulandı";"Kahveli Sarma Lokum 250 Gr";"Menşe belirtilmemiş";"250";"169";"676";"Stokta";"https://www.artukbey.com/kahveli-sarma-lokum-250-gr-1076";"2026-08-11"
"Artukbey Kahve";"Doğrulandı";"Kahveli Sarma Lokum 250 Gr (ART00505025004)";"Menşe belirtilmemiş";"250";"Erişilemedi";"Erişilemedi";"Belirsiz";"https://www.artukbey.com/kahveli-sarma-lokum-250-gr-1076";"2026-08-11"
"Artukbey Kahve";"Doğrulandı";"Kahveli Sarma Lokum 500 Gr";"Menşe belirtilmemiş";"500";"299";"598";"Stokta";"https://www.artukbey.com/kahveli-sarma-lokum-500-gr-net405-gr";"2026-08-11"
"Artukbey Kahve";"Doğrulandı";"Kahveli Sarma Lokum 500 Gr (ART00505050005)";"Menşe belirtilmemiş";"500";"Erişilemedi";"Erişilemedi";"Belirsiz";"https://www.artukbey.com/kahveli-sarma-lokum-500-gr-net405-gr";"2026-08-11"
"Artukbey Kahve";"Doğrulandı";"Kenya (Filtre Kahve Çekirdeği) 250 Gr";"Kenya";"250";"469";"1876";"Stokta";"https://www.artukbey.com/kenya-filtre-kahve-cekirdegi-250-gr-1222";"2026-08-11"
"Artukbey Kahve";"Doğrulandı";"Kenya (Filtre Kahve Çekirdeği) 250 Gr (ART00104025017)";"Kenya";"250";"Erişilemedi";"Erişilemedi";"Belirsiz";"https://www.artukbey.com/kenya-filtre-kahve-cekirdegi-250-gr-1222";"2026-08-11"
"Artukbey Kahve";"Doğrulandı";"Menengiç Kahve 100gr (ART00102020022)";"Menşe belirtilmemiş";"100";"Erişilemedi";"Erişilemedi";"Belirsiz";"https://www.artukbey.com/menengic-kahve-100gr-34128";"2026-08-11"
"Artukbey Kahve";"Doğrulandı";"Sade Türk Kahvesi (Hazır Set) (ART00104000019)";"Menşe belirtilmemiş";"Erişilemedi";"Erişilemedi";"Erişilemedi";"Belirsiz";"https://www.artukbey.com/sade-turk-kahvesi-10lu-7-gr-hazir-set";"2026-08-11"
"Artukbey Kahve";"Doğrulandı";"Special Damla Sakızlı Dibek Kahvesi 300gr";"Menşe belirtilmemiş";"300";"329";"1096.67";"Stokta";"https://www.artukbey.com/special-damla-sakizli-dibek-kahvesi-300gr";"2026-08-11"
"Artukbey Kahve";"Doğrulandı";"Special Damla Sakızlı Dibek Kahvesi 300gr (ART00102040037)";"Menşe belirtilmemiş";"300";"Erişilemedi";"Erişilemedi";"Belirsiz";"https://www.artukbey.com/special-damla-sakizli-dibek-kahvesi-300gr";"2026-08-11"
"Artukbey Kahve";"Doğrulandı";"Special Damlasakızlı Dibek Kahvesi Teneke Kutu 250 gr (ART00102025042)";"Menşe belirtilmemiş";"250";"Erişilemedi";"Erişilemedi";"Belirsiz";"https://www.artukbey.com/special-damlasakizli-dibek-kahvesi-teneke-kutu-250-gr-1311";"2026-08-11"
"Artukbey Kahve";"Doğrulandı";"Special Dibek Kahvesi Kese 100gr (ART00102020040)";"Menşe belirtilmemiş";"100";"Erişilemedi";"Erişilemedi";"Belirsiz";"https://www.artukbey.com/special-dibek-kahvesi-kese-100gr1";"2026-08-11"
"Artukbey Kahve";"Doğrulandı";"Special Kahve 100 gr (ART00102020027)";"Menşe belirtilmemiş";"100";"Erişilemedi";"Erişilemedi";"Belirsiz";"https://www.artukbey.com/special-dibek-kahve-100-gr";"2026-08-11"
"Artukbey Kahve";"Doğrulandı";"Special Menengiç Dibek Kahvesi 250 gr";"Menşe belirtilmemiş";"250";"269";"1076";"Stokta";"https://www.artukbey.com/special-menengic-dibek-kahvesi-250gr-1269";"2026-08-11"
"Artukbey Kahve";"Doğrulandı";"Special Menengiç Dibek Kahvesi 250 gr (ART00102025040)";"Menşe belirtilmemiş";"250";"Erişilemedi";"Erişilemedi";"Belirsiz";"https://www.artukbey.com/special-menengic-dibek-kahvesi-250gr-1269";"2026-08-11"
"Artukbey Kahve";"Doğrulandı";"Süryani Dibek Kahve 300 gr";"Menşe belirtilmemiş";"300";"329";"1096.67";"Stokta";"https://www.artukbey.com/artukbey-suryani-dibek-kahvesi-300-gr";"2026-08-11"
"Artukbey Kahve";"Doğrulandı";"Süryani Dibek Kahve 300 gr (ART00102040033)";"Menşe belirtilmemiş";"300";"Erişilemedi";"Erişilemedi";"Belirsiz";"https://www.artukbey.com/artukbey-suryani-dibek-kahvesi-300-gr";"2026-08-11"
"Artukbey Kahve";"Doğrulandı";"Sütlü Türk Kahvesi (Hazır Set) (ART00104000023)";"Menşe belirtilmemiş";"Erişilemedi";"Erişilemedi";"Erişilemedi";"Belirsiz";"https://www.artukbey.com/sutlu-turk-kahvesi-hazir-set-1333";"2026-08-11"
"Artukbey Kahve";"Doğrulandı";"Türk Kahvesi (Açık) 1 Kg";"Menşe belirtilmemiş";"1000";"849";"849";"Stokta";"https://www.artukbey.com/turk-kahvesi-acik-1-kg-net845-gr";"2026-08-11"
"Artukbey Kahve";"Doğrulandı";"Türk Kahvesi (Açık) 1 Kg (ART00105100003)";"Menşe belirtilmemiş";"1000";"Erişilemedi";"Erişilemedi";"Belirsiz";"https://www.artukbey.com/turk-kahvesi-acik-1-kg-net845-gr";"2026-08-11"
"Artukbey Kahve";"Doğrulandı";"Türk Kahvesi (Açık) 250 Gr";"Menşe belirtilmemiş";"250";"229";"916";"Stokta";"https://www.artukbey.com/turk-kahvesi-acik-250-gr-1215";"2026-08-11"
"Artukbey Kahve";"Doğrulandı";"Türk Kahvesi (Açık) 250 Gr (ART00105025002)";"Menşe belirtilmemiş";"250";"Erişilemedi";"Erişilemedi";"Belirsiz";"https://www.artukbey.com/turk-kahvesi-acik-250-gr-1215";"2026-08-11"
"Artukbey Kahve";"Doğrulandı";"Türk Kahvesi (Açık) 500 Gr";"Menşe belirtilmemiş";"500";"449";"898";"Stokta";"https://www.artukbey.com/turk-kahvesi-acik-500-gr-net405-gr";"2026-08-11"
"Artukbey Kahve";"Doğrulandı";"Türk Kahvesi (Açık) 500 Gr (ART00105050004)";"Menşe belirtilmemiş";"500";"Erişilemedi";"Erişilemedi";"Belirsiz";"https://www.artukbey.com/turk-kahvesi-acik-500-gr-net405-gr";"2026-08-11"
"Backfield Roasting Co.";"Kısmi doğrulama";"Ürün kataloğu — ayrıntılı ürün verisine erişilemedi";"Erişilemedi";"Erişilemedi";"Erişilemedi";"Erişilemedi";"Erişilemedi";"Erişilemedi";"2026-08-11"
"Baristas Roastery";"Doğrulandı";"Ürün kataloğu — ayrıntılı ürün verisine erişilemedi";"Erişilemedi";"Erişilemedi";"Erişilemedi";"Erişilemedi";"Erişilemedi";"https://www.baristasroastery.com/";"2026-08-11"
"Baristocrat";"Doğrulandı";"Aristocrat Espresso Blend";"Harman – menşe belirtilmemiş";"Erişilemedi";"500";"Erişilemedi";"Stokta";"https://www.baristocrat.com/urun/aristocrat-espresso-blend/";"2026-08-11"
"Baristocrat";"Doğrulandı";"Baristocrat Sample Box";"Menşe belirtilmemiş";"Erişilemedi";"1000";"Erişilemedi";"Stokta";"https://www.baristocrat.com/urun/baristocrat-sample-box/";"2026-08-11"
"Barney’s Coffee House";"Kısmi doğrulama";"Ürün kataloğu — ayrıntılı ürün verisine erişilemedi";"Erişilemedi";"Erişilemedi";"Erişilemedi";"Erişilemedi";"Erişilemedi";"Erişilemedi";"2026-08-11"
"Ben Coffee Co.";"Doğrulandı";"Ben The Brew Kit | Kahve Demleme Seti";"Kenya";"250";"2000";"8000";"Stokta";"https://www.bencoffee.co/products/ben-the-brew-kit";"2026-08-11"
"Ben Coffee Co.";"Doğrulandı";"Costa Rica | El Carizal Nitelikli Kahve";"Kenya | Kosta Rika";"250";"1200";"4800";"Stokta";"https://www.bencoffee.co/products/el-carizal-coffee";"2026-08-11"
"Ben Coffee Co.";"Doğrulandı";"Etiyopya Decaf Kahve";"Etiyopya";"250";"470";"1880";"Stokta";"https://www.bencoffee.co/products/decaf";"2026-08-11"
"Ben Coffee Co.";"Doğrulandı";"Etiyopya Decaf Kahve";"Etiyopya";"1000";"1600";"1600";"Stokta";"https://www.bencoffee.co/products/decaf";"2026-08-11"
"Ben Coffee Co.";"Doğrulandı";"Etiyopya Killenso | Filtre Kahve";"Etiyopya";"250";"765";"3060";"Stokta";"https://www.bencoffee.co/products/etiyopya-killenso-filtre-kahve";"2026-08-11"
"Ben Coffee Co.";"Doğrulandı";"Faysel Abdosh | Etiyopya Filtre Kahve";"Etiyopya";"250";"685";"2740";"Stokta";"https://www.bencoffee.co/products/ethiopia-faysel-abdosh";"2026-08-11"
"Ben Coffee Co.";"Doğrulandı";"Kenya Wanrich | Nitelikli Kahve";"Kenya";"250";"980";"3920";"Stokta";"https://www.bencoffee.co/products/kenya-wanrich-nitelikli-kahve";"2026-08-11"
"Ben Coffee Co.";"Doğrulandı";"Los Indios | Colombia Kahvesi";"Kolombiya";"250";"465";"1860";"Stokta";"https://www.bencoffee.co/products/los-indios-kahve";"2026-08-11"
"Ben Coffee Co.";"Doğrulandı";"Los Indios | Colombia Kahvesi";"Kolombiya";"250";"425";"1700";"Stokta";"https://www.bencoffee.co/products/los-indios-kahve";"2026-08-11"
"Ben Coffee Co.";"Doğrulandı";"Los Indios | Colombia Kahvesi";"Kolombiya";"1000";"1865";"1865";"Stokta";"https://www.bencoffee.co/products/los-indios-kahve";"2026-08-11"
"Ben Coffee Co.";"Doğrulandı";"Los Indios | Colombia Kahvesi";"Kolombiya";"1000";"1500";"1500";"Stokta";"https://www.bencoffee.co/products/los-indios-kahve";"2026-08-11"
"Ben Coffee Co.";"Doğrulandı";"Mihando PB TOP | Kenya Filtre Kahve";"Kenya";"250";"470";"1880";"Stokta";"https://www.bencoffee.co/products/mihando-bp-top-kahve";"2026-08-11"
"Ben Coffee Co.";"Doğrulandı";"Mihando PB TOP | Kenya Filtre Kahve";"Kenya";"1000";"1890";"1890";"Stokta";"https://www.bencoffee.co/products/mihando-bp-top-kahve";"2026-08-11"
"Ben Coffee Co.";"Doğrulandı";"OMNY Blend Kahve";"Harman – menşe belirtilmemiş";"250";"450";"1800";"Stokta";"https://www.bencoffee.co/products/omny-blend-kahve";"2026-08-11"
"Ben Coffee Co.";"Doğrulandı";"OMNY Blend Kahve";"Harman – menşe belirtilmemiş";"1000";"1620";"1620";"Stokta";"https://www.bencoffee.co/products/omny-blend-kahve";"2026-08-11"
"Ben Coffee Co.";"Doğrulandı";"OMNY Dark | Espresso Kahve";"Harman – menşe belirtilmemiş";"250";"325";"1300";"Stokta";"https://www.bencoffee.co/products/omny-dark-kahve";"2026-08-11"
"Ben Coffee Co.";"Doğrulandı";"OMNY Dark | Espresso Kahve";"Harman – menşe belirtilmemiş";"1000";"1200";"1200";"Stokta";"https://www.bencoffee.co/products/omny-dark-kahve";"2026-08-11"
"Ben Coffee Co.";"Doğrulandı";"Ruanda Akagera | Filtre Kahve";"Ruanda";"250";"730";"2920";"Stokta";"https://www.bencoffee.co/products/ruanda-akagera-filtre-kahve";"2026-08-11"
"Ben Coffee Co.";"Doğrulandı";"Venezuela | Bocono Trujillo Kahvesi";"Harman – menşe belirtilmemiş";"250";"465";"1860";"Stokta";"https://www.bencoffee.co/products/bocono-trujilo-kahve";"2026-08-11"
"Ben Coffee Co.";"Doğrulandı";"Venezuela | Bocono Trujillo Kahvesi";"Harman – menşe belirtilmemiş";"1000";"1865";"1865";"Stokta";"https://www.bencoffee.co/products/bocono-trujilo-kahve";"2026-08-11"
"Benesso Coffee";"Kısmi doğrulama";"Ürün kataloğu — ayrıntılı ürün verisine erişilemedi";"Erişilemedi";"Erişilemedi";"Erişilemedi";"Erişilemedi";"Erişilemedi";"Erişilemedi";"2026-08-11"
"Blum Coffee";"Kısmi doğrulama";"Ürün kataloğu — ayrıntılı ürün verisine erişilemedi";"Erişilemedi";"Erişilemedi";"Erişilemedi";"Erişilemedi";"Erişilemedi";"Erişilemedi";"2026-08-11"
"Boxx Coffee Roasters";"Doğrulandı";"Blend No:1 1KG.";"Harman – menşe belirtilmemiş";"1000";"1550";"1550";"Stokta";"https://boxxcoffee.com/products/espresso-blend-no-1-1kg";"2026-08-11"
"Boxx Coffee Roasters";"Doğrulandı";"Blend No:1 250Gr.";"Harman – menşe belirtilmemiş";"250";"485";"1940";"Stokta";"https://boxxcoffee.com/products/espresso-blend-no-1-250gr";"2026-08-11"
"Boxx Coffee Roasters";"Doğrulandı";"Blend XX 1KG.";"Etiyopya | Brezilya";"1000";"1440";"1440";"Stokta";"https://boxxcoffee.com/products/espresso-blend-xx-250-gr";"2026-08-11"
"Boxx Coffee Roasters";"Doğrulandı";"Blend XX 250Gr.";"Etiyopya | Brezilya";"250";"450";"1800";"Stokta";"https://boxxcoffee.com/products/espresso-blend-xx-250gr";"2026-08-11"
"Boxx Coffee Roasters";"Doğrulandı";"Brazil Anhumas 1KG.";"Brezilya";"1000";"1565";"1565";"Stokta";"https://boxxcoffee.com/products/brazil-anhumas-1kg";"2026-08-11"
"Boxx Coffee Roasters";"Doğrulandı";"Brazil Anhumas 250Gr.";"Brezilya";"250";"490";"1960";"Stokta";"https://boxxcoffee.com/products/brazil-anhumas-250gr";"2026-08-11"
"Boxx Coffee Roasters";"Doğrulandı";"Colombia Bolivar 1KG";"Kolombiya";"1000";"1805";"1805";"Stokta";"https://boxxcoffee.com/products/colombia-bolivar-1kg";"2026-08-11"
"Boxx Coffee Roasters";"Doğrulandı";"Colombia Bolivar 250Gr";"Kolombiya";"250";"565";"2260";"Stokta";"https://boxxcoffee.com/products/colombia-bolivar-250gr";"2026-08-11"
"Boxx Coffee Roasters";"Doğrulandı";"Ethiopia Boreta Malawo Woyo 1KG.";"Etiyopya";"1000";"2650";"2650";"Stokta";"https://boxxcoffee.com/products/ethiopia-boreta-malawo-woyo-1kg";"2026-08-11"
"Boxx Coffee Roasters";"Doğrulandı";"Ethiopia Guji G1 1KG.";"Etiyopya";"1000";"1935";"1935";"Stokta";"https://boxxcoffee.com/products/ethiopia-sidamo-1kg";"2026-08-11"
"Boxx Coffee Roasters";"Doğrulandı";"Ethiopia Guji G1 250Gr";"Etiyopya";"250";"555";"2220";"Stokta";"https://boxxcoffee.com/products/ethiopia-guji-g1-250gr";"2026-08-11"
"Boxx Coffee Roasters";"Doğrulandı";"Ethiopia Malawo Boreta Woyo 250Gr.";"Etiyopya";"250";"800";"3200";"Stokta";"https://boxxcoffee.com/products/ethiopia-malawo-boreta-woyo-250gr";"2026-08-11"
"Boxx Coffee Roasters";"Doğrulandı";"Ethiopia Sidamo 1KG.";"Etiyopya";"1000";"2165";"2165";"Stokta";"https://boxxcoffee.com/products/ethiopia-sidamo-1kg-1";"2026-08-11"
"Boxx Coffee Roasters";"Doğrulandı";"Ethiopia Sidamo 250Gr.";"Etiyopya";"250";"640";"2560";"Stokta";"https://boxxcoffee.com/products/ethiopia-sidama-250gr-1";"2026-08-11"
"Boxx Coffee Roasters";"Doğrulandı";"Indonesia Java Halu Kartini 1KG.";"Endonezya";"1000";"2720";"2720";"Stokta";"https://boxxcoffee.com/products/indonesia-java-halu-kartini-1kg";"2026-08-11"
"Boxx Coffee Roasters";"Doğrulandı";"Indonesia Java Halu Kartini 250Gr.";"Endonezya";"250";"825";"3300";"Stokta";"https://boxxcoffee.com/products/indonesia-java-halu-kartini-250gr";"2026-08-11"
"Boxx Coffee Roasters";"Doğrulandı";"Indonesia Mas Iyan Hanya 1KG.";"Endonezya";"1000";"1935";"1935";"Stokta";"https://boxxcoffee.com/products/indonesia-mas-iyan-hanya-1kg";"2026-08-11"
"Boxx Coffee Roasters";"Doğrulandı";"Indonesia Mas Iyan Hanya 250Gr.";"Endonezya";"250";"555";"2220";"Stokta";"https://boxxcoffee.com/products/indonesia-mas-iyan-hanya-250gr";"2026-08-11"
"Boxx Coffee Roasters";"Doğrulandı";"Nitelikli Türk Kahvesi 250Gr.";"Harman – menşe belirtilmemiş";"250";"450";"1800";"Stokta";"https://boxxcoffee.com/products/nitelikli-turk-kahvesi";"2026-08-11"
"Boxx Coffee Roasters";"Doğrulandı";"Traditional Espresso 1KG.";"Harman – menşe belirtilmemiş";"1000";"1440";"1440";"Stokta";"https://boxxcoffee.com/products/traditional-espresso-1kg";"2026-08-11"
"Boxx Coffee Roasters";"Doğrulandı";"Traditional Espresso 250Gr.";"Harman – menşe belirtilmemiş";"250";"450";"1800";"Stokta";"https://boxxcoffee.com/products/traditional-espresso-250gr";"2026-08-11"
"Bravo Coffee Roastery";"Doğrulandı";"Bravo Espresso Blend 250 Gr";"Harman – menşe belirtilmemiş";"250";"1";"4";"Belirsiz";"https://www.bravocoffeeroastery.com/kahve/bravo-espresso-blend-250-gr-1/";"2026-08-11"
"Bravo Coffee Roastery";"Doğrulandı";"Colombia Medellin 250 Gr";"Kolombiya";"250";"3";"12";"Belirsiz";"https://www.bravocoffeeroastery.com/kahve/colombia-medellin-250-gr-2/";"2026-08-11"
"Bravo Coffee Roastery";"Doğrulandı";"Ethiopia Kochere 250 Gr";"Etiyopya";"250";"4";"16";"Belirsiz";"https://www.bravocoffeeroastery.com/kahve/ethiopia-kochere-250-gr-3/";"2026-08-11"
"Bravo Coffee Roastery";"Doğrulandı";"HESAP OLUŞTUR";"Menşe belirtilmemiş";"Erişilemedi";"2";"Erişilemedi";"Belirsiz";"https://www.bravocoffeeroastery.com/asama/kayit-ol/";"2026-08-11"
"Bravo Coffee Roastery";"Doğrulandı";"KAHVE";"Menşe belirtilmemiş";"Erişilemedi";"Erişilemedi";"Erişilemedi";"Belirsiz";"https://www.bravocoffeeroastery.com/kahve-1/";"2026-08-11"
"Bravo Coffee Roastery";"Doğrulandı";"Kahvenin Tarihi ve Kökeni";"Menşe belirtilmemiş";"Erişilemedi";"Erişilemedi";"Erişilemedi";"Belirsiz";"https://www.bravocoffeeroastery.com/blog/kahvenin-tarihi-ve-kokeni/";"2026-08-11"
"Bravo Coffee Roastery";"Doğrulandı";"ONLINE SHOP";"Menşe belirtilmemiş";"Erişilemedi";"Erişilemedi";"Erişilemedi";"Belirsiz";"https://www.bravocoffeeroastery.com/";"2026-08-11"
"Bravo Coffee Roastery";"Doğrulandı";"OTURUM AÇ";"Menşe belirtilmemiş";"Erişilemedi";"8";"Erişilemedi";"Belirsiz";"https://www.bravocoffeeroastery.com/asama/login/";"2026-08-11"
"Bravo Coffee Roastery";"Doğrulandı";"SİPARİŞ TAKİP";"Menşe belirtilmemiş";"Erişilemedi";"1";"Erişilemedi";"Belirsiz";"https://www.bravocoffeeroastery.com/asama/siparis-takip/";"2026-08-11"
"Bravo Coffee Roastery";"Doğrulandı";"ŞİFRENİZİ SIFIRLAYIN";"Menşe belirtilmemiş";"Erişilemedi";"7";"Erişilemedi";"Belirsiz";"https://www.bravocoffeeroastery.com/asama/sifremi-unuttum/";"2026-08-11"
"Bravo Coffee Roastery";"Doğrulandı";"Türk Kahvesi 125 Gr";"Menşe belirtilmemiş";"125";"7";"56";"Belirsiz";"https://www.bravocoffeeroastery.com/kahve/turk-kahvesi-125-gr-9/";"2026-08-11"
"Bravo Coffee Roastery";"Doğrulandı";"Türk Kahvesi 200 Gr";"Menşe belirtilmemiş";"200";"7";"35";"Belirsiz";"https://www.bravocoffeeroastery.com/kahve/turk-kahvesi-200-gr-8/";"2026-08-11"
"Bu Coffee Roastery";"Doğrulandı";"About Us Bu Coffee Roastery";"Menşe belirtilmemiş";"Erişilemedi";"Erişilemedi";"Erişilemedi";"Belirsiz";"https://www.bucoffee.com.tr/about-us/";"2026-08-11"
"Bu Coffee Roastery";"Doğrulandı";"BRAZIL BOSSA NOVA";"Brezilya";"Erişilemedi";"Erişilemedi";"Erişilemedi";"Belirsiz";"https://www.bucoffee.com.tr/kahvelerimiz/dunya-kahveleri/brazil-bossa-nova/";"2026-08-11"
"Bu Coffee Roastery";"Doğrulandı";"BRAZIL SANTOS";"Brezilya";"Erişilemedi";"Erişilemedi";"Erişilemedi";"Belirsiz";"https://www.bucoffee.com.tr/kahvelerimiz/dunya-kahveleri/brazil-santos/";"2026-08-11"
"Bu Coffee Roastery";"Doğrulandı";"COLOMBIA DECAF";"Kolombiya";"Erişilemedi";"Erişilemedi";"Erişilemedi";"Belirsiz";"https://www.bucoffee.com.tr/kahvelerimiz/dunya-kahveleri/colombia-decaf/";"2026-08-11"
"Bu Coffee Roastery";"Doğrulandı";"COLOMBIA SUPREMO";"Kolombiya";"Erişilemedi";"Erişilemedi";"Erişilemedi";"Belirsiz";"https://www.bucoffee.com.tr/kahvelerimiz/dunya-kahveleri/colombia-supremo/";"2026-08-11"
"Bu Coffee Roastery";"Doğrulandı";"Contact Bu Coffee Roastery";"Menşe belirtilmemiş";"Erişilemedi";"Erişilemedi";"Erişilemedi";"Belirsiz";"https://www.bucoffee.com.tr/iletisim/";"2026-08-11"
"Bu Coffee Roastery";"Doğrulandı";"COSTA RICA TARRAZU SHB";"Kosta Rika";"Erişilemedi";"Erişilemedi";"Erişilemedi";"Belirsiz";"https://www.bucoffee.com.tr/kahvelerimiz/dunya-kahveleri/costa-rica-tarrazu-shb/";"2026-08-11"
"Bu Coffee Roastery";"Doğrulandı";"DAMLA SAKIZLI TÜRK KAHVESİ";"Menşe belirtilmemiş";"Erişilemedi";"Erişilemedi";"Erişilemedi";"Belirsiz";"https://www.bucoffee.com.tr/kahvelerimiz/turk-kahvesi/damla-sakizli-turk-kahvesi/";"2026-08-11"
"Bu Coffee Roastery";"Doğrulandı";"DİBEK KAHVESİ";"Menşe belirtilmemiş";"Erişilemedi";"Erişilemedi";"Erişilemedi";"Belirsiz";"https://www.bucoffee.com.tr/kahvelerimiz/turk-kahvesi/dibek-kahvesi/";"2026-08-11"
"Bu Coffee Roastery";"Doğrulandı";"Dünya Kahveleri Bu Coffee Roastery";"Menşe belirtilmemiş";"Erişilemedi";"Erişilemedi";"Erişilemedi";"Belirsiz";"https://www.bucoffee.com.tr/kahvelerimiz/dunya-kahveleri/";"2026-08-11"
"Bu Coffee Roastery";"Doğrulandı";"EL SALVADOR LA JOYA ESTATE SHG";"El Salvador";"Erişilemedi";"Erişilemedi";"Erişilemedi";"Belirsiz";"https://www.bucoffee.com.tr/kahvelerimiz/dunya-kahveleri/el-salvador-la-joya-estate-shg/";"2026-08-11"
"Bu Coffee Roastery";"Doğrulandı";"EN ÇOK SEVİLEN KAHVELERİMİZ";"Menşe belirtilmemiş";"Erişilemedi";"Erişilemedi";"Erişilemedi";"Belirsiz";"https://www.bucoffee.com.tr/";"2026-08-11"
"Bu Coffee Roastery";"Doğrulandı";"Espresso Bu Coffee Roastery";"Menşe belirtilmemiş";"Erişilemedi";"Erişilemedi";"Erişilemedi";"Belirsiz";"https://www.bucoffee.com.tr/kahvelerimiz/espresso/";"2026-08-11"
"Bu Coffee Roastery";"Doğrulandı";"ETHIOPIA YIRGACHEFFE";"Etiyopya";"Erişilemedi";"Erişilemedi";"Erişilemedi";"Belirsiz";"https://www.bucoffee.com.tr/kahvelerimiz/dunya-kahveleri/ethiopia-yirgacheffe/";"2026-08-11"
"Bu Coffee Roastery";"Doğrulandı";"Filtre Kahve Bu Coffee Roastery";"Menşe belirtilmemiş";"Erişilemedi";"Erişilemedi";"Erişilemedi";"Belirsiz";"https://www.bucoffee.com.tr/kahvelerimiz/filtre-kahve/";"2026-08-11"
"Bu Coffee Roastery";"Doğrulandı";"GRANÜL KAHVE (GOLD)";"Menşe belirtilmemiş";"Erişilemedi";"Erişilemedi";"Erişilemedi";"Belirsiz";"https://www.bucoffee.com.tr/kahvelerimiz/granul-kahve/granul-kahve-gold/";"2026-08-11"
"Bu Coffee Roastery";"Doğrulandı";"Granül Kahve Bu Coffee Roastery";"Menşe belirtilmemiş";"Erişilemedi";"Erişilemedi";"Erişilemedi";"Belirsiz";"https://www.bucoffee.com.tr/kahvelerimiz/granul-kahve/";"2026-08-11"
"Bu Coffee Roastery";"Doğrulandı";"GUATEMALA HUEHUETENANGO SHB";"Guatemala";"Erişilemedi";"Erişilemedi";"Erişilemedi";"Belirsiz";"https://www.bucoffee.com.tr/kahvelerimiz/dunya-kahveleri/guatemala-huehuetenango-shb/";"2026-08-11"
"Bu Coffee Roastery";"Doğrulandı";"HONDURAS SAN MARCOS";"Honduras";"Erişilemedi";"Erişilemedi";"Erişilemedi";"Belirsiz";"https://www.bucoffee.com.tr/kahvelerimiz/dunya-kahveleri/honduras-san-marcos/";"2026-08-11"
"Bu Coffee Roastery";"Doğrulandı";"INDONESIA SUMATRA";"Endonezya";"Erişilemedi";"Erişilemedi";"Erişilemedi";"Belirsiz";"https://www.bucoffee.com.tr/kahvelerimiz/dunya-kahveleri/indonesia-sumatra/";"2026-08-11"
"Bu Coffee Roastery";"Doğrulandı";"Kahvelerimiz Bu Coffee Roastery";"Menşe belirtilmemiş";"Erişilemedi";"Erişilemedi";"Erişilemedi";"Belirsiz";"https://www.bucoffee.com.tr/kahvelerimiz/";"2026-08-11"
"Bu Coffee Roastery";"Doğrulandı";"KAPSÜL KAHVE (HAFİF) (10'lu Paket)";"Menşe belirtilmemiş";"Erişilemedi";"Erişilemedi";"Erişilemedi";"Belirsiz";"https://www.bucoffee.com.tr/kahvelerimiz/kapsul-kahve/kapsul-kahve-hafif/";"2026-08-11"
"Bu Coffee Roastery";"Doğrulandı";"KAPSÜL KAHVE (ORTA) (10'lu Paket)";"Menşe belirtilmemiş";"Erişilemedi";"Erişilemedi";"Erişilemedi";"Belirsiz";"https://www.bucoffee.com.tr/kahvelerimiz/kapsul-kahve/kapsul-kahve-orta/";"2026-08-11"
"Bu Coffee Roastery";"Doğrulandı";"KAPSÜL KAHVE (SERT) (10'lu Paket)";"Menşe belirtilmemiş";"Erişilemedi";"Erişilemedi";"Erişilemedi";"Belirsiz";"https://www.bucoffee.com.tr/kahvelerimiz/kapsul-kahve/kapsul-kahve-sert/";"2026-08-11"
"Bu Coffee Roastery";"Doğrulandı";"Kapsül Kahve Bu Coffee Roastery";"Menşe belirtilmemiş";"Erişilemedi";"Erişilemedi";"Erişilemedi";"Belirsiz";"https://www.bucoffee.com.tr/kahvelerimiz/kapsul-kahve/";"2026-08-11"
"Bu Coffee Roastery";"Doğrulandı";"KENYA AA";"Kenya";"Erişilemedi";"Erişilemedi";"Erişilemedi";"Belirsiz";"https://www.bucoffee.com.tr/kahvelerimiz/dunya-kahveleri/kenya-aa/";"2026-08-11"
"Bu Coffee Roastery";"Doğrulandı";"MEXICO DECAF";"Meksika";"Erişilemedi";"Erişilemedi";"Erişilemedi";"Belirsiz";"https://www.bucoffee.com.tr/kahvelerimiz/dunya-kahveleri/mexico-decaf/";"2026-08-11"
"Bu Coffee Roastery";"Doğrulandı";"News Bu Coffee Roastery";"Menşe belirtilmemiş";"Erişilemedi";"Erişilemedi";"Erişilemedi";"Belirsiz";"https://www.bucoffee.com.tr/news/";"2026-08-11"
"Bu Coffee Roastery";"Doğrulandı";"OSMANLI KAHVESİ";"Menşe belirtilmemiş";"Erişilemedi";"Erişilemedi";"Erişilemedi";"Belirsiz";"https://www.bucoffee.com.tr/kahvelerimiz/turk-kahvesi/osmanli-kahvesi/";"2026-08-11"
"Bu Coffee Roastery";"Doğrulandı";"PERU";"Peru";"Erişilemedi";"Erişilemedi";"Erişilemedi";"Belirsiz";"https://www.bucoffee.com.tr/kahvelerimiz/dunya-kahveleri/peru/";"2026-08-11"
"Bu Coffee Roastery";"Doğrulandı";"Services Bu Coffee Roastery";"Menşe belirtilmemiş";"Erişilemedi";"Erişilemedi";"Erişilemedi";"Belirsiz";"https://www.bucoffee.com.tr/services/";"2026-08-11"
"Bu Coffee Roastery";"Doğrulandı";"TOPTAN SATIŞ Bu Coffee Roastery";"Menşe belirtilmemiş";"Erişilemedi";"Erişilemedi";"Erişilemedi";"Belirsiz";"https://www.bucoffee.com.tr/toptan-satis/";"2026-08-11"
"Bu Coffee Roastery";"Doğrulandı";"TÜRK KAHVESİ";"Menşe belirtilmemiş";"Erişilemedi";"Erişilemedi";"Erişilemedi";"Belirsiz";"https://www.bucoffee.com.tr/kahvelerimiz/turk-kahvesi/turk-kahvesi/";"2026-08-11"
"Bu Coffee Roastery";"Doğrulandı";"Türk Kahvesi Bu Coffee Roastery";"Menşe belirtilmemiş";"Erişilemedi";"Erişilemedi";"Erişilemedi";"Belirsiz";"https://www.bucoffee.com.tr/kahvelerimiz/turk-kahvesi/";"2026-08-11"
"cafeMU";"Doğrulandı";"Brezilya Santos";"Brezilya";"Erişilemedi";"450";"Erişilemedi";"Stokta";"https://cafemu.com.tr/urun/brezilya-santos/";"2026-08-11"
"cafeMU";"Doğrulandı";"Coffee Filters 4 Numara Brown Filtre Kahve Kağıdı";"Menşe belirtilmemiş";"Erişilemedi";"Erişilemedi";"Erişilemedi";"Stokta yok";"https://cafemu.com.tr/urun/coffee-filters-4-numara-brown-filtre-kahve-kagidi/";"2026-08-11"
"cafeMU";"Doğrulandı";"Etiyopya Lekempti";"Etiyopya";"Erişilemedi";"450";"Erişilemedi";"Stokta";"https://cafemu.com.tr/urun/etiyopya-lekempti/";"2026-08-11"
"cafeMU";"Doğrulandı";"Etiyopya Yirgacheffe";"Etiyopya";"Erişilemedi";"Erişilemedi";"Erişilemedi";"Stokta yok";"https://cafemu.com.tr/urun/etiyopya-yirgacheffe/";"2026-08-11"
"cafeMU";"Doğrulandı";"Guatemala Huehuetenango";"Guatemala";"Erişilemedi";"450";"Erişilemedi";"Stokta";"https://cafemu.com.tr/urun/guatemala/";"2026-08-11"
"cafeMU";"Doğrulandı";"Honduras";"Honduras";"Erişilemedi";"450";"Erişilemedi";"Stokta";"https://cafemu.com.tr/urun/honduras/";"2026-08-11"
"cafeMU";"Doğrulandı";"Kenya Natural";"Kenya";"Erişilemedi";"450";"Erişilemedi";"Stokta";"https://cafemu.com.tr/urun/kenya/";"2026-08-11"
"cafeMU";"Doğrulandı";"Kolombiya Supremo";"Kolombiya";"Erişilemedi";"450";"Erişilemedi";"Stokta";"https://cafemu.com.tr/urun/kolombiya/";"2026-08-11"
"cafeMU";"Doğrulandı";"Sumatra";"Endonezya";"Erişilemedi";"Erişilemedi";"Erişilemedi";"Stokta yok";"https://cafemu.com.tr/urun/sumatra/";"2026-08-11"
"cafeMU";"Doğrulandı";"Türk Kahvesi";"Brezilya";"Erişilemedi";"300";"Erişilemedi";"Stokta";"https://cafemu.com.tr/urun/turk-kahvesi/";"2026-08-11"
"Calibre Coffee";"Kısmi doğrulama";"Ürün kataloğu — ayrıntılı ürün verisine erişilemedi";"Erişilemedi";"Erişilemedi";"Erişilemedi";"Erişilemedi";"Erişilemedi";"Erişilemedi";"2026-08-11"
"Celsius Coffee";"Kısmi doğrulama";"Ürün kataloğu — ayrıntılı ürün verisine erişilemedi";"Erişilemedi";"Erişilemedi";"Erişilemedi";"Erişilemedi";"Erişilemedi";"Erişilemedi";"2026-08-11"
"Cho Coffee Roastery";"Kısmi doğrulama";"&#x27;brezilya&#x27; ile etiketlenen &#xFC;r&#xFC;nler";"Brezilya";"Erişilemedi";"Erişilemedi";"Erişilemedi";"Belirsiz";"https://chocoffeeroastery.com/tr/brezilya";"2026-08-11"
"Cho Coffee Roastery";"Kısmi doğrulama";"&#x27;colombia&#x27; ile etiketlenen &#xFC;r&#xFC;nler";"Kolombiya";"Erişilemedi";"Erişilemedi";"Erişilemedi";"Belirsiz";"https://chocoffeeroastery.com/tr/colombia";"2026-08-11"
"Cho Coffee Roastery";"Kısmi doğrulama";"&#x27;costarica&#x27; ile etiketlenen &#xFC;r&#xFC;nler";"Menşe belirtilmemiş";"Erişilemedi";"Erişilemedi";"Erişilemedi";"Belirsiz";"https://chocoffeeroastery.com/tr/costarica";"2026-08-11"
"Cho Coffee Roastery";"Kısmi doğrulama";"&#x27;endonezya&#x27; ile etiketlenen &#xFC;r&#xFC;nler";"Endonezya";"Erişilemedi";"Erişilemedi";"Erişilemedi";"Belirsiz";"https://chocoffeeroastery.com/tr/endonezya";"2026-08-11"
"Cho Coffee Roastery";"Kısmi doğrulama";"&#x27;espresso&#x27; ile etiketlenen &#xFC;r&#xFC;nler";"Menşe belirtilmemiş";"Erişilemedi";"Erişilemedi";"Erişilemedi";"Belirsiz";"https://chocoffeeroastery.com/tr/espresso";"2026-08-11"
"Cho Coffee Roastery";"Kısmi doğrulama";"&#x27;ethiopia&#x27; ile etiketlenen &#xFC;r&#xFC;nler";"Etiyopya";"Erişilemedi";"Erişilemedi";"Erişilemedi";"Belirsiz";"https://chocoffeeroastery.com/tr/ethiopia";"2026-08-11"
"Cho Coffee Roastery";"Kısmi doğrulama";"&#x27;filtrecoffee&#x27; ile etiketlenen &#xFC;r&#xFC;nler";"Menşe belirtilmemiş";"Erişilemedi";"Erişilemedi";"Erişilemedi";"Belirsiz";"https://chocoffeeroastery.com/tr/filtrecoffee";"2026-08-11"
"Cho Coffee Roastery";"Kısmi doğrulama";"BREZILYA SANTUARIO SUL GEISHA LUIZ PAULO";"Brezilya";"Erişilemedi";"450";"Erişilemedi";"Belirsiz";"https://chocoffeeroastery.com/tr/brezilya-santuario-sul-geisha";"2026-08-11"
"Cho Coffee Roastery";"Kısmi doğrulama";"BREZILYA SANTUARIO SUL STARMAYA";"Brezilya";"Erişilemedi";"300";"Erişilemedi";"Belirsiz";"https://chocoffeeroastery.com/tr/brezilya-santuario-sul-starmaya-2";"2026-08-11"
"Cho Coffee Roastery";"Kısmi doğrulama";"Cafec TH-3 Filtre Kahve Ka&#x11F;&#x131;d&#x131;";"Menşe belirtilmemiş";"Erişilemedi";"585";"Erişilemedi";"Belirsiz";"https://chocoffeeroastery.com/tr/cafec-th-3-filtre-kagidi";"2026-08-11"
"Cho Coffee Roastery";"Kısmi doğrulama";"Cho Coffee Roastery. &#xC7;&#x130;KOLATA";"Menşe belirtilmemiş";"Erişilemedi";"Erişilemedi";"Erişilemedi";"Belirsiz";"https://chocoffeeroastery.com/tr/cikolata-2";"2026-08-11"
"Cho Coffee Roastery";"Kısmi doğrulama";"Cho Coffee Roastery. Bizimle iletisime ge&#xE7;in";"Menşe belirtilmemiş";"Erişilemedi";"Erişilemedi";"Erişilemedi";"Belirsiz";"https://chocoffeeroastery.com/tr/contactus";"2026-08-11"
"Cho Coffee Roastery";"Kısmi doğrulama";"Cho Coffee Roastery. CAFEC";"Menşe belirtilmemiş";"Erişilemedi";"Erişilemedi";"Erişilemedi";"Belirsiz";"https://chocoffeeroastery.com/tr/cafec";"2026-08-11"
"Cho Coffee Roastery";"Kısmi doğrulama";"Cho Coffee Roastery. Cho Coffee Roastery";"Menşe belirtilmemiş";"Erişilemedi";"Erişilemedi";"Erişilemedi";"Belirsiz";"https://chocoffeeroastery.com/tr";"2026-08-11"
"Cho Coffee Roastery";"Kısmi doğrulama";"Cho Coffee Roastery. FELLOW";"Menşe belirtilmemiş";"Erişilemedi";"Erişilemedi";"Erişilemedi";"Belirsiz";"https://chocoffeeroastery.com/tr/fellow";"2026-08-11"
"Cho Coffee Roastery";"Kısmi doğrulama";"Cho Coffee Roastery. HARIO";"Menşe belirtilmemiş";"Erişilemedi";"Erişilemedi";"Erişilemedi";"Belirsiz";"https://chocoffeeroastery.com/tr/hario";"2026-08-11"
"Cho Coffee Roastery";"Kısmi doğrulama";"Cho Coffee Roastery. Limited Edition";"Menşe belirtilmemiş";"Erişilemedi";"Erişilemedi";"Erişilemedi";"Belirsiz";"https://chocoffeeroastery.com/tr/limited-edition";"2026-08-11"
"Cho Coffee Roastery";"Kısmi doğrulama";"Cho Coffee Roastery. MOCCAMASTER";"Menşe belirtilmemiş";"Erişilemedi";"Erişilemedi";"Erişilemedi";"Belirsiz";"https://chocoffeeroastery.com/tr/moccamaster";"2026-08-11"
"Cho Coffee Roastery";"Kısmi doğrulama";"Cho Coffee Roastery. MORNING";"Menşe belirtilmemiş";"Erişilemedi";"Erişilemedi";"Erişilemedi";"Belirsiz";"https://chocoffeeroastery.com/tr/morning";"2026-08-11"
"Cho Coffee Roastery";"Kısmi doğrulama";"Cho Coffee Roastery. SEZONSAL KAHVELER";"Menşe belirtilmemiş";"Erişilemedi";"Erişilemedi";"Erişilemedi";"Belirsiz";"https://chocoffeeroastery.com/tr/sezonsal-kahveler";"2026-08-11"
"Cho Coffee Roastery";"Kısmi doğrulama";"Cho Coffee Roastery. T&#xFC;rk Kahvesi";"Menşe belirtilmemiş";"Erişilemedi";"Erişilemedi";"Erişilemedi";"Belirsiz";"https://chocoffeeroastery.com/tr/turk-kahvesi";"2026-08-11"
"Cho Coffee Roastery";"Kısmi doğrulama";"Cho Coffee Roastery. TIMEMORE";"Menşe belirtilmemiş";"Erişilemedi";"Erişilemedi";"Erişilemedi";"Belirsiz";"https://chocoffeeroastery.com/tr/timemore";"2026-08-11"
"Cho Coffee Roastery";"Kısmi doğrulama";"Cho Coffee Roastery. WILFA";"Menşe belirtilmemiş";"Erişilemedi";"Erişilemedi";"Erişilemedi";"Belirsiz";"https://chocoffeeroastery.com/tr/wilfa";"2026-08-11"
"Cho Coffee Roastery";"Kısmi doğrulama";"CHO NOCTURNE ESPRESSO";"Menşe belirtilmemiş";"Erişilemedi";"450";"Erişilemedi";"Belirsiz";"https://chocoffeeroastery.com/tr/cho-nocture-espresso";"2026-08-11"
"Cho Coffee Roastery";"Kısmi doğrulama";"CHO SIGNATURE ESPRESSO";"Menşe belirtilmemiş";"Erişilemedi";"400";"Erişilemedi";"Belirsiz";"https://chocoffeeroastery.com/tr/cho-signature-espresso";"2026-08-11"
"Cho Coffee Roastery";"Kısmi doğrulama";"CHO SINGNATURE GELENEKSEL T&#xDC;RK KAHVES&#x130;";"Menşe belirtilmemiş";"Erişilemedi";"300";"Erişilemedi";"Belirsiz";"https://chocoffeeroastery.com/tr/cho-signature-geleneksel-turk-kahvesi";"2026-08-11"
"Cho Coffee Roastery";"Kısmi doğrulama";"COLOMBIA EDUARDO ARMERO MARTINEZ / LA ARGENTINA";"Kolombiya";"Erişilemedi";"350";"Erişilemedi";"Belirsiz";"https://chocoffeeroastery.com/tr/colombia-eduardo-armero-martinez-la-argentina";"2026-08-11"
"Cho Coffee Roastery";"Kısmi doğrulama";"COLOMBIA NASA WEX";"Kolombiya";"Erişilemedi";"350";"Erişilemedi";"Belirsiz";"https://chocoffeeroastery.com/tr/colombia-nasa-wex";"2026-08-11"
"Cho Coffee Roastery";"Kısmi doğrulama";"COLOMBIA RISARALDA CATIOPE NITRO WASHED";"Kolombiya";"Erişilemedi";"450";"Erişilemedi";"Belirsiz";"https://chocoffeeroastery.com/tr/colombia-riasaralda-catiope-nitro-washed-by-julio-cesar-madrid";"2026-08-11"
"Cho Coffee Roastery";"Kısmi doğrulama";"COSTA RICA EL MANGO";"Kosta Rika";"Erişilemedi";"350";"Erişilemedi";"Belirsiz";"https://chocoffeeroastery.com/tr/costa-rica-el-mango";"2026-08-11"
"Cho Coffee Roastery";"Kısmi doğrulama";"COSTA RICA LAS TORRES / REGULO URENA ISABEL ROJAS";"Kosta Rika";"Erişilemedi";"480";"Erişilemedi";"Belirsiz";"https://chocoffeeroastery.com/tr/costa-rica-las-torres";"2026-08-11"
"Cho Coffee Roastery";"Kısmi doğrulama";"EL SALVADOR CHIQUIHUAT";"El Salvador";"Erişilemedi";"200";"Erişilemedi";"Belirsiz";"https://chocoffeeroastery.com/tr/el-salvador-chiquihuat-2";"2026-08-11"
"Cho Coffee Roastery";"Kısmi doğrulama";"EL SALVADOR FINCA GABRIELLA FAMILIA ALVAREZ";"El Salvador";"Erişilemedi";"4";"Erişilemedi";"Belirsiz";"https://chocoffeeroastery.com/tr/el-salvador-finca-gabriella-familia-alvarez";"2026-08-11"
"Cho Coffee Roastery";"Kısmi doğrulama";"EL SALVADOR LA CARRERA";"El Salvador";"Erişilemedi";"120";"Erişilemedi";"Belirsiz";"https://chocoffeeroastery.com/tr/el-salvador-chiquihuat";"2026-08-11"
"Cho Coffee Roastery";"Kısmi doğrulama";"ETHIOPIA LALESA RED HONEY";"Etiyopya";"Erişilemedi";"500";"Erişilemedi";"Belirsiz";"https://chocoffeeroastery.com/tr/lalesa-red-honey";"2026-08-11"
"Cho Coffee Roastery";"Kısmi doğrulama";"ETHIOPIA SIDAMA BENSA LOGITA AVOCADO";"Etiyopya";"Erişilemedi";"600";"Erişilemedi";"Belirsiz";"https://chocoffeeroastery.com/tr/ethiopia-sidama-bensa-logita-avocado";"2026-08-11"
"Cho Coffee Roastery";"Kısmi doğrulama";"JAIRO ARCILA SANTA MONICA / WINE YEAST PASSION FRUIT COLOMBIA";"Kolombiya";"Erişilemedi";"500";"Erişilemedi";"Belirsiz";"https://chocoffeeroastery.com/tr/jairo-arcila-santa-monica-wine-yeast-red-fruits-colombia";"2026-08-11"
"Cho Coffee Roastery";"Kısmi doğrulama";"SELVA CENTRAL PERU ALPACA";"Peru";"Erişilemedi";"300";"Erişilemedi";"Belirsiz";"https://chocoffeeroastery.com/tr/selva-central-peru-alpaca";"2026-08-11"
"Clean Cup Coffee";"Kısmi doğrulama";"Ürün kataloğu — ayrıntılı ürün verisine erişilemedi";"Erişilemedi";"Erişilemedi";"Erişilemedi";"Erişilemedi";"Erişilemedi";"Erişilemedi";"2026-08-11"
"Coach Coffee Company";"Kısmi doğrulama";"3'lü Forte | Coach Nespresso® Uyumlu Kahve Kapsülü Paketi";"Menşe belirtilmemiş";"Erişilemedi";"949.99";"Erişilemedi";"Stokta";"https://coachcoffeeco.com/products/3lu-forte-coach-nespresso®-uyumlu-kahve-kapsulu-paketi";"2026-08-11"
"Coach Coffee Company";"Kısmi doğrulama";"3'lü Kapsül Paketi | Coach Nespresso® Uyumlu Deneme Paketi";"Menşe belirtilmemiş";"Erişilemedi";"949.99";"Erişilemedi";"Stokta";"https://coachcoffeeco.com/products/3lu-kapsul-paketi-coach-nespresso®-uyumlu-deneme-paketi";"2026-08-11"
"Coach Coffee Company";"Kısmi doğrulama";"3'lü Lumo | Coach Nespresso® Uyumlu Kahve Kapsülü Paketi";"Harman – menşe belirtilmemiş";"Erişilemedi";"949.99";"Erişilemedi";"Stokta";"https://coachcoffeeco.com/products/3lu-lumo-coach-nespresso®-uyumlu-kahve-kapsulu-paketi";"2026-08-11"
"Coach Coffee Company";"Kısmi doğrulama";"3'lü Vero | Coach Nespresso® Uyumlu Kahve Kapsülü Paketi";"Menşe belirtilmemiş";"Erişilemedi";"949.99";"Erişilemedi";"Stokta";"https://coachcoffeeco.com/products/3lu-vero-coach-nespresso®-uyumlu-kahve-kapsulu-paketi";"2026-08-11"
"Coach Coffee Company";"Kısmi doğrulama";"Coach Coffee Colombia Hulia – Lucero";"Kolombiya";"250";"570";"2280";"Stokta";"https://coachcoffeeco.com/products/colombia-hulia-lucero";"2026-08-11"
"Coach Coffee Company";"Kısmi doğrulama";"Coach Coffee Colombia Hulia – Lucero";"Kolombiya";"1000";"1750";"1750";"Stokta";"https://coachcoffeeco.com/products/colombia-hulia-lucero";"2026-08-11"
"Coach Coffee Company";"Kısmi doğrulama";"Coach Coffee Company Afrika Temalı Mutfak Havlusu";"Menşe belirtilmemiş";"Erişilemedi";"300";"Erişilemedi";"Stokta";"https://coachcoffeeco.com/products/afrika-temali-mutfak-el-havlusu";"2026-08-11"
"Coach Coffee Company";"Kısmi doğrulama";"Coach Coffee Company Afrika Temalı Spor Havlusu";"Menşe belirtilmemiş";"Erişilemedi";"899";"Erişilemedi";"Stokta";"https://coachcoffeeco.com/products/afrika-temali-plaj-havlusu";"2026-08-11"
"Coach Coffee Company";"Kısmi doğrulama";"Coach Coffee Company Güney Amerika Temalı Mutfak Havlusu";"Menşe belirtilmemiş";"Erişilemedi";"300";"Erişilemedi";"Stokta";"https://coachcoffeeco.com/products/guney-amerika-temali-mutfak-el-havlusu";"2026-08-11"
"Coach Coffee Company";"Kısmi doğrulama";"Coach Coffee Company Türkiye Temalı Mutfak Havlusu";"Menşe belirtilmemiş";"Erişilemedi";"300";"Erişilemedi";"Stokta";"https://coachcoffeeco.com/products/turkiye-temali-mutfak-el-havlusu";"2026-08-11"
"Coach Coffee Company";"Kısmi doğrulama";"Coach Coffee Company Türkiye Temalı Spor Havlusu";"Menşe belirtilmemiş";"Erişilemedi";"899";"Erişilemedi";"Stokta";"https://coachcoffeeco.com/products/turkiye-temali-plaj-havlusu";"2026-08-11"
"Coach Coffee Company";"Kısmi doğrulama";"Coach Coffee Deneyim Seti – 3 Kahve Keşif Seti";"Etiyopya | Guatemala";"Erişilemedi";"510";"Erişilemedi";"Stokta";"https://coachcoffeeco.com/products/kahve-deneyim-seti";"2026-08-11"
"Coach Coffee Company";"Kısmi doğrulama";"Coach Coffee Espresso | Ace Blend";"Etiyopya | Kolombiya";"250";"545";"2180";"Stokta";"https://coachcoffeeco.com/products/espresso-ace-blend";"2026-08-11"
"Coach Coffee Company";"Kısmi doğrulama";"Coach Coffee Espresso | Ace Blend";"Etiyopya | Kolombiya";"1000";"1660";"1660";"Stokta";"https://coachcoffeeco.com/products/espresso-ace-blend";"2026-08-11"
"Coach Coffee Company";"Kısmi doğrulama";"Coach Coffee Espresso | Bench Blend";"Etiyopya | Endonezya";"250";"490";"1960";"Stokta";"https://coachcoffeeco.com/products/espresso-bench-blend";"2026-08-11"
"Coach Coffee Company";"Kısmi doğrulama";"Coach Coffee Espresso | Bench Blend";"Etiyopya | Endonezya";"1000";"1540";"1540";"Stokta";"https://coachcoffeeco.com/products/espresso-bench-blend";"2026-08-11"
"Coach Coffee Company";"Kısmi doğrulama";"Coach Coffee Espresso | Harmony Blend";"Harman – menşe belirtilmemiş";"250";"495";"1980";"Stokta";"https://coachcoffeeco.com/products/coach-espresso-harmony-blend";"2026-08-11"
"Coach Coffee Company";"Kısmi doğrulama";"Coach Coffee Espresso | Harmony Blend";"Harman – menşe belirtilmemiş";"1000";"1485";"1485";"Stokta";"https://coachcoffeeco.com/products/coach-espresso-harmony-blend";"2026-08-11"
"Coach Coffee Company";"Kısmi doğrulama";"Coach Coffee Ethiopia Yirgacheffe – Guji";"Etiyopya";"250";"580";"2320";"Stokta";"https://coachcoffeeco.com/products/ethiopia-yirgacheffe-guji";"2026-08-11"
"Coach Coffee Company";"Kısmi doğrulama";"Coach Coffee Ethiopia Yirgacheffe – Guji";"Etiyopya";"1000";"1740";"1740";"Stokta";"https://coachcoffeeco.com/products/ethiopia-yirgacheffe-guji";"2026-08-11"
"Coach Coffee Company";"Kısmi doğrulama";"Coach Coffee Filtre Kahve | Ace Blend";"Harman – menşe belirtilmemiş";"250";"545";"2180";"Stokta";"https://coachcoffeeco.com/products/coach-coffee-filter-ace-blend";"2026-08-11"
"Coach Coffee Company";"Kısmi doğrulama";"Coach Coffee Filtre Kahve | Ace Blend";"Harman – menşe belirtilmemiş";"1000";"1660";"1660";"Stokta";"https://coachcoffeeco.com/products/coach-coffee-filter-ace-blend";"2026-08-11"
"Coach Coffee Company";"Kısmi doğrulama";"Coach Coffee Filtre Kahve | Bench Blend";"Etiyopya | Endonezya";"1000";"1540";"1540";"Stokta";"https://coachcoffeeco.com/products/filter-bench-blend";"2026-08-11"
"Coach Coffee Company";"Kısmi doğrulama";"Coach Coffee Filtre Kahve | Harmony Blend";"Harman – menşe belirtilmemiş";"250";"495";"1980";"Stokta";"https://coachcoffeeco.com/products/harmony-blend";"2026-08-11"
"Coach Coffee Company";"Kısmi doğrulama";"Coach Coffee Filtre Kahve | Harmony Blend";"Harman – menşe belirtilmemiş";"1000";"1485";"1485";"Stokta";"https://coachcoffeeco.com/products/harmony-blend";"2026-08-11"
"Coach Coffee Company";"Kısmi doğrulama";"Coach Coffee Guatemala Antigua – Santa Rosa";"Guatemala";"250";"575";"2300";"Stokta";"https://coachcoffeeco.com/products/guatemala-antigua-santa-rosa";"2026-08-11"
"Coach Coffee Company";"Kısmi doğrulama";"Coach Coffee Guatemala Antigua – Santa Rosa";"Guatemala";"1000";"1820";"1820";"Stokta";"https://coachcoffeeco.com/products/guatemala-antigua-santa-rosa";"2026-08-11"
"Coach Coffee Company";"Kısmi doğrulama";"Coach Coffee Premium Türk Kahvesi | Mr. Coach";"Harman – menşe belirtilmemiş";"250";"435";"1740";"Stokta";"https://coachcoffeeco.com/products/mr-coach-turkish-coffee";"2026-08-11"
"Coach Coffee Company";"Kısmi doğrulama";"Coach Coffee Premium Türk Kahvesi | Mr. Coach";"Harman – menşe belirtilmemiş";"1000";"1360";"1360";"Stokta";"https://coachcoffeeco.com/products/mr-coach-turkish-coffee";"2026-08-11"
"Coach Coffee Company";"Kısmi doğrulama";"Coach Coffee Tanzanya Kilimanjaro - Moshi Washed Dark";"Tanzanya";"250";"580";"2320";"Stokta";"https://coachcoffeeco.com/products/coach-coffee-tanzanya-kilimanjaro-moshi-washed";"2026-08-11"
"Coach Coffee Company";"Kısmi doğrulama";"Coach Coffee Tanzanya Kilimanjaro - Moshi Washed Dark";"Tanzanya";"1000";"1750";"1750";"Stokta";"https://coachcoffeeco.com/products/coach-coffee-tanzanya-kilimanjaro-moshi-washed";"2026-08-11"
"Coach Coffee Company";"Kısmi doğrulama";"Coach Çocuk Boyama Çorabı";"Menşe belirtilmemiş";"Erişilemedi";"250";"Erişilemedi";"Stokta";"https://coachcoffeeco.com/products/cocuk-boyama-corabi";"2026-08-11"
"Coach Coffee Company";"Kısmi doğrulama";"Coach Klasik Seramik Kupa";"Menşe belirtilmemiş";"Erişilemedi";"Erişilemedi";"Erişilemedi";"Belirsiz";"https://coachcoffeeco.com/products/coach-klasik-seramik-kupa";"2026-08-11"
"Coach Coffee Company";"Kısmi doğrulama";"Coach Yeşil Seramik Kupa";"Menşe belirtilmemiş";"Erişilemedi";"Erişilemedi";"Erişilemedi";"Belirsiz";"https://coachcoffeeco.com/products/coach-yesil-seramik-kupa";"2026-08-11"
"Coach Coffee Company";"Kısmi doğrulama";"Coach Yetişkin Boyama Çorap";"Menşe belirtilmemiş";"Erişilemedi";"300";"Erişilemedi";"Stokta";"https://coachcoffeeco.com/products/yetiskin-boyama-corabi";"2026-08-11"
"Coach Coffee Company";"Kısmi doğrulama";"Forte | Coach Nespresso® Uyumlu Kahve Kapsülü";"Menşe belirtilmemiş";"Erişilemedi";"359.99";"Erişilemedi";"Stokta";"https://coachcoffeeco.com/products/forte-coach-nespresso®-uyumlu-kahve-kapsulu";"2026-08-11"
"Coach Coffee Company";"Kısmi doğrulama";"Güney Amerika Temalı A5 Defter (3'lü Set)";"Menşe belirtilmemiş";"Erişilemedi";"120";"Erişilemedi";"Stokta";"https://coachcoffeeco.com/products/guney-amerika-temali-a5-defter-3lu-set";"2026-08-11"
"Coach Coffee Company";"Kısmi doğrulama";"İskambil Oyun Kartları | Yeşil Seri 💚";"Menşe belirtilmemiş";"Erişilemedi";"199";"Erişilemedi";"Stokta";"https://coachcoffeeco.com/products/coach-i̇skambil-kartlari-yesil-seri-💚";"2026-08-11"
"Coach Coffee Company";"Kısmi doğrulama";"Kahve Enerjisi Temalı A5 Defter (3'lü Set)";"Menşe belirtilmemiş";"Erişilemedi";"120";"Erişilemedi";"Stokta";"https://coachcoffeeco.com/products/kahve-enerjisi-temali-a5-defter-3lu-set";"2026-08-11"
"Coach Coffee Company";"Kısmi doğrulama";"Lumo | Coach Nespresso® Uyumlu Kahve Kapsülü";"Harman – menşe belirtilmemiş";"Erişilemedi";"359.99";"Erişilemedi";"Stokta";"https://coachcoffeeco.com/products/lumo-coach-nespresso®-uyumlu-kahve-kapsulu";"2026-08-11"
"Coach Coffee Company";"Kısmi doğrulama";"Nordic Approach La Claudina - Colombia | Limited Edition";"Kolombiya";"Erişilemedi";"Erişilemedi";"Erişilemedi";"Belirsiz";"https://coachcoffeeco.com/products/nordic-approach-la-claudina-colombia";"2026-08-11"
"Coach Coffee Company";"Kısmi doğrulama";"Nordic Approach La Ilusion - El Salvador - Limited Edition";"El Salvador";"Erişilemedi";"Erişilemedi";"Erişilemedi";"Belirsiz";"https://coachcoffeeco.com/products/nordic-approach-la-ilusion-el-salvador";"2026-08-11"
"Coach Coffee Company";"Kısmi doğrulama";"Özel Hediye Kutusu";"Menşe belirtilmemiş";"Erişilemedi";"79.9";"Erişilemedi";"Stokta";"https://coachcoffeeco.com/products/ozel-hediye-kutusu";"2026-08-11"
"Coach Coffee Company";"Kısmi doğrulama";"Türkiye Temalı A5 Defter (3'lü Set)";"Menşe belirtilmemiş";"Erişilemedi";"120";"Erişilemedi";"Stokta";"https://coachcoffeeco.com/products/turkiye-temali-a5-defter-3lu-set";"2026-08-11"
"Coach Coffee Company";"Kısmi doğrulama";"Vero | Coach Nespresso® Uyumlu Kahve Kapsülü";"Menşe belirtilmemiş";"Erişilemedi";"359.99";"Erişilemedi";"Stokta";"https://coachcoffeeco.com/products/vero-coach-nespresso®-uyumlu-kahve-kapsulu";"2026-08-11"
"Coach Coffee Company";"Kısmi doğrulama";"Yılbaşı Nespresso Kapsül Hediye Kutusu";"Menşe belirtilmemiş";"Erişilemedi";"849";"Erişilemedi";"Stokta";"https://coachcoffeeco.com/products/yilbasi-nespresso-kapsul-hediye-kutusu";"2026-08-11"
"Coach Coffee Company";"Kısmi doğrulama";"Yılbaşı Otomatik Makine Hediye Kutusu";"Harman – menşe belirtilmemiş";"Erişilemedi";"849";"Erişilemedi";"Stokta";"https://coachcoffeeco.com/products/yilbasi-espresso-hediye-kutusu-otomatik-makine-uyumlu";"2026-08-11"
"Coach Coffee Company";"Kısmi doğrulama";"Yılbaşı Türk Kahvesi Hediye Kutusu";"Menşe belirtilmemiş";"Erişilemedi";"849";"Erişilemedi";"Stokta";"https://coachcoffeeco.com/products/yilbasi-turk-kahvesi-hediye-kutusu";"2026-08-11"
"Coffee Code Roasters";"Doğrulandı";"Brazil Jaguar";"Brezilya";"Erişilemedi";"440";"Erişilemedi";"Stokta";"https://coffeecode.com.tr/product/brazil-jaguar/";"2026-08-11"
"Coffee Code Roasters";"Pilot doğrulaması";"Brazil Jaguar";"Brezilya";"250";"440";"1760";"Stokta";"https://coffeecode.com.tr/shop/";"2026-08-11"
"Coffee Code Roasters";"Doğrulandı";"Brazil Red Diamond";"Brezilya";"Erişilemedi";"480";"Erişilemedi";"Stokta yok";"https://coffeecode.com.tr/product/brazil-red-diamond/";"2026-08-11"
"Coffee Code Roasters";"Doğrulandı";"Colombia İnga Aponte";"Kolombiya";"Erişilemedi";"460";"Erişilemedi";"Stokta";"https://coffeecode.com.tr/product/colombia-inga-aponte/";"2026-08-11"
"Coffee Code Roasters";"Pilot doğrulaması";"Colombia İnga Aponte";"Kolombiya";"250";"460";"1840";"Stokta";"https://coffeecode.com.tr/shop/";"2026-08-11"
"Coffee Code Roasters";"Doğrulandı";"Endonezya Frınsa";"Endonezya";"Erişilemedi";"300";"Erişilemedi";"Stokta yok";"https://coffeecode.com.tr/product/endonezya-frinsa/";"2026-08-11"
"Coffee Code Roasters";"Pilot doğrulaması";"Hakuna Matata";"Harman – menşe belirtilmemiş";"250";"540";"2160";"Stokta";"https://coffeecode.com.tr/shop/";"2026-08-11"
"Coffee Code Roasters";"Doğrulandı";"Honduras El Jardin";"Honduras";"Erişilemedi";"520";"Erişilemedi";"Stokta";"https://coffeecode.com.tr/product/honduras-el-jardin/";"2026-08-11"
"Coffee Code Roasters";"Pilot doğrulaması";"Honduras El Jardin";"Honduras";"250";"520";"2080";"Stokta";"https://coffeecode.com.tr/shop/";"2026-08-11"
"Coffee Code Roasters";"Doğrulandı";"Kahve Çuvalı";"Menşe belirtilmemiş";"Erişilemedi";"40";"Erişilemedi";"Stokta";"https://coffeecode.com.tr/product/kahve-cuvali/";"2026-08-11"
"Coffee Code Roasters";"Doğrulandı";"Kenya Wanrich";"Kenya";"Erişilemedi";"490";"Erişilemedi";"Stokta";"https://coffeecode.com.tr/product/kenya-wanrich/";"2026-08-11"
"Coffee Code Roasters";"Pilot doğrulaması";"Kenya Wanrich";"Kenya";"250";"490";"1960";"Stokta";"https://coffeecode.com.tr/shop/";"2026-08-11"
"Coffee Code Roasters";"Doğrulandı";"No Acid, No Fear";"Brezilya | Honduras | El Salvador";"100";"490";"4900";"Stokta";"https://coffeecode.com.tr/product/no-acid-no-fear/";"2026-08-11"
"Coffee Code Roasters";"Pilot doğrulaması";"No Acid, No Fear";"Harman – menşe belirtilmemiş";"250";"490";"1960";"Stokta";"https://coffeecode.com.tr/shop/";"2026-08-11"
"Coffee Code Roasters";"Doğrulandı";"Rwanda";"Ruanda";"Erişilemedi";"480";"Erişilemedi";"Stokta yok";"https://coffeecode.com.tr/product/rwanda/";"2026-08-11"
"Coffee Department";"Doğrulandı";"Brazil / Cerrado / Natural";"Brezilya";"Erişilemedi";"Erişilemedi";"Erişilemedi";"Belirsiz";"https://coffeedepartment.co/brazil-cerrado-natural";"2026-08-11"
"Coffee Department";"Doğrulandı";"Brazil / Diamantina / Natural";"Brezilya";"Erişilemedi";"Erişilemedi";"Erişilemedi";"Belirsiz";"https://coffeedepartment.co/brazil-diamantina-natural";"2026-08-11"
"Coffee Department";"Doğrulandı";"Colombia / Hulcafe / Sugar Cane Decaf";"Kolombiya";"Erişilemedi";"Erişilemedi";"Erişilemedi";"Belirsiz";"https://coffeedepartment.co/colombia-hulcafe-sugar-cane-decaf";"2026-08-11"
"Coffee Department";"Doğrulandı";"Costa Rica / La Isla / Honey Process";"Kosta Rika";"Erişilemedi";"Erişilemedi";"Erişilemedi";"Belirsiz";"https://coffeedepartment.co/costa-rica-la-isla-honey-process";"2026-08-11"
"Coffee Department";"Doğrulandı";"El Salvador / El Borbollon / Washed";"El Salvador";"Erişilemedi";"Erişilemedi";"Erişilemedi";"Belirsiz";"https://coffeedepartment.co/el-salvador-el-borbollon-washed";"2026-08-11"
"Coffee Department";"Doğrulandı";"El Salvador / Shasta / Washed";"El Salvador";"Erişilemedi";"Erişilemedi";"Erişilemedi";"Belirsiz";"https://coffeedepartment.co/el-salvador-shasta-washed";"2026-08-11"
"Coffee Department";"Doğrulandı";"Fruta Fresca / Specialty Blend";"Harman – menşe belirtilmemiş";"Erişilemedi";"Erişilemedi";"Erişilemedi";"Belirsiz";"https://coffeedepartment.co/fruta-fresca-blend";"2026-08-11"
"Coffee Department";"Doğrulandı";"Hario V60 02 Seramik Kahve Demleme Seti";"Menşe belirtilmemiş";"Erişilemedi";"Erişilemedi";"Erişilemedi";"Belirsiz";"https://coffeedepartment.co/hario-v60-02-seramik-kahve-demleme-seti";"2026-08-11"
"Coffee Department";"Doğrulandı";"Indonesia / Argopuro / Natural Anaerobic";"Endonezya";"Erişilemedi";"Erişilemedi";"Erişilemedi";"Belirsiz";"https://coffeedepartment.co/indonesia-argopuro-natural-anaerobic";"2026-08-11"
"Coffee Department";"Doğrulandı";"Rwanda / Akagera / Natural";"Ruanda";"Erişilemedi";"Erişilemedi";"Erişilemedi";"Belirsiz";"https://coffeedepartment.co/rwanda-akagera-natural";"2026-08-11"
"Coffee Department";"Doğrulandı";"Rwanda / Akagera / Washed";"Ruanda";"Erişilemedi";"Erişilemedi";"Erişilemedi";"Belirsiz";"https://coffeedepartment.co/rwanda-akagera-washed";"2026-08-11"
"Coffee Department";"Doğrulandı";"Uber Markt / Specialty Blend";"Harman – menşe belirtilmemiş";"Erişilemedi";"Erişilemedi";"Erişilemedi";"Belirsiz";"https://coffeedepartment.co/uber-markt-blend";"2026-08-11"
"Coffee Friendzone";"Kısmi doğrulama";"Cold Brew Black Strong Cam Şişe 200 Ml.";"Harman – menşe belirtilmemiş";"Erişilemedi";"95";"Erişilemedi";"Stokta";"https://coffeefriendzone.com/cold-brew-black-strong-cam-sise-200-ml/";"2026-08-11"
"Coffee Friendzone";"Kısmi doğrulama";"Colombia Geisha Cerro Azul Natural Signature Series";"Kolombiya | Hindistan";"15";"580";"38666.67";"Stokta yok";"https://coffeefriendzone.com/colombia-geisha-cerra-azul-natural-signature-series/";"2026-08-11"
"Coffee Friendzone";"Kısmi doğrulama";"Colombia Geisha Las Margaritas Anaerobic Natural Signature Series";"Kolombiya";"20";"580";"29000";"Stokta yok";"https://coffeefriendzone.com/colombia-geisha-las-margaritas-anaerobic-natural-signature-series/";"2026-08-11"
"Coffee Friendzone";"Kısmi doğrulama";"Colombia Huila Nitelikli Yöresel Çikolata Bar 100 Gr.";"Kolombiya";"100";"190";"1900";"Stokta yok";"https://coffeefriendzone.com/colombia-huila-nitelikli-yoresel-cikolata-bar-100-gr/";"2026-08-11"
"Coffee Friendzone";"Kısmi doğrulama";"Colombia Sudan Rume Signature Series";"Kolombiya";"28";"580";"20714.29";"Stokta yok";"https://coffeefriendzone.com/colombia-sudan-rume-signature-series/";"2026-08-11"
"Coffee Friendzone";"Kısmi doğrulama";"Costa Rica La Pastora Tarrazu SHB EP";"Brezilya | Kosta Rika | Panama";"Erişilemedi";"495";"Erişilemedi";"Stokta";"https://coffeefriendzone.com/costa-rica-la-pastora-tarrazu/";"2026-08-11"
"Coffee Friendzone";"Kısmi doğrulama";"Ethiopia Sidama Bochesa";"Etiyopya";"Erişilemedi";"750";"Erişilemedi";"Stokta";"https://coffeefriendzone.com/ethiopia-sidama-bochesa/";"2026-08-11"
"Coffee Friendzone";"Kısmi doğrulama";"Friendzone Signature Series";"Kolombiya";"Erişilemedi";"1700";"Erişilemedi";"Stokta yok";"https://coffeefriendzone.com/friendzone-signature-series/";"2026-08-11"
"Coffee Friendzone";"Kısmi doğrulama";"Intense Blend Nitelikli Yöresel Çikolata Bar 100 Gr.";"Harman – menşe belirtilmemiş";"100";"190";"1900";"Stokta yok";"https://coffeefriendzone.com/intense-blend-nitelikli-yoresel-cikolata-bar-100-gr/";"2026-08-11"
"Coffee Friendzone";"Kısmi doğrulama";"Kahve Aboneliği 250 Gr. Haftalık Gönderim 6 lı Paket Premium Çekirdekler";"Menşe belirtilmemiş";"250";"14900";"59600";"Stokta yok";"https://coffeefriendzone.com/kahve-aboneligi-250-gr-haftalik-gonderim-4-lu-paket-premium-cekirdekler/";"2026-08-11"
"Coffee Friendzone";"Kısmi doğrulama";"Kahve Aboneliği 250 Gr. Haftalık Gönderim 8 li Paket";"Harman – menşe belirtilmemiş";"250";"3800";"15200";"Stokta";"https://coffeefriendzone.com/kahve-aboneligi-250-gr/";"2026-08-11"
"Coffee Friendzone";"Kısmi doğrulama";"Madagascar Mava Nitelikli Yöresel Çikolata Bar 100 Gr.";"Menşe belirtilmemiş";"100";"190";"1900";"Stokta yok";"https://coffeefriendzone.com/madagascar-mava-nitelikli-yoresel-cikolata-bar-100-gr/";"2026-08-11"
"Coffee Friendzone";"Kısmi doğrulama";"Madagascar Sambirano No 1 Nitelikli Yöresel Çikolata Bar 100 Gr.";"Menşe belirtilmemiş";"100";"190";"1900";"Stokta yok";"https://coffeefriendzone.com/madagascar-sanbirano-no-1-nitelikli-yoresel-cikolata-bar-100-gr/";"2026-08-11"
"Coffee Friendzone";"Kısmi doğrulama";"Microlot Kahveler Deneme Seti";"Etiyopya | Kolombiya | Guatemala | Kosta Rika";"50";"420";"8400";"Stokta yok";"https://coffeefriendzone.com/microlot-kahveler-deneme-seti/";"2026-08-11"
"Coffee Friendzone";"Kısmi doğrulama";"Nitelikli Kahveler Deneme Seti";"Etiyopya | Kolombiya | Burundi | Endonezya";"50";"290";"5800";"Stokta yok";"https://coffeefriendzone.com/nitelikli-kahveler-deneme-seti/";"2026-08-11"
"Coffee Friendzone";"Kısmi doğrulama";"Nitelikli Türk Kahvesi Blend";"Brezilya | Yemen";"Erişilemedi";"300";"Erişilemedi";"Stokta";"https://coffeefriendzone.com/turk-kahvesi-blend/";"2026-08-11"
"Coffee Friendzone";"Kısmi doğrulama";"Papua New Guinea Elimbari A Grainpro";"Menşe belirtilmemiş";"Erişilemedi";"495";"Erişilemedi";"Stokta";"https://coffeefriendzone.com/papua-new-guinea-elimbari-a/";"2026-08-11"
"Coffee Friendzone";"Kısmi doğrulama";"Papua Yeni Gine Markham Nitelikli Yöresel Çikolata Bar 100 Gr.";"Menşe belirtilmemiş";"100";"190";"1900";"Stokta yok";"https://coffeefriendzone.com/papua-yeni-gine-markham-nitelikli-yoresel-cikolata-bar-100-gr/";"2026-08-11"
"Coffee Friendzone";"Kısmi doğrulama";"Peru San Martin Nitelikli Yöresel Çikolata Bar 100 Gr.";"Peru | Hindistan";"100";"190";"1900";"Stokta yok";"https://coffeefriendzone.com/peru-san-martin-nitelikli-yoresel-cikolata-bar-100-gr/";"2026-08-11"
"Coffee Friendzone";"Kısmi doğrulama";"Premium Espresso Blend";"Harman – menşe belirtilmemiş";"Erişilemedi";"450";"Erişilemedi";"Stokta";"https://coffeefriendzone.com/premium-espresso-blend/";"2026-08-11"
"Coffee Friendzone";"Kısmi doğrulama";"Premium Filter Coffee Blend";"Harman – menşe belirtilmemiş";"Erişilemedi";"450";"Erişilemedi";"Stokta";"https://coffeefriendzone.com/premium-filter-coffee-blend/";"2026-08-11"
"Coffee Friendzone";"Kısmi doğrulama";"Smooth Blend Nitelikli Yöresel Çikolata Bar 100 Gr.";"Harman – menşe belirtilmemiş";"100";"190";"1900";"Stokta yok";"https://coffeefriendzone.com/smooth-blend-nitelikli-yoresel-cikolata-bar-100-gr/";"2026-08-11"
"Coffee Friendzone";"Kısmi doğrulama";"Uganda Bugishu AA";"Menşe belirtilmemiş";"Erişilemedi";"495";"Erişilemedi";"Stokta";"https://coffeefriendzone.com/uganda-bugishu/";"2026-08-11"
"Coffee Lab";"Doğrulandı";"3. Nesil Kahve Demleme Çeşitleri";"Menşe belirtilmemiş";"Erişilemedi";"Erişilemedi";"Erişilemedi";"Belirsiz";"https://coffeelab.com.tr/3-nesil-kahve-demleme-cesitleri/";"2026-08-11"
"Coffee Lab";"Doğrulandı";"Aeropress";"Menşe belirtilmemiş";"Erişilemedi";"Erişilemedi";"Erişilemedi";"Belirsiz";"https://coffeelab.com.tr/product/aeropress/";"2026-08-11"
"Coffee Lab";"Doğrulandı";"Coffee frappe";"Menşe belirtilmemiş";"Erişilemedi";"Erişilemedi";"Erişilemedi";"Belirsiz";"https://coffeelab.com.tr/product/coffee-frappe/";"2026-08-11"
"Coffee Lab";"Doğrulandı";"Cold Brew";"Menşe belirtilmemiş";"Erişilemedi";"Erişilemedi";"Erişilemedi";"Belirsiz";"https://coffeelab.com.tr/product/cold-brew/";"2026-08-11"
"Coffee Lab";"Doğrulandı";"Cortado";"Menşe belirtilmemiş";"Erişilemedi";"Erişilemedi";"Erişilemedi";"Belirsiz";"https://coffeelab.com.tr/product/cortado/";"2026-08-11"
"Coffee Lab";"Doğrulandı";"Espresso";"Menşe belirtilmemiş";"Erişilemedi";"Erişilemedi";"Erişilemedi";"Belirsiz";"https://coffeelab.com.tr/product/espresso/";"2026-08-11"
"Coffee Lab";"Doğrulandı";"Espresso Con Panna";"Menşe belirtilmemiş";"Erişilemedi";"Erişilemedi";"Erişilemedi";"Belirsiz";"https://coffeelab.com.tr/product/espressoconpanna/";"2026-08-11"
"Coffee Lab";"Doğrulandı";"Espresso Macchiato";"Menşe belirtilmemiş";"Erişilemedi";"Erişilemedi";"Erişilemedi";"Belirsiz";"https://coffeelab.com.tr/product/espresso-macchiato/";"2026-08-11"
"Coffee Lab";"Doğrulandı";"Evinizde Uygulayabileceğiniz Süt Köpürtme Yöntemleri";"Menşe belirtilmemiş";"Erişilemedi";"Erişilemedi";"Erişilemedi";"Belirsiz";"https://coffeelab.com.tr/evinizde-uygulayabileceginiz-sut-kopurtme-yontemleri/";"2026-08-11"
"Coffee Lab";"Doğrulandı";"Filtre Kahve";"Menşe belirtilmemiş";"Erişilemedi";"Erişilemedi";"Erişilemedi";"Belirsiz";"https://coffeelab.com.tr/product/filtrekahve/";"2026-08-11"
"Coffee Lab";"Doğrulandı";"Iced Coffe";"Menşe belirtilmemiş";"Erişilemedi";"Erişilemedi";"Erişilemedi";"Belirsiz";"https://coffeelab.com.tr/product/icedcoffe/";"2026-08-11"
"Coffee Lab";"Doğrulandı";"Iced Mocha";"Menşe belirtilmemiş";"Erişilemedi";"Erişilemedi";"Erişilemedi";"Belirsiz";"https://coffeelab.com.tr/product/icedmocha/";"2026-08-11"
"Coffee Lab";"Doğrulandı";"Limonata";"Menşe belirtilmemiş";"Erişilemedi";"Erişilemedi";"Erişilemedi";"Belirsiz";"https://coffeelab.com.tr/product/limonata/";"2026-08-11"
"Coffee Lab";"Doğrulandı";"Toffe Coffee Latte";"Menşe belirtilmemiş";"Erişilemedi";"Erişilemedi";"Erişilemedi";"Belirsiz";"https://coffeelab.com.tr/product/toffe-coffee-latte/";"2026-08-11"
"Coffee Lab";"Doğrulandı";"Türk kahvesi";"Menşe belirtilmemiş";"Erişilemedi";"Erişilemedi";"Erişilemedi";"Belirsiz";"https://coffeelab.com.tr/product/turkkahvesi/";"2026-08-11"
"Coffee Manifesto";"Doğrulandı";"ESPRESSO DAILY DOSE 250 gr.";"Harman – menşe belirtilmemiş";"250";"440";"1760";"Stokta";"https://coffeemanifesto.com/product/espresso-daily-dose/";"2026-08-11"
"Coffee Manifesto";"Pilot doğrulaması";"Espresso Daily Dose";"Harman – menşe belirtilmemiş";"250";"440";"1760";"Stokta";"https://coffeemanifesto.com/wp-json/wc/store/v1/products?per_page=100";"2026-08-11"
"Coffee Manifesto";"Pilot doğrulaması";"No 00 Decaf";"Menşe belirtilmemiş";"250";"580";"2320";"Stokta";"https://coffeemanifesto.com/wp-json/wc/store/v1/products?per_page=100";"2026-08-11"
"Coffee Manifesto";"Doğrulandı";"No 00 Decaf 250 gr.";"Harman – menşe belirtilmemiş";"250";"580";"2320";"Stokta";"https://coffeemanifesto.com/product/no-00-decaff/";"2026-08-11"
"Coffee Manifesto";"Doğrulandı";"No 01 ClassIc Espresso 250 gr.";"Kolombiya | Guatemala";"250";"489.5";"1958";"Stokta";"https://coffeemanifesto.com/product/no-01-classic-espresso/";"2026-08-11"
"Coffee Manifesto";"Pilot doğrulaması";"No 01 Classic Espresso";"Harman – menşe belirtilmemiş";"250";"489.5";"1958";"Stokta";"https://coffeemanifesto.com/wp-json/wc/store/v1/products?per_page=100";"2026-08-11"
"Coffee Manifesto";"Pilot doğrulaması";"No 02 Modern Espresso";"Harman – menşe belirtilmemiş";"250";"506";"2024";"Stokta";"https://coffeemanifesto.com/wp-json/wc/store/v1/products?per_page=100";"2026-08-11"
"Coffee Manifesto";"Doğrulandı";"No 02 Modern Espresso 250 Gr.";"Kolombiya | Guatemala";"250";"506";"2024";"Stokta";"https://coffeemanifesto.com/product/no-02-modern-espresso/";"2026-08-11"
"Coffee Manifesto";"Doğrulandı";"No 03 ExclusIve Espresso 250 Gr.";"Etiyopya | Kenya";"250";"550";"2200";"Stokta";"https://coffeemanifesto.com/product/no-03-exclusive-espresso/";"2026-08-11"
"Coffee Manifesto";"Pilot doğrulaması";"No 03 Exclusive Espresso";"Harman – menşe belirtilmemiş";"250";"550";"2200";"Stokta";"https://coffeemanifesto.com/wp-json/wc/store/v1/products?per_page=100";"2026-08-11"
"Coffee Manifesto";"Pilot doğrulaması";"No 05 Ethiopia Sidamo";"Etiyopya";"250";"726";"2904";"Stokta";"https://coffeemanifesto.com/wp-json/wc/store/v1/products?per_page=100";"2026-08-11"
"Coffee Manifesto";"Doğrulandı";"No 05 Ethiopia Sidamo 250 Gr.";"Etiyopya";"250";"726";"2904";"Stokta";"https://coffeemanifesto.com/product/no-05-ethiopia-sidamo-bensa-keramo-250-gr/";"2026-08-11"
"Coffee Manifesto";"Doğrulandı";"No 08 EthIopIa YIrgacheffe 250 Gr.";"Etiyopya";"250";"726";"2904";"Stokta";"https://coffeemanifesto.com/product/no-08-ethiopia-yirgacheffe/";"2026-08-11"
"Coffee Manifesto";"Pilot doğrulaması";"No 08 Ethiopia Yirgacheffe";"Etiyopya";"250";"726";"2904";"Stokta";"https://coffeemanifesto.com/wp-json/wc/store/v1/products?per_page=100";"2026-08-11"
"Coffee Manifesto";"Doğrulandı";"No 11 ColombIa 250 Gr.";"Kolombiya";"250";"572";"2288";"Stokta";"https://coffeemanifesto.com/product/no-11-colombia/";"2026-08-11"
"Coffee Manifesto";"Pilot doğrulaması";"No 11 Colombia";"Kolombiya";"250";"572";"2288";"Stokta";"https://coffeemanifesto.com/wp-json/wc/store/v1/products?per_page=100";"2026-08-11"
"Coffee Manifesto";"Doğrulandı";"No 12 Guatemala 250 Gr.";"Guatemala";"250";"572";"2288";"Stokta yok";"https://coffeemanifesto.com/product/no-12-guatemala/";"2026-08-11"
"Coffee Manifesto";"Doğrulandı";"No 13 Honduras 250 Gr.";"Honduras";"250";"726";"2904";"Stokta yok";"https://coffeemanifesto.com/product/no-13-honduras-250-gr/";"2026-08-11"
"Coffee Manifesto";"Pilot doğrulaması";"No 20 Brezilya";"Brezilya";"250";"561";"2244";"Stokta";"https://coffeemanifesto.com/wp-json/wc/store/v1/products?per_page=100";"2026-08-11"
"Coffee Manifesto";"Doğrulandı";"No 20 Brezilya 250 Gr.";"Brezilya";"250";"561";"2244";"Stokta";"https://coffeemanifesto.com/product/no-20-brezilya-250-gr/";"2026-08-11"
"Coffee Manifesto";"Pilot doğrulaması";"No 22 El Salvador";"El Salvador";"250";"726";"2904";"Stokta";"https://coffeemanifesto.com/wp-json/wc/store/v1/products?per_page=100";"2026-08-11"
"Coffee Manifesto";"Doğrulandı";"No 22 El Salvador 250 Gr.";"El Salvador";"250";"726";"2904";"Stokta";"https://coffeemanifesto.com/product/no-22-elsalvador-250-gr/";"2026-08-11"
"Coffee Manifesto";"Pilot doğrulaması";"No Matter When";"Harman – menşe belirtilmemiş";"250";"632.5";"2530";"Stokta";"https://coffeemanifesto.com/wp-json/wc/store/v1/products?per_page=100";"2026-08-11"
"Coffee Manifesto";"Doğrulandı";"No Matter When 250 Gr.";"Menşe belirtilmemiş";"250";"632.5";"2530";"Stokta";"https://coffeemanifesto.com/product/no-natter-when/";"2026-08-11"
"Coffee Manifesto";"Doğrulandı";"Türk Kahvesi";"Menşe belirtilmemiş";"Erişilemedi";"132";"Erişilemedi";"Stokta";"https://coffeemanifesto.com/product/turk-kahvesi/";"2026-08-11"
"Coffee Manifesto";"Doğrulandı";"Wake Up Call";"Menşe belirtilmemiş";"Erişilemedi";"528";"Erişilemedi";"Stokta";"https://coffeemanifesto.com/product/wake-up-call/";"2026-08-11"
"Coffee Manifesto";"Pilot doğrulaması";"Wake Up Call";"Harman – menşe belirtilmemiş";"250";"528";"2112";"Stokta";"https://coffeemanifesto.com/wp-json/wc/store/v1/products?per_page=100";"2026-08-11"
"Coffee Project";"Doğrulandı";"%100 Soya Mum | Ekho Premium Kokulu";"Menşe belirtilmemiş";"Erişilemedi";"Erişilemedi";"Erişilemedi";"Belirsiz";"https://www.coffeeproject.com.tr/100-soya-mum";"2026-08-11"
"Coffee Project";"Doğrulandı";"2'li Kumaş Kahve Filtresi | Doğa Dostu Doğal Bez 1x4";"Menşe belirtilmemiş";"Erişilemedi";"Erişilemedi";"Erişilemedi";"Belirsiz";"https://www.coffeeproject.com.tr/2-adet-kumas-kahve-filtresi-dogal";"2026-08-11"
"Coffee Project";"Doğrulandı";"4'lü Kahve Tadım Seti";"Menşe belirtilmemiş";"Erişilemedi";"Erişilemedi";"Erişilemedi";"Belirsiz";"https://www.coffeeproject.com.tr/kahveler/tadim-seti";"2026-08-11"
"Coffee Project";"Doğrulandı";"Ahşap Telefon / Tablet Standı [Gojo]";"Menşe belirtilmemiş";"Erişilemedi";"Erişilemedi";"Erişilemedi";"Belirsiz";"https://www.coffeeproject.com.tr/ahsap-telefon-tablet-tutacagi-gojo";"2026-08-11"
"Coffee Project";"Doğrulandı";"Analog Hassas Süt Termometresi";"Menşe belirtilmemiş";"Erişilemedi";"Erişilemedi";"Erişilemedi";"Belirsiz";"https://www.coffeeproject.com.tr/urunlerimiz/hassas-sut-termometresi";"2026-08-11"
"Coffee Project";"Doğrulandı";"Baratza Encore - Otomatik Kahve Öğütücüsü | Siyah";"Menşe belirtilmemiş";"Erişilemedi";"Erişilemedi";"Erişilemedi";"Belirsiz";"https://www.coffeeproject.com.tr/urunlerimiz/baratza-encore-kahve-ogutucu";"2026-08-11"
"Coffee Project";"Pilot doğrulaması";"Brezilya Bella Giana";"Brezilya";"250";"802";"3208";"Stokta";"https://www.coffeeproject.com.tr/urun-kategori/kahveler";"2026-08-11"
"Coffee Project";"Doğrulandı";"Brezilya, Bella Giana";"Brezilya";"Erişilemedi";"Erişilemedi";"Erişilemedi";"Belirsiz";"https://www.coffeeproject.com.tr/kahveler/brezilya-bella-giana";"2026-08-11"
"Coffee Project";"Doğrulandı";"Coffee Project, Türk Kahvesi";"Menşe belirtilmemiş";"100";"Erişilemedi";"Erişilemedi";"Belirsiz";"https://www.coffeeproject.com.tr/100-gr-turk-kahvesi";"2026-08-11"
"Coffee Project";"Doğrulandı";"Coffee Project, Türk Kahvesi";"Menşe belirtilmemiş";"1000";"Erişilemedi";"Erişilemedi";"Belirsiz";"https://www.coffeeproject.com.tr/turk-kahvesi-turkish-coffee-1kg";"2026-08-11"
"Coffee Project";"Doğrulandı";"Cold Brew Coffee, Soğuk Demleme Kahvesi";"Menşe belirtilmemiş";"Erişilemedi";"Erişilemedi";"Erişilemedi";"Belirsiz";"https://www.coffeeproject.com.tr/kahveler/cold-brew";"2026-08-11"
"Coffee Project";"Pilot doğrulaması";"Colombia Excelso";"Kolombiya";"250";"814";"3256";"Stokta";"https://www.coffeeproject.com.tr/urun-kategori/kahveler";"2026-08-11"
"Coffee Project";"Doğrulandı";"Colombia, Excelso";"Kolombiya";"Erişilemedi";"Erişilemedi";"Erişilemedi";"Belirsiz";"https://www.coffeeproject.com.tr/kahveler/colombia-excelso";"2026-08-11"
"Coffee Project";"Pilot doğrulaması";"Costa Rica Las Torres";"Kosta Rika";"250";"1131";"4524";"Stokta";"https://www.coffeeproject.com.tr/urun-kategori/kahveler";"2026-08-11"
"Coffee Project";"Doğrulandı";"Çift Katmanlı Cam Kahve Bardağı | 250 ml";"Menşe belirtilmemiş";"Erişilemedi";"Erişilemedi";"Erişilemedi";"Belirsiz";"https://www.coffeeproject.com.tr/cift-katmanli-kahve-bardagi-250-ml";"2026-08-11"
"Coffee Project";"Doğrulandı";"Dijital Süt Termometresi DT-03";"Menşe belirtilmemiş";"Erişilemedi";"Erişilemedi";"Erişilemedi";"Belirsiz";"https://www.coffeeproject.com.tr/dijital-sut-termometresi-dt-03";"2026-08-11"
"Coffee Project";"Pilot doğrulaması";"El Salvador La Majada";"El Salvador";"250";"802";"3208";"Stokta";"https://www.coffeeproject.com.tr/urun-kategori/kahveler";"2026-08-11"
"Coffee Project";"Doğrulandı";"El Salvador, La Majada";"El Salvador";"Erişilemedi";"Erişilemedi";"Erişilemedi";"Belirsiz";"https://www.coffeeproject.com.tr/urunlerimiz/el-salvador-la-majada";"2026-08-11"
"Coffee Project";"Doğrulandı";"Epinox - Hassas Kahve Tartısı";"Menşe belirtilmemiş";"Erişilemedi";"Erişilemedi";"Erişilemedi";"Belirsiz";"https://www.coffeeproject.com.tr/urunlerimiz/hassas-kahve-tartisi";"2026-08-11"
"Coffee Project";"Pilot doğrulaması";"Etiyopya Kochere";"Etiyopya";"250";"968";"3872";"Stokta";"https://www.coffeeproject.com.tr/urun-kategori/kahveler";"2026-08-11"
"Coffee Project";"Doğrulandı";"Etiyopya, Guji Gigesa";"Etiyopya";"Erişilemedi";"Erişilemedi";"Erişilemedi";"Belirsiz";"https://www.coffeeproject.com.tr/kahveler/etiyopya-guji-gigesa";"2026-08-11"
"Coffee Project";"Pilot doğrulaması";"Feel It Filter Coffee";"Harman – menşe belirtilmemiş";"250";"662";"2648";"Stokta";"https://www.coffeeproject.com.tr/urun-kategori/kahveler";"2026-08-11"
"Coffee Project";"Doğrulandı";"Feel It, Filter Coffee";"Menşe belirtilmemiş";"Erişilemedi";"Erişilemedi";"Erişilemedi";"Belirsiz";"https://www.coffeeproject.com.tr/kahveler/feel-it-filter-coffee";"2026-08-11"
"Coffee Project";"Doğrulandı";"Feel It, Filter Coffee";"Menşe belirtilmemiş";"1000";"Erişilemedi";"Erişilemedi";"Belirsiz";"https://www.coffeeproject.com.tr/filter-coffee-filtre-kahve-feel-it-1-kg";"2026-08-11"
"Coffee Project";"Pilot doğrulaması";"Guatemala Antigua";"Guatemala";"250";"802";"3208";"Stokta";"https://www.coffeeproject.com.tr/urun-kategori/kahveler";"2026-08-11"
"Coffee Project";"Doğrulandı";"Guatemala, Antigua";"Guatemala";"Erişilemedi";"Erişilemedi";"Erişilemedi";"Belirsiz";"https://www.coffeeproject.com.tr/kahveler/guatemala-antigua";"2026-08-11"
"Coffee Project";"Doğrulandı";"Hario - Hassas Kahve Tartısı";"Menşe belirtilmemiş";"Erişilemedi";"Erişilemedi";"Erişilemedi";"Belirsiz";"https://www.coffeeproject.com.tr/urunlerimiz/hario-hassas-tarti";"2026-08-11"
"Coffee Project";"Doğrulandı";"Hario - Kahve Demleme Tartısı “Wide”";"Menşe belirtilmemiş";"Erişilemedi";"Erişilemedi";"Erişilemedi";"Belirsiz";"https://www.coffeeproject.com.tr/hario-drip-tartisi-wide";"2026-08-11"
"Coffee Project";"Doğrulandı";"Kahve Çuvalı | 1 adet";"Menşe belirtilmemiş";"Erişilemedi";"Erişilemedi";"Erişilemedi";"Belirsiz";"https://www.coffeeproject.com.tr/urunlerimiz/kahve-cuvali";"2026-08-11"
"Coffee Project";"Doğrulandı";"Kahve Düzleştirici - Distribütör | 58 mm";"Menşe belirtilmemiş";"Erişilemedi";"Erişilemedi";"Erişilemedi";"Belirsiz";"https://www.coffeeproject.com.tr/kahve-duzlestirici-distributor-58-mm-564";"2026-08-11"
"Coffee Project";"Doğrulandı";"Kahve Ölçü Kaşığı ve Paket Klipsi | Gri";"Menşe belirtilmemiş";"Erişilemedi";"Erişilemedi";"Erişilemedi";"Belirsiz";"https://www.coffeeproject.com.tr/kahve-olcu-kasigi-ve-paket-klipsi-gri";"2026-08-11"
"Coffee Project";"Doğrulandı";"Kahve Tamper - Ahşap Saplı | 58 mm";"Menşe belirtilmemiş";"Erişilemedi";"Erişilemedi";"Erişilemedi";"Belirsiz";"https://www.coffeeproject.com.tr/kahve-tamper-ahsap-sapli-58-mm-562";"2026-08-11"
"Coffee Project";"Doğrulandı";"Kahve Tamper - Alüminyum Saplı | 58 mm";"Menşe belirtilmemiş";"Erişilemedi";"Erişilemedi";"Erişilemedi";"Belirsiz";"https://www.coffeeproject.com.tr/kahve-tamper-aluminyum-sapli-58-mm-561";"2026-08-11"
"Coffee Project";"Doğrulandı";"Kahve Tamper - Click Tamper Basınç Ayarlı | 58 mm";"Menşe belirtilmemiş";"Erişilemedi";"Erişilemedi";"Erişilemedi";"Belirsiz";"https://www.coffeeproject.com.tr/kahve-tamper-click-tamper-basinc-ayarli-58-mm-563";"2026-08-11"
"Coffee Project";"Doğrulandı";"Kapsül Kahve 8'li | Nespresso Uyumlu";"Menşe belirtilmemiş";"Erişilemedi";"Erişilemedi";"Erişilemedi";"Belirsiz";"https://www.coffeeproject.com.tr/urunlerimiz/kapsul-kahve";"2026-08-11"
"Coffee Project";"Doğrulandı";"Knockbox | Kahve Posası Temizleme Kutusu - Çelik";"Menşe belirtilmemiş";"Erişilemedi";"Erişilemedi";"Erişilemedi";"Belirsiz";"https://www.coffeeproject.com.tr/knockbox-kahve-posasi-temizleme-kutusu-celik-555";"2026-08-11"
"Coffee Project";"Doğrulandı";"Knockbox | Kahve Posası Temizleme Kutusu - Siyah Çelik";"Menşe belirtilmemiş";"Erişilemedi";"Erişilemedi";"Erişilemedi";"Belirsiz";"https://www.coffeeproject.com.tr/knockbox-kahve-posasi-temizleme-kutusu-siyah-celik-559";"2026-08-11"
"Coffee Project";"Doğrulandı";"Kumaş Kahve Filtresi | Doğa Dostu Doğal Bez 1x4";"Menşe belirtilmemiş";"Erişilemedi";"Erişilemedi";"Erişilemedi";"Belirsiz";"https://www.coffeeproject.com.tr/urunlerimiz/kumas-kahve-filtresi-dogal";"2026-08-11"
"Coffee Project";"Doğrulandı";"MoccaMaster Cam Pot 1,2 lt [Yedek]";"Menşe belirtilmemiş";"Erişilemedi";"Erişilemedi";"Erişilemedi";"Belirsiz";"https://www.coffeeproject.com.tr/moccamaster-cam-pot-12-lt-203";"2026-08-11"
"Coffee Project";"Doğrulandı";"Motta - Espresso Ölçü Bardağı";"Menşe belirtilmemiş";"Erişilemedi";"Erişilemedi";"Erişilemedi";"Belirsiz";"https://www.coffeeproject.com.tr/motta-olculu-espresso-bardagi";"2026-08-11"
"Coffee Project";"Doğrulandı";"Motta Kahve Düzleştirici - Distribütör OCD | 58 mm Siyah";"Menşe belirtilmemiş";"Erişilemedi";"Erişilemedi";"Erişilemedi";"Belirsiz";"https://www.coffeeproject.com.tr/motta-kahve-duzlestirici-distributor-ocd-58-mm-siyah";"2026-08-11"
"Coffee Project";"Pilot doğrulaması";"Peru Decaf";"Peru";"250";"1075.45";"4301.8";"Stokta";"https://www.coffeeproject.com.tr/urun-kategori/kahveler";"2026-08-11"
"Coffee Project";"Doğrulandı";"Peru, Kafeinsiz Kahve (Decaf)";"Peru";"Erişilemedi";"Erişilemedi";"Erişilemedi";"Belirsiz";"https://www.coffeeproject.com.tr/kahveler/peru-kafeinsiz-kahve-decaf";"2026-08-11"
"Coffee Project";"Doğrulandı";"Profesyonel Dijital Süt Termometresi";"Menşe belirtilmemiş";"Erişilemedi";"Erişilemedi";"Erişilemedi";"Belirsiz";"https://www.coffeeproject.com.tr/dijital-sut-termometresi";"2026-08-11"
"Coffee Project";"Pilot doğrulaması";"Rwanda Kula";"Ruanda";"250";"726";"2904";"Stokta";"https://www.coffeeproject.com.tr/urun-kategori/kahveler";"2026-08-11"
"Coffee Project";"Doğrulandı";"Tamper Matı Bir Gözlü Bir Yuvalı | Kokusuz Silikon";"Menşe belirtilmemiş";"Erişilemedi";"Erişilemedi";"Erişilemedi";"Belirsiz";"https://www.coffeeproject.com.tr/tamper-mati-bir-gozlu-bir-yuvali-kokusuz-silikon-557";"2026-08-11"
"Coffee Project";"Doğrulandı";"Tamper Matı İki Gözlü İki Yuvalı | Kokusuz Silikon";"Menşe belirtilmemiş";"Erişilemedi";"Erişilemedi";"Erişilemedi";"Belirsiz";"https://www.coffeeproject.com.tr/tamper-mati-iki-gozlu-iki-yuvali-kokusuz-silikon-556";"2026-08-11"
"Coffee Project";"Pilot doğrulaması";"Tanzanya Kilimanjaro";"Tanzanya";"250";"968";"3872";"Stokta";"https://www.coffeeproject.com.tr/urun-kategori/kahveler";"2026-08-11"
"Coffee Project";"Doğrulandı";"Tanzanya, Klimanjaro";"Tanzanya";"Erişilemedi";"Erişilemedi";"Erişilemedi";"Belirsiz";"https://www.coffeeproject.com.tr/kahveler/tanzanya-klimanjaro";"2026-08-11"
"Coffee Project";"Pilot doğrulaması";"This Is It Espresso";"Harman – menşe belirtilmemiş";"250";"597";"2388";"Stokta";"https://www.coffeeproject.com.tr/urun-kategori/kahveler";"2026-08-11"
"Coffee Project";"Doğrulandı";"This Is It, Espresso Coffee";"Menşe belirtilmemiş";"Erişilemedi";"Erişilemedi";"Erişilemedi";"Belirsiz";"https://www.coffeeproject.com.tr/kahveler/this-is-it-espresso-coffee";"2026-08-11"
"Coffee Project";"Doğrulandı";"This Is It, Espresso Coffee (Toptan)";"Menşe belirtilmemiş";"1000";"Erişilemedi";"Erişilemedi";"Belirsiz";"https://www.coffeeproject.com.tr/this-is-it-espresso-coffee-toptan";"2026-08-11"
"Coffee Project";"Pilot doğrulaması";"Türk Kahvesi";"Türkiye (ürün sayfası beyanı)";"250";"425";"1700";"Stokta";"https://www.coffeeproject.com.tr/urun-kategori/kahveler";"2026-08-11"
"Coffee Project";"Doğrulandı";"Türk Kahvesi – Turkish Coffee";"Menşe belirtilmemiş";"Erişilemedi";"Erişilemedi";"Erişilemedi";"Belirsiz";"https://www.coffeeproject.com.tr/turk-kahvesi-turkish-coffee";"2026-08-11"
"Coffee Sapiens";"Doğrulandı";"Ürün kataloğu — ayrıntılı ürün verisine erişilemedi";"Erişilemedi";"Erişilemedi";"Erişilemedi";"Erişilemedi";"Erişilemedi";"https://www.coffeesapiens.com/pages/coffee-roasting";"2026-08-11"
"Coffee Tropic";"Doğrulandı";"African Magic Espresso Blend";"Kenya";"1000";"570";"570";"Stokta";"https://coffeetropic.com/urun/african-magic-espresso-blend/";"2026-08-11"
"Coffee Tropic";"Doğrulandı";"Artisan Espresso Blend No.1";"Kolombiya | Kosta Rika";"1000";"510";"510";"Stokta";"https://coffeetropic.com/urun/artisan-espresso-blend-no-1/";"2026-08-11"
"Coffee Tropic";"Doğrulandı";"Artisan Espresso Blend No.2";"Brezilya";"1000";"500";"500";"Stokta";"https://coffeetropic.com/urun/artisan-espresso-blend-no-2/";"2026-08-11"
"Coffee Tropic";"Doğrulandı";"Artisan Espresso Blend No.2 (Toptan)";"Brezilya";"Erişilemedi";"5550";"Erişilemedi";"Stokta";"https://coffeetropic.com/urun/artisan-espresso-blend-no-2-toptan/";"2026-08-11"
"Coffee Tropic";"Doğrulandı";"Artisan Espresso Blend No.3";"Honduras";"1000";"480";"480";"Stokta";"https://coffeetropic.com/urun/artisan-espresso-blend-no-3/";"2026-08-11"
"Coffee Tropic";"Doğrulandı";"Artisan Espresso Blend No.3 (Toptan)";"Honduras";"Erişilemedi";"5370";"Erişilemedi";"Stokta";"https://coffeetropic.com/urun/artisan-espresso-blend-no-3-toptan/";"2026-08-11"
"Coffee Tropic";"Doğrulandı";"Coffeetropic Sports Caffeine";"Harman – menşe belirtilmemiş";"1000";"460";"460";"Stokta";"https://coffeetropic.com/urun/yuksek-kafein-sporcu-kahvesi/";"2026-08-11"
"Coffee Tropic";"Doğrulandı";"Puan Ürünü 3 Türk Kahvesi 100gr.";"Harman – menşe belirtilmemiş";"100";"1";"10";"Stokta";"https://coffeetropic.com/urun/puan-urunu-3-turco-100/";"2026-08-11"
"Coffee Tropic";"Doğrulandı";"Puan Ürünü 4 Special Gamer Coffee Blend 100gr.";"Harman – menşe belirtilmemiş";"100";"1";"10";"Stokta";"https://coffeetropic.com/urun/puan-urunu-4-gamer-coffee-100gr/";"2026-08-11"
"Coffee Tropic";"Doğrulandı";"Puan Ürünü 5 TSO Kenya 100gr.";"Kenya";"100";"1";"10";"Stokta";"https://coffeetropic.com/urun/puan-urunu-5-kenya-100gr/";"2026-08-11"
"Coffee Tropic";"Doğrulandı";"Puan Ürünü 6 TSO Yirgacheffe 100gr.";"Etiyopya";"100";"1";"10";"Stokta";"https://coffeetropic.com/urun/puan-urunu-6-tso-yirga-100gr/";"2026-08-11"
"Coffee Tropic";"Doğrulandı";"Special Gamer Coffee Blend";"Etiyopya | Kolombiya | Ruanda";"1000";"460";"460";"Stokta";"https://coffeetropic.com/urun/special-gamer-blend/";"2026-08-11"
"Coffee Tropic";"Doğrulandı";"Terra Single Origin Colombia Medellin";"Kolombiya";"1000";"560";"560";"Stokta";"https://coffeetropic.com/urun/terra-single-origin-colombia-medellin-1kg/";"2026-08-11"
"Coffee Tropic";"Doğrulandı";"Terra Single Origin Ethiopia Yirgacheffe Gr.2";"Etiyopya | Hindistan";"1000";"630";"630";"Stokta";"https://coffeetropic.com/urun/terra-single-origin-ethiopia-yirgachaffe-gr-2/";"2026-08-11"
"Coffee Tropic";"Doğrulandı";"Terra Single Origin Guatemala Antigua";"Guatemala";"1000";"540";"540";"Stokta";"https://coffeetropic.com/urun/terra-single-origin-guatemala-antigua/";"2026-08-11"
"Coffee Tropic";"Doğrulandı";"Terra Single Origin Honduras Lempria";"Honduras";"1000";"530";"530";"Stokta";"https://coffeetropic.com/urun/terra-single-origin-honduras-lempira/";"2026-08-11"
"Coffee Tropic";"Doğrulandı";"Terra Single Origin Kenya Aa-Nyeri";"Kenya";"1000";"570";"570";"Stokta";"https://coffeetropic.com/urun/terra-single-origin-kenya-aa-nyeri/";"2026-08-11"
"Coffee Tropic";"Doğrulandı";"Terra Single Origin Nicaragua Nueva Segovia";"Honduras | Kosta Rika | Nikaragua";"1000";"540";"540";"Stokta";"https://coffeetropic.com/urun/terra-single-origin-nicaragua-nueva-segovia/";"2026-08-11"
"Coffee Tropic";"Doğrulandı";"Terra Single Origin Peru Puno Sandia Valley";"Peru";"1000";"540";"540";"Stokta";"https://coffeetropic.com/urun/terra-single-origin-peru-puno-sandia-valley/";"2026-08-11"
"Coffee Tropic";"Doğrulandı";"Turco Türk Kahvesi";"Harman – menşe belirtilmemiş";"200";"1000";"5000";"Stokta";"https://coffeetropic.com/urun/coffeetropic-turco-turk-kahvesi/";"2026-08-11"
"Coffee Tropic";"Doğrulandı";"Xxl Caffeine";"Harman – menşe belirtilmemiş";"1000";"610";"610";"Stokta";"https://coffeetropic.com/urun/coffeetropic-xxl-caffeine/";"2026-08-11"
"Coffee.dat";"Kısmi doğrulama";"Ürün kataloğu — ayrıntılı ürün verisine erişilemedi";"Erişilemedi";"Erişilemedi";"Erişilemedi";"Erişilemedi";"Erişilemedi";"Erişilemedi";"2026-08-11"
"Coffeeizim Coffee Roastery";"Doğrulandı";"Ürün kataloğu — ayrıntılı ürün verisine erişilemedi";"Erişilemedi";"Erişilemedi";"Erişilemedi";"Erişilemedi";"Erişilemedi";"https://coffeeizim.com.tr/";"2026-08-11"
"Coffeemamma";"Doğrulandı";"Coco Blend Filtre Kahve";"Harman – menşe belirtilmemiş";"Erişilemedi";"440";"Erişilemedi";"Stokta";"https://coffeemamma.com.tr/urunler/kahveler/filtre-kahveler/coco-blend-filtre-kahve/";"2026-08-11"
"Coffeemamma";"Doğrulandı";"Colombia Armenia Quiendio by Jaira Arcila 200 g";"Kolombiya";"200";"1000";"5000";"Stokta yok";"https://coffeemamma.com.tr/urunler/kahveler/microlot-filtre-kahveler/colombia-armenia-quiendio-by-jaira-arcila/";"2026-08-11"
"Coffeemamma";"Doğrulandı";"Colombia Finca Mazatlan Washed";"Kolombiya";"250";"550";"2200";"Stokta yok";"https://coffeemamma.com.tr/urunler/kahveler/filtre-kahveler/colombia-finca-mazatlan-washed/";"2026-08-11"
"Coffeemamma";"Doğrulandı";"Colombia Microlot Series Pink Borbon Creation 250g";"Kolombiya";"250";"565";"2260";"Stokta";"https://coffeemamma.com.tr/urunler/kahveler/microlot-filtre-kahveler/colombia-pink-borbon-creation/";"2026-08-11"
"Coffeemamma";"Doğrulandı";"COMANDANTE C40 Nitro Blade LIQUID AMBER MK4";"Menşe belirtilmemiş";"Erişilemedi";"16950";"Erişilemedi";"Stokta";"https://coffeemamma.com.tr/urunler/kahve-ogutuculeri/comandante-c40-nitro-blade-liquid-amber-mk4/";"2026-08-11"
"Coffeemamma";"Doğrulandı";"Comandante C40 Nitro Blade MK4 Yeni Black";"Menşe belirtilmemiş";"Erişilemedi";"14950";"Erişilemedi";"Stokta";"https://coffeemamma.com.tr/urunler/kahve-ogutuculeri/comandante-c40-nitro-blade-mk4-yeni-black/";"2026-08-11"
"Coffeemamma";"Doğrulandı";"Espresso Carnaval";"Brezilya";"Erişilemedi";"425";"Erişilemedi";"Stokta";"https://coffeemamma.com.tr/urunler/kahveler/espressolar/espresso-carnaval/";"2026-08-11"
"Coffeemamma";"Doğrulandı";"Espresso Comandante Blend";"Harman – menşe belirtilmemiş";"Erişilemedi";"455";"Erişilemedi";"Stokta";"https://coffeemamma.com.tr/urunler/kahveler/espressolar/espresso-comandante-blend/";"2026-08-11"
"Coffeemamma";"Doğrulandı";"Espresso Honduras Single Origin";"Honduras";"Erişilemedi";"470";"Erişilemedi";"Stokta";"https://coffeemamma.com.tr/urunler/kahveler/espressolar/espresso-honduras-single-origin/";"2026-08-11"
"Coffeemamma";"Doğrulandı";"Espresso Napolitan Blend";"Brezilya";"Erişilemedi";"425";"Erişilemedi";"Stokta";"https://coffeemamma.com.tr/urunler/kahveler/espressolar/espresso-napolitan/";"2026-08-11"
"Coffeemamma";"Doğrulandı";"Espresso New York Blend";"Harman – menşe belirtilmemiş";"Erişilemedi";"435";"Erişilemedi";"Stokta";"https://coffeemamma.com.tr/urunler/kahveler/espressolar/espresso-new-york-blend/";"2026-08-11"
"Coffeemamma";"Doğrulandı";"Espresso Nicaragua SHG EP";"Nikaragua";"Erişilemedi";"425";"Erişilemedi";"Stokta yok";"https://coffeemamma.com.tr/urunler/kahveler/espressolar/espresso-nicaragua-shg-ep/";"2026-08-11"
"Coffeemamma";"Doğrulandı";"Ethiopia Sidama Mitima Shantawene Gr1 Natural";"Etiyopya";"250";"510";"2040";"Stokta";"https://coffeemamma.com.tr/urunler/kahveler/microlot-filtre-kahveler/ethiopia-sidama-mitima-shantawene-gr1-natural/";"2026-08-11"
"Coffeemamma";"Doğrulandı";"Ethiopia Yirgacheffe Aricha GR.I 250g";"Etiyopya";"250";"510";"2040";"Stokta yok";"https://coffeemamma.com.tr/urunler/kahveler/microlot-filtre-kahveler/ethiopia-yirgacheffe-aricha-gr-i/";"2026-08-11"
"Coffeemamma";"Doğrulandı";"Guatemala Nuevo Oriente Natural 250g";"Guatemala";"250";"550";"2200";"Stokta";"https://coffeemamma.com.tr/urunler/kahveler/microlot-filtre-kahveler/guatemala-nuova-oriente-natural/";"2026-08-11"
"Coffeemamma";"Doğrulandı";"Hassas Kahve Terazisi";"Menşe belirtilmemiş";"Erişilemedi";"1000";"Erişilemedi";"Stokta yok";"https://coffeemamma.com.tr/urunler/tartilar/hassas-kahve-terazisi/";"2026-08-11"
"Coffeemamma";"Doğrulandı";"Heft Ethiopia Yirgacheffe Türk kahvesi 100g";"Etiyopya";"100";"110";"1100";"Stokta yok";"https://coffeemamma.com.tr/urunler/kahveler/turk-kahveleri/heft-ethiopia-yirgacheffe-turk-kahvesi-100g/";"2026-08-11"
"Coffeemamma";"Doğrulandı";"House Blend Filtre Kahve";"Harman – menşe belirtilmemiş";"Erişilemedi";"440";"Erişilemedi";"Stokta";"https://coffeemamma.com.tr/urunler/kahveler/filtre-kahveler/house-blend-filtre-kahve/";"2026-08-11"
"Coffeemamma";"Doğrulandı";"Kahvem Geleneksel Türk Kahvesi 100g";"Brezilya";"100";"451";"4510";"Stokta";"https://coffeemamma.com.tr/urunler/kahveler/turk-kahveleri/kahvem-geleneksel-turk-kahvesi-100g/";"2026-08-11"
"Coffeemamma";"Doğrulandı";"Peru Finca Rosenheim 250g.";"Peru";"250";"440";"1760";"Stokta yok";"https://coffeemamma.com.tr/urunler/kahveler/filtre-kahveler/peru-finca-rosenheim-250g/";"2026-08-11"
"CoffeeNutz";"Kısmi doğrulama";"Ürün kataloğu — ayrıntılı ürün verisine erişilemedi";"Erişilemedi";"Erişilemedi";"Erişilemedi";"Erişilemedi";"Erişilemedi";"Erişilemedi";"2026-08-11"
"Coffeerem Roastery";"Kısmi doğrulama";"Brazil Alfenas Dulce Türk Kahvesi";"Brezilya";"Erişilemedi";"500";"Erişilemedi";"Stokta";"https://coffeerem.com/product/brazil-alfenas-dulce-turk-kahvesi/";"2026-08-11"
"Coffeerem Roastery";"Kısmi doğrulama";"Brazil DCM Natural Process Decaf";"Brezilya";"Erişilemedi";"650";"Erişilemedi";"Stokta";"https://coffeerem.com/product/brazil-dcm-natural-process-decaf/";"2026-08-11"
"Coffeerem Roastery";"Kısmi doğrulama";"Brazil High Mogiana Türk Kahvesi";"Brezilya";"Erişilemedi";"500";"Erişilemedi";"Stokta";"https://coffeerem.com/product/brazil-high-mogiana-turk-kahvesi/";"2026-08-11"
"Coffeerem Roastery";"Kısmi doğrulama";"Coffeerem Black Box";"Etiyopya | Kolombiya";"70";"1200";"17142.86";"Stokta yok";"https://coffeerem.com/product/coffeerem-black-box/";"2026-08-11"
"Coffeerem Roastery";"Kısmi doğrulama";"Coffeerem Santa Monica Serisi";"Kolombiya";"100";"2000";"20000";"Stokta";"https://coffeerem.com/product/coffeerem-santa-monica-serisi/";"2026-08-11"
"Coffeerem Roastery";"Kısmi doğrulama";"Coffeerem Yeni Yıl Özel Kutusu";"Kolombiya";"100";"1800";"18000";"Stokta yok";"https://coffeerem.com/product/coffeerem-yeni-yil-ozel-kutusu/";"2026-08-11"
"Coffeerem Roastery";"Kısmi doğrulama";"Cold Brew Boledu Natural Anaerobic";"Menşe belirtilmemiş";"Erişilemedi";"850";"Erişilemedi";"Stokta";"https://coffeerem.com/product/cold-brew-boledu-natural-anaerobic/";"2026-08-11"
"Coffeerem Roastery";"Kısmi doğrulama";"Cold Brew El Indio";"Menşe belirtilmemiş";"Erişilemedi";"750";"Erişilemedi";"Stokta yok";"https://coffeerem.com/product/cold-brew-el-indio/";"2026-08-11"
"Coffeerem Roastery";"Kısmi doğrulama";"Cold Brew Elkin Guzman Strawberry";"Kolombiya";"Erişilemedi";"1100";"Erişilemedi";"Stokta yok";"https://coffeerem.com/product/cold-brew-elkin-guzman-strawberry/";"2026-08-11"
"Coffeerem Roastery";"Kısmi doğrulama";"Cold Brew Finca Milan Washed Nitro";"Kolombiya";"Erişilemedi";"1100";"Erişilemedi";"Stokta";"https://coffeerem.com/product/cold-brew-finca-milan-washed-nitro/";"2026-08-11"
"Coffeerem Roastery";"Kısmi doğrulama";"Cold Brew Gisanga";"Ruanda";"Erişilemedi";"750";"Erişilemedi";"Stokta yok";"https://coffeerem.com/product/cold-brew-gisanga/";"2026-08-11"
"Coffeerem Roastery";"Kısmi doğrulama";"Cold Brew Maracay";"Kolombiya";"Erişilemedi";"900";"Erişilemedi";"Stokta yok";"https://coffeerem.com/product/cold-brew-yaye/";"2026-08-11"
"Coffeerem Roastery";"Kısmi doğrulama";"Cold Brew No: 1";"Menşe belirtilmemiş";"Erişilemedi";"700";"Erişilemedi";"Stokta";"https://coffeerem.com/product/cold-brew-no-1/";"2026-08-11"
"Coffeerem Roastery";"Kısmi doğrulama";"Cold Brew No: 2";"Etiyopya";"Erişilemedi";"650";"Erişilemedi";"Stokta yok";"https://coffeerem.com/product/cold-brew-no-2/";"2026-08-11"
"Coffeerem Roastery";"Kısmi doğrulama";"Cold Brew No: 2";"Kolombiya";"Erişilemedi";"800";"Erişilemedi";"Stokta";"https://coffeerem.com/product/cold-brew-01-1-litre/";"2026-08-11"
"Coffeerem Roastery";"Kısmi doğrulama";"Cold Brew Rugali Natural Anaerobic";"Hindistan";"Erişilemedi";"900";"Erişilemedi";"Stokta";"https://coffeerem.com/product/cold-brew-rugali-natural-anaerobic/";"2026-08-11"
"Coffeerem Roastery";"Kısmi doğrulama";"Cold Brew Santa Monica Coco Peach";"Hindistan";"Erişilemedi";"1100";"Erişilemedi";"Stokta";"https://coffeerem.com/product/cold-brew-santa-monica-coco-peach/";"2026-08-11"
"Coffeerem Roastery";"Kısmi doğrulama";"Cold Brew Santa Monica Passion Fruit";"Menşe belirtilmemiş";"Erişilemedi";"1100";"Erişilemedi";"Stokta";"https://coffeerem.com/product/cold-brew-santa-monica-passion-fruit-2/";"2026-08-11"
"Coffeerem Roastery";"Kısmi doğrulama";"Cold Brew Santa Monica Passion Fruit";"Menşe belirtilmemiş";"Erişilemedi";"1200";"Erişilemedi";"Stokta";"https://coffeerem.com/product/cold-brew-santa-monica-passion-fruit/";"2026-08-11"
"Coffeerem Roastery";"Kısmi doğrulama";"Cold Brew Shyria Natural Anaerobic";"Menşe belirtilmemiş";"Erişilemedi";"900";"Erişilemedi";"Stokta";"https://coffeerem.com/product/cold-brew-shyria-natural-anaerobic/";"2026-08-11"
"Coffeerem Roastery";"Kısmi doğrulama";"Cold Brew Sugarcane Decaf";"Kolombiya";"Erişilemedi";"700";"Erişilemedi";"Stokta yok";"https://coffeerem.com/product/cold-brew-sugarcane-decaf/";"2026-08-11"
"Coffeerem Roastery";"Kısmi doğrulama";"Dark Ceremony Espresso Filtre";"Harman – menşe belirtilmemiş";"60000";"500";"8.33";"Stokta";"https://coffeerem.com/product/dark-ceremony-espressofiltre/";"2026-08-11"
"Coffeerem Roastery";"Kısmi doğrulama";"ESPRESSO DENEME PAKETİ";"Harman – menşe belirtilmemiş";"1000";"1700";"1700";"Stokta";"https://coffeerem.com/product/espresso-deneme-paketi/";"2026-08-11"
"Coffeerem Roastery";"Kısmi doğrulama";"FİLTRE DENEME PAKETİ";"Etiyopya | Kolombiya | Brezilya";"600";"1600";"2666.67";"Stokta";"https://coffeerem.com/product/filtre-deneme-paketi/";"2026-08-11"
"Coffeerem Roastery";"Kısmi doğrulama";"House Ceremony Espresso Filtre";"Kolombiya";"16";"510";"31875";"Stokta";"https://coffeerem.com/product/house-ceremony-yeni-yil-ozer-seri/";"2026-08-11"
"Coffeerem Roastery";"Kısmi doğrulama";"Red Ceremony Espresso Filtre";"Harman – menşe belirtilmemiş";"60000";"500";"8.33";"Stokta";"https://coffeerem.com/product/red-ceremony-espressofiltre/";"2026-08-11"
"Coffy";"Kısmi doğrulama";"Ürün kataloğu — ayrıntılı ürün verisine erişilemedi";"Erişilemedi";"Erişilemedi";"Erişilemedi";"Erişilemedi";"Erişilemedi";"Erişilemedi";"2026-08-11"
"Collective Coffee Roasters";"Kısmi doğrulama";"Brasil / Alta Mogiana";"Brezilya";"Erişilemedi";"Erişilemedi";"Erişilemedi";"Stokta";"https://collectivecoffeeroasters.com.tr/product/brasil-alta-mogiana/";"2026-08-11"
"Collective Coffee Roasters";"Kısmi doğrulama";"Brasil / Amazon Espresso Blend";"Brezilya";"Erişilemedi";"Erişilemedi";"Erişilemedi";"Stokta";"https://collectivecoffeeroasters.com.tr/product/brasil-amazon-espresso-blend/";"2026-08-11"
"Collective Coffee Roasters";"Kısmi doğrulama";"Brasil / Bukowski Espresso Blend";"Brezilya";"Erişilemedi";"Erişilemedi";"Erişilemedi";"Stokta";"https://collectivecoffeeroasters.com.tr/product/brasil-bukowski-espresso-blend/";"2026-08-11"
"Collective Coffee Roasters";"Kısmi doğrulama";"Colombia / Medellin";"Kolombiya";"Erişilemedi";"Erişilemedi";"Erişilemedi";"Stokta";"https://collectivecoffeeroasters.com.tr/product/colombia-medellin/";"2026-08-11"
"Collective Coffee Roasters";"Kısmi doğrulama";"Ethiopia / Africano Espresso Blend";"Etiyopya";"Erişilemedi";"Erişilemedi";"Erişilemedi";"Stokta";"https://collectivecoffeeroasters.com.tr/product/ethiopia-africano-espresso-blend/";"2026-08-11"
"Collective Coffee Roasters";"Kısmi doğrulama";"Ethiopia / Chelelektu";"Etiyopya";"Erişilemedi";"Erişilemedi";"Erişilemedi";"Stokta";"https://collectivecoffeeroasters.com.tr/product/ethiopia-chelelektu/";"2026-08-11"
"Collective Coffee Roasters";"Kısmi doğrulama";"Ethiopia / Cross Espresso Blend";"Etiyopya";"Erişilemedi";"Erişilemedi";"Erişilemedi";"Stokta";"https://collectivecoffeeroasters.com.tr/product/ethiopia-cross-espresso-blend/";"2026-08-11"
"Collective Coffee Roasters";"Kısmi doğrulama";"Ethiopia / Konga";"Etiyopya";"Erişilemedi";"Erişilemedi";"Erişilemedi";"Stokta";"https://collectivecoffeeroasters.com.tr/product/ethiopia-konga/";"2026-08-11"
"Collective Coffee Roasters";"Kısmi doğrulama";"Ethiopia / Lekempti";"Etiyopya";"Erişilemedi";"Erişilemedi";"Erişilemedi";"Stokta";"https://collectivecoffeeroasters.com.tr/product/ethiopia-lekempti/";"2026-08-11"
"Collective Coffee Roasters";"Kısmi doğrulama";"Guatemala / Huehuetenengo";"Guatemala";"Erişilemedi";"Erişilemedi";"Erişilemedi";"Stokta";"https://collectivecoffeeroasters.com.tr/product/guatemala-huehuetenengo/";"2026-08-11"
"Collective Coffee Roasters";"Kısmi doğrulama";"Kenya / Central";"Kenya";"Erişilemedi";"Erişilemedi";"Erişilemedi";"Stokta";"https://collectivecoffeeroasters.com.tr/product/kenya-central/";"2026-08-11"
"Collective Coffee Roasters";"Kısmi doğrulama";"Kenya / Rift Valley";"Kenya";"Erişilemedi";"Erişilemedi";"Erişilemedi";"Stokta";"https://collectivecoffeeroasters.com.tr/product/kenya-rift-valley/";"2026-08-11"
"Collective Coffee Roasters";"Kısmi doğrulama";"Tanzania / Kilimanjaro";"Tanzanya";"Erişilemedi";"Erişilemedi";"Erişilemedi";"Stokta";"https://collectivecoffeeroasters.com.tr/product/tanzania-kilimanjaro/";"2026-08-11"
"Collective Coffee Roasters";"Kısmi doğrulama";"Tanzania / Mbinga";"Tanzanya";"Erişilemedi";"Erişilemedi";"Erişilemedi";"Stokta";"https://collectivecoffeeroasters.com.tr/product/tanzania-mbinga/";"2026-08-11"
"Collective Coffee Roasters";"Kısmi doğrulama";"Turkish Coffee";"Brezilya";"Erişilemedi";"Erişilemedi";"Erişilemedi";"Stokta";"https://collectivecoffeeroasters.com.tr/product/turkish-coffee/";"2026-08-11"
"Cup of Joy";"Kısmi doğrulama";"Ürün kataloğu — ayrıntılı ürün verisine erişilemedi";"Erişilemedi";"Erişilemedi";"Erişilemedi";"Erişilemedi";"Erişilemedi";"Erişilemedi";"2026-08-11"
"Daphne Coffee Co.";"Kısmi doğrulama";"Ürün kataloğu — ayrıntılı ürün verisine erişilemedi";"Erişilemedi";"Erişilemedi";"Erişilemedi";"Erişilemedi";"Erişilemedi";"Erişilemedi";"2026-08-11"
"Deal Coffee Co.";"Doğrulandı";"CEREMONY";"Kolombiya | Brezilya";"Erişilemedi";"540";"Erişilemedi";"Stokta";"https://deal.com.tr/products/ceremonyy";"2026-08-11"
"Deal Coffee Co.";"Doğrulandı";"CEREMONY";"Kolombiya | Brezilya";"Erişilemedi";"1944";"Erişilemedi";"Stokta";"https://deal.com.tr/products/ceremonyy";"2026-08-11"
"Deal Coffee Co.";"Doğrulandı";"Experimental Cold Brew";"Kolombiya | Hindistan";"Erişilemedi";"1100";"Erişilemedi";"Stokta";"https://deal.com.tr/products/experimental-cold-brew";"2026-08-11"
"Deal Coffee Co.";"Doğrulandı";"Ofis Kahvesi Bundle 1000gr x5";"Kolombiya";"1000";"7750";"7750";"Stokta";"https://deal.com.tr/products/ofis-kahvesi-bundle-1000gr-x5";"2026-08-11"
"Deal Coffee Co.";"Doğrulandı";"Orange Bourbon (Endonezya)";"Endonezya";"Erişilemedi";"850";"Erişilemedi";"Stokta";"https://deal.com.tr/products/endonezya-orange-bourbon";"2026-08-11"
"Depo Coffee Roasting";"Doğrulandı";"Online Sodexo ve Multinet &ouml;deme se&ccedil;enekleriyle Alışveriş Yapabilirsin!";"Panama";"Erişilemedi";"Erişilemedi";"Erişilemedi";"Belirsiz";"https://www.depocoffeeroasting.com/post/12-panama-kahvesinin-özellikleri";"2026-08-11"
"Depo Coffee Roasting";"Doğrulandı";"Online Sodexo ve Multinet &ouml;deme se&ccedil;enekleriyle Alışveriş Yapabilirsin!";"Menşe belirtilmemiş";"15";"Erişilemedi";"Erişilemedi";"Belirsiz";"https://www.depocoffeeroasting.com/post/french-press-nasıl-demlenir";"2026-08-11"
"Depo Coffee Roasting";"Doğrulandı";"Online Sodexo ve Multinet &ouml;deme se&ccedil;enekleriyle Alışveriş Yapabilirsin!";"Menşe belirtilmemiş";"60000";"Erişilemedi";"Erişilemedi";"Belirsiz";"https://www.depocoffeeroasting.com/post/çin-in-kahve-üretimindeki-rolü";"2026-08-11"
"der Röster";"Doğrulandı";"Ürün kataloğu — ayrıntılı ürün verisine erişilemedi";"Erişilemedi";"Erişilemedi";"Erişilemedi";"Erişilemedi";"Erişilemedi";"https://derroster.com/der-roster";"2026-08-11"
"Edition Coffee Roastery";"Doğrulandı";"Edition Coffee Roastery";"Menşe belirtilmemiş";"Erişilemedi";"850";"Erişilemedi";"Belirsiz";"https://editioncoffee.com.tr/";"2026-08-11"
"Espressolab";"Doğrulandı";"Ürün kataloğu — ayrıntılı ürün verisine erişilemedi";"Erişilemedi";"Erişilemedi";"Erişilemedi";"Erişilemedi";"Erişilemedi";"https://espressolab.com/alisveris";"2026-08-11"
"Fam Coffee";"Kısmi doğrulama";"Ürün kataloğu — ayrıntılı ürün verisine erişilemedi";"Erişilemedi";"Erişilemedi";"Erişilemedi";"Erişilemedi";"Erişilemedi";"Erişilemedi";"2026-08-11"
"Federal Coffee";"Kısmi doğrulama";"Ürün kataloğu — ayrıntılı ürün verisine erişilemedi";"Erişilemedi";"Erişilemedi";"Erişilemedi";"Erişilemedi";"Erişilemedi";"Erişilemedi";"2026-08-11"
"Four Letter Word Coffee";"Doğrulandı";"-MAILING LIST- &mdash; FOUR LETTER WORD COFFEE ROASTERS";"Menşe belirtilmemiş";"Erişilemedi";"Erişilemedi";"Erişilemedi";"Belirsiz";"https://www.4lwcoffee.com/mailing-list";"2026-08-11"
"Four Letter Word Coffee";"Doğrulandı";"2 LB Blend";"Harman – menşe belirtilmemiş";"Erişilemedi";"Erişilemedi";"Erişilemedi";"Belirsiz";"https://www.4lwcoffee.com/subscription/p/subscription-blends-1";"2026-08-11"
"Four Letter Word Coffee";"Doğrulandı";"4LW COFFEE ABOUT &mdash; FOUR LETTER WORD COFFEE ROASTERS";"Menşe belirtilmemiş";"Erişilemedi";"Erişilemedi";"Erişilemedi";"Belirsiz";"https://www.4lwcoffee.com/who-we-are";"2026-08-11"
"Four Letter Word Coffee";"Doğrulandı";"ABOUT &mdash; FOUR LETTER WORD COFFEE ROASTERS";"Menşe belirtilmemiş";"Erişilemedi";"Erişilemedi";"Erişilemedi";"Belirsiz";"https://www.4lwcoffee.com/who";"2026-08-11"
"Four Letter Word Coffee";"Doğrulandı";"Books &mdash; FOUR LETTER WORD COFFEE ROASTERS";"Menşe belirtilmemiş";"Erişilemedi";"Erişilemedi";"Erişilemedi";"Belirsiz";"https://www.4lwcoffee.com/books";"2026-08-11"
"Four Letter Word Coffee";"Doğrulandı";"BRAZIL Matas";"Brezilya";"Erişilemedi";"Erişilemedi";"Erişilemedi";"Belirsiz";"https://www.4lwcoffee.com/store-1/p/brazil-matas";"2026-08-11"
"Four Letter Word Coffee";"Doğrulandı";"burgaz &mdash; FOUR LETTER WORD COFFEE ROASTERS";"Menşe belirtilmemiş";"Erişilemedi";"Erişilemedi";"Erişilemedi";"Belirsiz";"https://www.4lwcoffee.com/burgaz";"2026-08-11"
"Four Letter Word Coffee";"Doğrulandı";"BURUNDI: LONG MILES COFFEE PROJECT";"Burundi";"Erişilemedi";"Erişilemedi";"Erişilemedi";"Belirsiz";"https://www.4lwcoffee.com/info-long-miles-coffee";"2026-08-11"
"Four Letter Word Coffee";"Doğrulandı";"Chicago Gallery &mdash; FOUR LETTER WORD COFFEE ROASTERS";"Menşe belirtilmemiş";"Erişilemedi";"5";"Erişilemedi";"Belirsiz";"https://www.4lwcoffee.com/chicago-gallery";"2026-08-11"
"Four Letter Word Coffee";"Doğrulandı";"COFFEE TRIPS";"Menşe belirtilmemiş";"Erişilemedi";"Erişilemedi";"Erişilemedi";"Belirsiz";"https://www.4lwcoffee.com/origin-coming-soon";"2026-08-11"
"Four Letter Word Coffee";"Doğrulandı";"coffees &mdash; COFFEES &mdash; FOUR LETTER WORD COFFEE ROASTERS";"Menşe belirtilmemiş";"Erişilemedi";"Erişilemedi";"Erişilemedi";"Belirsiz";"https://www.4lwcoffee.com/store-1/coffees";"2026-08-11"
"Four Letter Word Coffee";"Doğrulandı";"COFFEES &mdash; FOUR LETTER WORD COFFEE ROASTERS";"Menşe belirtilmemiş";"Erişilemedi";"Erişilemedi";"Erişilemedi";"Belirsiz";"https://www.4lwcoffee.com/store-1";"2026-08-11"
"Four Letter Word Coffee";"Doğrulandı";"COLOMBIA Sidra de Luz";"Kolombiya";"Erişilemedi";"Erişilemedi";"Erişilemedi";"Belirsiz";"https://www.4lwcoffee.com/store-1/p/colombia-sidra-de-luz";"2026-08-11"
"Four Letter Word Coffee";"Doğrulandı";"COLOMBIA: LA PALMA Y EL TUCAN";"Kolombiya";"Erişilemedi";"Erişilemedi";"Erişilemedi";"Belirsiz";"https://www.4lwcoffee.com/info-colombialapalma";"2026-08-11"
"Four Letter Word Coffee";"Doğrulandı";"COLOMBIA: MARIA BERCELIA MARTINEZ";"Kolombiya";"Erişilemedi";"Erişilemedi";"Erişilemedi";"Belirsiz";"https://www.4lwcoffee.com/info-colombia-maria-bercelia";"2026-08-11"
"Four Letter Word Coffee";"Doğrulandı";"CONTACT US &mdash; FOUR LETTER WORD COFFEE ROASTERS";"Menşe belirtilmemiş";"Erişilemedi";"Erişilemedi";"Erişilemedi";"Belirsiz";"https://www.4lwcoffee.com/contact-us";"2026-08-11"
"Four Letter Word Coffee";"Doğrulandı";"DECAF Ethiopia Aba Mecha";"Etiyopya";"Erişilemedi";"Erişilemedi";"Erişilemedi";"Belirsiz";"https://www.4lwcoffee.com/store-1/p/decaf-ethiopia-aba-mecha";"2026-08-11"
"Four Letter Word Coffee";"Doğrulandı";"Description &mdash; FOUR LETTER WORD COFFEE ROASTERS";"Menşe belirtilmemiş";"Erişilemedi";"Erişilemedi";"Erişilemedi";"Belirsiz";"https://www.4lwcoffee.com/description-foster";"2026-08-11"
"Four Letter Word Coffee";"Doğrulandı";"ECUADOR La Papaya Typica Mejorado";"Menşe belirtilmemiş";"Erişilemedi";"Erişilemedi";"Erişilemedi";"Belirsiz";"https://www.4lwcoffee.com/store-1/p/ecuador-la-papaya-anaerobic-2629c-b4sxs-k754g";"2026-08-11"
"Four Letter Word Coffee";"Doğrulandı";"ETHIOPIA Aricha";"Etiyopya";"Erişilemedi";"Erişilemedi";"Erişilemedi";"Belirsiz";"https://www.4lwcoffee.com/store-1/p/ethiopia-kebena-4zs6l";"2026-08-11"
"Four Letter Word Coffee";"Doğrulandı";"ETHIOPIA: GESHA VILLAGE ESTATE";"Etiyopya";"Erişilemedi";"Erişilemedi";"Erişilemedi";"Belirsiz";"https://www.4lwcoffee.com/info-gesha-village";"2026-08-11"
"Four Letter Word Coffee";"Doğrulandı";"ETHIOPIA: HELEANNA GEORGALIS";"Etiyopya";"Erişilemedi";"Erişilemedi";"Erişilemedi";"Belirsiz";"https://www.4lwcoffee.com/info-ethiopia";"2026-08-11"
"Four Letter Word Coffee";"Doğrulandı";"FOUR LETTER WORD COFFEE ROASTERS | Chicago Specialty Coffee";"Menşe belirtilmemiş";"Erişilemedi";"Erişilemedi";"Erişilemedi";"Belirsiz";"https://www.4lwcoffee.com/home";"2026-08-11"
"Four Letter Word Coffee";"Doğrulandı";"Gallery Introduction &mdash; FOUR LETTER WORD COFFEE ROASTERS";"Menşe belirtilmemiş";"Erişilemedi";"Erişilemedi";"Erişilemedi";"Belirsiz";"https://www.4lwcoffee.com/gallery-introduction-foster";"2026-08-11"
"Four Letter Word Coffee";"Doğrulandı";"Hero Image &mdash; FOUR LETTER WORD COFFEE ROASTERS";"Menşe belirtilmemiş";"Erişilemedi";"Erişilemedi";"Erişilemedi";"Belirsiz";"https://www.4lwcoffee.com/hero-image-foster";"2026-08-11"
"Four Letter Word Coffee";"Doğrulandı";"HONDURAS: ROBERTO FIGUEROA";"Honduras";"Erişilemedi";"Erişilemedi";"Erişilemedi";"Belirsiz";"https://www.4lwcoffee.com/info-roberto-figueroa";"2026-08-11"
"Four Letter Word Coffee";"Doğrulandı";"INFO: Gichata-Ini AA &mdash; FOUR LETTER WORD COFFEE ROASTERS";"Menşe belirtilmemiş";"Erişilemedi";"Erişilemedi";"Erişilemedi";"Belirsiz";"https://www.4lwcoffee.com/info-gichataini-aa";"2026-08-11"
"Four Letter Word Coffee";"Doğrulandı";"INFO: Jesucita &mdash; FOUR LETTER WORD COFFEE ROASTERS";"Menşe belirtilmemiş";"Erişilemedi";"Erişilemedi";"Erişilemedi";"Belirsiz";"https://www.4lwcoffee.com/info-jesucita";"2026-08-11"
"Four Letter Word Coffee";"Doğrulandı";"INFO: Trifecta Africa &mdash; FOUR LETTER WORD COFFEE ROASTERS";"Menşe belirtilmemiş";"Erişilemedi";"Erişilemedi";"Erişilemedi";"Belirsiz";"https://www.4lwcoffee.com/info-trifecta-africa";"2026-08-11"
"Four Letter Word Coffee";"Doğrulandı";"INFO: Trifecta Americas &mdash; FOUR LETTER WORD COFFEE ROASTERS";"Menşe belirtilmemiş";"Erişilemedi";"Erişilemedi";"Erişilemedi";"Belirsiz";"https://www.4lwcoffee.com/info-trifecta-americas";"2026-08-11"
"Four Letter Word Coffee";"Doğrulandı";"KENYA: GAKUYU-INI AB";"Kenya";"Erişilemedi";"Erişilemedi";"Erişilemedi";"Belirsiz";"https://www.4lwcoffee.com/info-kenyagakuyuini";"2026-08-11"
"Four Letter Word Coffee";"Doğrulandı";"logan diversey &mdash; FOUR LETTER WORD COFFEE ROASTERS";"Menşe belirtilmemiş";"Erişilemedi";"Erişilemedi";"Erişilemedi";"Belirsiz";"https://www.4lwcoffee.com/logan-diversey";"2026-08-11"
"Four Letter Word Coffee";"Doğrulandı";"merchandise &mdash; COFFEES &mdash; FOUR LETTER WORD COFFEE ROASTERS";"Menşe belirtilmemiş";"Erişilemedi";"Erişilemedi";"Erişilemedi";"Belirsiz";"https://www.4lwcoffee.com/store-1/merchandise";"2026-08-11"
"Four Letter Word Coffee";"Doğrulandı";"New Gallery &mdash; FOUR LETTER WORD COFFEE ROASTERS";"Menşe belirtilmemiş";"Erişilemedi";"Erişilemedi";"Erişilemedi";"Belirsiz";"https://www.4lwcoffee.com/new-gallery-2";"2026-08-11"
"Four Letter Word Coffee";"Doğrulandı";"New Page &mdash; FOUR LETTER WORD COFFEE ROASTERS";"Menşe belirtilmemiş";"Erişilemedi";"Erişilemedi";"Erişilemedi";"Belirsiz";"https://www.4lwcoffee.com/new-page";"2026-08-11"
"Four Letter Word Coffee";"Doğrulandı";"Plant Gallery &mdash; FOUR LETTER WORD COFFEE ROASTERS";"Menşe belirtilmemiş";"Erişilemedi";"Erişilemedi";"Erişilemedi";"Belirsiz";"https://www.4lwcoffee.com/plant-gallery";"2026-08-11"
"Four Letter Word Coffee";"Doğrulandı";"Roasters Choice Single Origins";"Menşe belirtilmemiş";"Erişilemedi";"Erişilemedi";"Erişilemedi";"Belirsiz";"https://www.4lwcoffee.com/subscription/p/subscription-roasters-choice-2";"2026-08-11"
"Four Letter Word Coffee";"Doğrulandı";"Shop Gallery &mdash; FOUR LETTER WORD COFFEE ROASTERS";"Menşe belirtilmemiş";"Erişilemedi";"Erişilemedi";"Erişilemedi";"Belirsiz";"https://www.4lwcoffee.com/shop-gallery-foster";"2026-08-11"
"Four Letter Word Coffee";"Doğrulandı";"SUBSCRIPTIONS &mdash; FOUR LETTER WORD COFFEE ROASTERS";"Menşe belirtilmemiş";"Erişilemedi";"Erişilemedi";"Erişilemedi";"Belirsiz";"https://www.4lwcoffee.com/subscription";"2026-08-11"
"Four Letter Word Coffee";"Doğrulandı";"WHOLESALE &mdash; FOUR LETTER WORD COFFEE ROASTERS";"Menşe belirtilmemiş";"Erişilemedi";"Erişilemedi";"Erişilemedi";"Belirsiz";"https://www.4lwcoffee.com/wholesale";"2026-08-11"
"Fuga Coffee";"Doğrulandı";"Acaia Yeni Pearl Tartı Pitch Black";"Menşe belirtilmemiş";"500";"1000";"2000";"Belirsiz";"https://fugacoffee.co/tr/urun/acaia-yeni-pearl-tarti-pitch-black";"2026-08-11"
"Fuga Coffee";"Doğrulandı";"Acaia Yeni Pearl Tartı Pitch Black";"Menşe belirtilmemiş";"500";"Erişilemedi";"Erişilemedi";"Belirsiz";"https://fugacoffee.co/en/product/acaia-yeni-pearl-tarti-pitch-black";"2026-08-11"
"Fuga Coffee";"Doğrulandı";"Become Our Partner";"Menşe belirtilmemiş";"Erişilemedi";"Erişilemedi";"Erişilemedi";"Belirsiz";"https://fugacoffee.co/en/wholesale";"2026-08-11"
"Fuga Coffee";"Doğrulandı";"Blog";"Menşe belirtilmemiş";"Erişilemedi";"Erişilemedi";"Erişilemedi";"Belirsiz";"https://fugacoffee.co/en/blog";"2026-08-11"
"Fuga Coffee";"Doğrulandı";"Blog";"Menşe belirtilmemiş";"Erişilemedi";"1000";"Erişilemedi";"Belirsiz";"https://fugacoffee.co/tr/blog";"2026-08-11"
"Fuga Coffee";"Doğrulandı";"Brazil Mogiana";"Brezilya";"Erişilemedi";"Erişilemedi";"Erişilemedi";"Belirsiz";"https://fugacoffee.co/en/product/brazil-mogiana";"2026-08-11"
"Fuga Coffee";"Pilot doğrulaması";"Brazil Mogiana";"Brezilya";"250";"470";"1880";"Stokta";"https://fugacoffee.co/en";"2026-08-11"
"Fuga Coffee";"Doğrulandı";"Brezilya Mogiana";"Brezilya";"Erişilemedi";"1000";"Erişilemedi";"Belirsiz";"https://fugacoffee.co/tr/urun/brezilya-mogiana";"2026-08-11"
"Fuga Coffee";"Doğrulandı";"Burundi Busasa";"Burundi";"Erişilemedi";"Erişilemedi";"Erişilemedi";"Belirsiz";"https://fugacoffee.co/en/product/burundi-busasa";"2026-08-11"
"Fuga Coffee";"Doğrulandı";"Burundi Busasa";"Burundi";"35";"1000";"28571.43";"Belirsiz";"https://fugacoffee.co/tr/urun/burundi-busasa";"2026-08-11"
"Fuga Coffee";"Pilot doğrulaması";"Burundi Busasa";"Burundi";"250";"840";"3360";"Stokta";"https://fugacoffee.co/en";"2026-08-11"
"Fuga Coffee";"Doğrulandı";"Cafec Tritan Server - 400ml";"Menşe belirtilmemiş";"Erişilemedi";"Erişilemedi";"Erişilemedi";"Belirsiz";"https://fugacoffee.co/en/product/cafec-tritan-server-400ml";"2026-08-11"
"Fuga Coffee";"Doğrulandı";"Coffee Collection";"Etiyopya | Kolombiya | Kenya";"Erişilemedi";"Erişilemedi";"Erişilemedi";"Belirsiz";"https://fugacoffee.co/en/products";"2026-08-11"
"Fuga Coffee";"Doğrulandı";"Coffee Guide";"Menşe belirtilmemiş";"Erişilemedi";"Erişilemedi";"Erişilemedi";"Belirsiz";"https://fugacoffee.co/en/coffee-guide";"2026-08-11"
"Fuga Coffee";"Doğrulandı";"Colombia Cundinamarca";"Kolombiya";"Erişilemedi";"Erişilemedi";"Erişilemedi";"Belirsiz";"https://fugacoffee.co/en/product/colombia-cundinamarca";"2026-08-11"
"Fuga Coffee";"Pilot doğrulaması";"Colombia Cundinamarca";"Kolombiya";"250";"485";"1940";"Stokta";"https://fugacoffee.co/en";"2026-08-11"
"Fuga Coffee";"Doğrulandı";"Çekirdek Kahve 1 KG";"Menşe belirtilmemiş";"1000";"1000";"1000";"Belirsiz";"https://fugacoffee.co/tr/cekirdek-kahve-1-kg";"2026-08-11"
"Fuga Coffee";"Doğrulandı";"Çekirdek Kahve 250 GR";"Menşe belirtilmemiş";"250";"1000";"4000";"Belirsiz";"https://fugacoffee.co/tr/cekirdek-kahve-250-gr";"2026-08-11"
"Fuga Coffee";"Doğrulandı";"Ethiopia Uraga";"Etiyopya";"Erişilemedi";"Erişilemedi";"Erişilemedi";"Belirsiz";"https://fugacoffee.co/en/product/ethiopia-uraga";"2026-08-11"
"Fuga Coffee";"Pilot doğrulaması";"Ethiopia Uraga";"Etiyopya";"250";"840";"3360";"Stokta";"https://fugacoffee.co/en";"2026-08-11"
"Fuga Coffee";"Doğrulandı";"Etiyopya Uraga";"Etiyopya";"Erişilemedi";"1000";"Erişilemedi";"Belirsiz";"https://fugacoffee.co/tr/urun/etiyopya-uraga";"2026-08-11"
"Fuga Coffee";"Doğrulandı";"Find Your Coffee";"Menşe belirtilmemiş";"Erişilemedi";"Erişilemedi";"Erişilemedi";"Belirsiz";"https://fugacoffee.co/en/find-your-coffee";"2026-08-11"
"Fuga Coffee";"Doğrulandı";"Fuga Ailesine Katıl";"Menşe belirtilmemiş";"Erişilemedi";"1000";"Erişilemedi";"Belirsiz";"https://fugacoffee.co/tr/kariyer";"2026-08-11"
"Fuga Coffee";"Pilot doğrulaması";"Honduras Caviflor";"Honduras";"250";"610";"2440";"Stokta";"https://fugacoffee.co/en";"2026-08-11"
"Fuga Coffee";"Doğrulandı";"İş Ortağımız Olun";"Menşe belirtilmemiş";"Erişilemedi";"1000";"Erişilemedi";"Belirsiz";"https://fugacoffee.co/tr/toptan-satis";"2026-08-11"
"Fuga Coffee";"Doğrulandı";"Join the Fuga Family";"Menşe belirtilmemiş";"Erişilemedi";"Erişilemedi";"Erişilemedi";"Belirsiz";"https://fugacoffee.co/en/careers";"2026-08-11"
"Fuga Coffee";"Doğrulandı";"Kaçışın kahvesi";"Menşe belirtilmemiş";"Erişilemedi";"1000";"Erişilemedi";"Belirsiz";"https://fugacoffee.co/tr/hakkimizda";"2026-08-11"
"Fuga Coffee";"Doğrulandı";"Kahve Koleksiyonu";"Etiyopya | Kolombiya | Kenya";"Erişilemedi";"1000";"Erişilemedi";"Belirsiz";"https://fugacoffee.co/tr/urunler";"2026-08-11"
"Fuga Coffee";"Doğrulandı";"Kahve Rehberi";"Menşe belirtilmemiş";"Erişilemedi";"1000";"Erişilemedi";"Belirsiz";"https://fugacoffee.co/tr/kahve-rehberi";"2026-08-11"
"Fuga Coffee";"Doğrulandı";"Kahveni Bul";"Menşe belirtilmemiş";"Erişilemedi";"1000";"Erişilemedi";"Belirsiz";"https://fugacoffee.co/tr/kahveni-bul";"2026-08-11"
"Fuga Coffee";"Doğrulandı";"Kenya Karumandi";"Kenya";"Erişilemedi";"1000";"Erişilemedi";"Belirsiz";"https://fugacoffee.co/tr/urun/kenya-karumandi";"2026-08-11"
"Fuga Coffee";"Doğrulandı";"Kenya Karumandi";"Kenya";"Erişilemedi";"Erişilemedi";"Erişilemedi";"Belirsiz";"https://fugacoffee.co/en/product/kenya-karumandi";"2026-08-11"
"Fuga Coffee";"Pilot doğrulaması";"Kenya Karumandi";"Kenya";"250";"890";"3560";"Stokta";"https://fugacoffee.co/en";"2026-08-11"
"Fuga Coffee";"Doğrulandı";"Kolombiya Cundinamarca";"Kolombiya";"Erişilemedi";"1000";"Erişilemedi";"Belirsiz";"https://fugacoffee.co/tr/urun/colombia-cundinamarca";"2026-08-11"
"Fuga Coffee";"Doğrulandı";"Our Locations";"Menşe belirtilmemiş";"Erişilemedi";"Erişilemedi";"Erişilemedi";"Belirsiz";"https://fugacoffee.co/en/locations";"2026-08-11"
"Fuga Coffee";"Doğrulandı";"Peru Aprocassi";"Peru";"Erişilemedi";"1000";"Erişilemedi";"Belirsiz";"https://fugacoffee.co/tr/urun/peru-aprocassi";"2026-08-11"
"Fuga Coffee";"Doğrulandı";"Peru Aprocassi";"Peru";"Erişilemedi";"Erişilemedi";"Erişilemedi";"Belirsiz";"https://fugacoffee.co/en/product/peru-aprocassi";"2026-08-11"
"Fuga Coffee";"Pilot doğrulaması";"Peru Aprocassi";"Peru";"250";"605";"2420";"Stokta";"https://fugacoffee.co/en";"2026-08-11"
"Fuga Coffee";"Pilot doğrulaması";"Rwanda Muhondo";"Ruanda";"250";"855";"3420";"Stokta";"https://fugacoffee.co/en";"2026-08-11"
"Fuga Coffee";"Doğrulandı";"Şubelerimiz";"Menşe belirtilmemiş";"Erişilemedi";"1000";"Erişilemedi";"Belirsiz";"https://fugacoffee.co/tr/subelerimiz";"2026-08-11"
"Fuga Coffee";"Doğrulandı";"The coffee of escape";"Menşe belirtilmemiş";"Erişilemedi";"Erişilemedi";"Erişilemedi";"Belirsiz";"https://fugacoffee.co/en/about";"2026-08-11"
"Fuga Coffee";"Doğrulandı";"Turkish Coffee";"Brezilya";"Erişilemedi";"Erişilemedi";"Erişilemedi";"Belirsiz";"https://fugacoffee.co/en/product/turkish-coffee";"2026-08-11"
"Fuga Coffee";"Pilot doğrulaması";"Turkish Coffee";"Brezilya";"250";"475";"1900";"Stokta";"https://fugacoffee.co/en";"2026-08-11"
"Fuga Coffee";"Doğrulandı";"Türk Kahvesi";"Brezilya";"Erişilemedi";"1000";"Erişilemedi";"Belirsiz";"https://fugacoffee.co/tr/urun/turk-kahvesi";"2026-08-11"
"Fuga Coffee";"Doğrulandı";"Whole Bean Coffee 1 KG";"Menşe belirtilmemiş";"1000";"Erişilemedi";"Erişilemedi";"Belirsiz";"https://fugacoffee.co/en/cekirdek-kahve-1-kg";"2026-08-11"
"Fuga Coffee";"Doğrulandı";"Whole Bean Coffee 250 GR";"Menşe belirtilmemiş";"250";"Erişilemedi";"Erişilemedi";"Belirsiz";"https://fugacoffee.co/en/cekirdek-kahve-250-gr";"2026-08-11"
"Good Coffee";"Doğrulandı";"BRASIL KARMA FRUTA";"Brezilya";"250";"600";"2400";"Stokta";"https://www.goodcoffee.com.tr/products/brasil-karma-fruta";"2026-08-11"
"Good Coffee";"Doğrulandı";"BRASIL KARMA FRUTA";"Brezilya";"1000";"2160";"2160";"Stokta";"https://www.goodcoffee.com.tr/products/brasil-karma-fruta";"2026-08-11"
"Good Coffee";"Doğrulandı";"Brasil Jaguara Anaerobic Natural";"Brezilya";"250";"715";"2860";"Stokta";"https://www.goodcoffee.com.tr/products/brasil-jaguara-anaerobic-natural";"2026-08-11"
"Good Coffee";"Doğrulandı";"Brasil Jaguara Anaerobic Natural";"Brezilya";"1000";"2574";"2574";"Stokta";"https://www.goodcoffee.com.tr/products/brasil-jaguara-anaerobic-natural";"2026-08-11"
"Good Coffee";"Pilot doğrulaması";"Brasil Karma Fruta";"Brezilya";"250";"600";"2400";"Stokta";"https://www.goodcoffee.com.tr/products.json?limit=250";"2026-08-11"
"Good Coffee";"Pilot doğrulaması";"Brasil Karma Fruta";"Brezilya";"1000";"2160";"2160";"Stokta";"https://www.goodcoffee.com.tr/products.json?limit=250";"2026-08-11"
"Good Coffee";"Doğrulandı";"Colombia Diego Horta Natural";"Kolombiya";"250";"880";"3520";"Stokta";"https://www.goodcoffee.com.tr/products/colombia-diego-horta-natural";"2026-08-11"
"Good Coffee";"Doğrulandı";"Colombia Diego Horta Natural";"Kolombiya";"1000";"3168";"3168";"Stokta";"https://www.goodcoffee.com.tr/products/colombia-diego-horta-natural";"2026-08-11"
"Good Coffee";"Pilot doğrulaması";"Colombia Santa Maria Geisha";"Kolombiya";"250";"1320";"5280";"Stokta";"https://www.goodcoffee.com.tr/products.json?limit=250";"2026-08-11"
"Good Coffee";"Pilot doğrulaması";"Colombia Santa Maria Geisha";"Kolombiya";"1000";"4752";"4752";"Stokta";"https://www.goodcoffee.com.tr/products.json?limit=250";"2026-08-11"
"Good Coffee";"Doğrulandı";"Colombia Santa Maria Geisha Washed";"Kolombiya";"250";"1320";"5280";"Stokta";"https://www.goodcoffee.com.tr/products/colombia-santa-maria-geisha-washed";"2026-08-11"
"Good Coffee";"Doğrulandı";"Colombia Santa Maria Geisha Washed";"Kolombiya";"1000";"4752";"4752";"Stokta";"https://www.goodcoffee.com.tr/products/colombia-santa-maria-geisha-washed";"2026-08-11"
"Good Coffee";"Pilot doğrulaması";"Costa Rica Finca La Chumeca";"Kosta Rika";"250";"1320";"5280";"Stokta";"https://www.goodcoffee.com.tr/products.json?limit=250";"2026-08-11"
"Good Coffee";"Pilot doğrulaması";"Costa Rica Finca La Chumeca";"Kosta Rika";"1000";"4752";"4752";"Stokta";"https://www.goodcoffee.com.tr/products.json?limit=250";"2026-08-11"
"Good Coffee";"Doğrulandı";"Costa Rica Finca La Chumeca Anaerobic Natural";"Kosta Rika";"250";"1320";"5280";"Stokta";"https://www.goodcoffee.com.tr/products/costa-rica-finca-la-chumeca-anaerobic-natural";"2026-08-11"
"Good Coffee";"Doğrulandı";"Costa Rica Finca La Chumeca Anaerobic Natural";"Kosta Rika";"1000";"4752";"4752";"Stokta";"https://www.goodcoffee.com.tr/products/costa-rica-finca-la-chumeca-anaerobic-natural";"2026-08-11"
"Good Coffee";"Doğrulandı";"Ethiopia Bochesa Anaerobic Natural";"Etiyopya";"250";"990";"3960";"Stokta";"https://www.goodcoffee.com.tr/products/ethiopia-bochesa-anaerobic-natural";"2026-08-11"
"Good Coffee";"Doğrulandı";"Ethiopia Bochesa Anaerobic Natural";"Etiyopya";"1000";"3564";"3564";"Stokta";"https://www.goodcoffee.com.tr/products/ethiopia-bochesa-anaerobic-natural";"2026-08-11"
"Good Coffee";"Doğrulandı";"Ethiopia Damo Anaerobic Natural";"Etiyopya";"100";"600";"6000";"Stokta";"https://www.goodcoffee.com.tr/products/ethiopia-damo-anaerobic-natural";"2026-08-11"
"Good Coffee";"Doğrulandı";"Ethiopia Damo Anaerobic Natural";"Etiyopya";"300";"1500";"5000";"Stokta";"https://www.goodcoffee.com.tr/products/ethiopia-damo-anaerobic-natural";"2026-08-11"
"Good Coffee";"Doğrulandı";"Ethiopia Damo Anaerobic Natural";"Etiyopya";"1000";"5000";"5000";"Stokta";"https://www.goodcoffee.com.tr/products/ethiopia-damo-anaerobic-natural";"2026-08-11"
"Good Coffee";"Pilot doğrulaması";"Ethiopia Heleanna Biloya Red";"Etiyopya";"250";"880";"3520";"Stokta";"https://www.goodcoffee.com.tr/products.json?limit=250";"2026-08-11"
"Good Coffee";"Pilot doğrulaması";"Ethiopia Heleanna Biloya Red";"Etiyopya";"1000";"3168";"3168";"Stokta";"https://www.goodcoffee.com.tr/products.json?limit=250";"2026-08-11"
"Good Coffee";"Doğrulandı";"Ethiopia Heleanna Georgalis Biloya Red";"Etiyopya";"250";"880";"3520";"Stokta";"https://www.goodcoffee.com.tr/products/ethiopia-heleanna-georgalis-biloya-red";"2026-08-11"
"Good Coffee";"Doğrulandı";"Ethiopia Heleanna Georgalis Biloya Red";"Etiyopya";"1000";"3168";"3168";"Stokta";"https://www.goodcoffee.com.tr/products/ethiopia-heleanna-georgalis-biloya-red";"2026-08-11"
"Good Coffee";"Doğrulandı";"Ethiopia Malawo Boreta Woyo";"Etiyopya";"250";"880";"3520";"Stokta";"https://www.goodcoffee.com.tr/products/ethiopia-malawo-boreta-woyo";"2026-08-11"
"Good Coffee";"Doğrulandı";"Ethiopia Malawo Boreta Woyo";"Etiyopya";"1000";"3168";"3168";"Stokta";"https://www.goodcoffee.com.tr/products/ethiopia-malawo-boreta-woyo";"2026-08-11"
"Good Coffee";"Doğrulandı";"Rwanda Akagera Anaerobic Natural";"Ruanda";"250";"990";"3960";"Stokta";"https://www.goodcoffee.com.tr/products/rwanda-akagera-anaerobic-natural";"2026-08-11"
"Good Coffee";"Doğrulandı";"Rwanda Akagera Anaerobic Natural";"Ruanda";"1000";"3564";"3564";"Stokta";"https://www.goodcoffee.com.tr/products/rwanda-akagera-anaerobic-natural";"2026-08-11"
"Good Coffee";"Doğrulandı";"UYAN";"Menşe belirtilmemiş";"250";"550";"2200";"Stokta";"https://www.goodcoffee.com.tr/products/uyan-1";"2026-08-11"
"Good Coffee";"Doğrulandı";"UYAN";"Menşe belirtilmemiş";"1000";"1980";"1980";"Stokta";"https://www.goodcoffee.com.tr/products/uyan-1";"2026-08-11"
"Gourme Coffee";"Kısmi doğrulama";"Ürün kataloğu — ayrıntılı ürün verisine erişilemedi";"Erişilemedi";"Erişilemedi";"Erişilemedi";"Erişilemedi";"Erişilemedi";"Erişilemedi";"2026-08-11"
"Gönül Kahvesi";"Doğrulandı";"Ürün kataloğu — ayrıntılı ürün verisine erişilemedi";"Erişilemedi";"Erişilemedi";"Erişilemedi";"Erişilemedi";"Erişilemedi";"https://www.gonulkahve.com/";"2026-08-11"
"Gramaj Coffee Roastery";"Doğrulandı";"COLOMBIA FINCA LA DIVISA";"Kolombiya";"Erişilemedi";"900";"Erişilemedi";"Belirsiz";"https://gramajcoffee.com/colombia-finca-la-divisa";"2026-08-11"
"Gramaj Coffee Roastery";"Doğrulandı";"ETHIOPIA ARICHA KEBELE ADORSI";"Etiyopya";"Erişilemedi";"900";"Erişilemedi";"Belirsiz";"https://gramajcoffee.com/ethiopia-aricha-kebele-adorsi";"2026-08-11"
"Gramaj Coffee Roastery";"Doğrulandı";"ETHIOPIA HAMBELLA BEDESSA KEBELE";"Etiyopya | Brezilya";"Erişilemedi";"900";"Erişilemedi";"Belirsiz";"https://gramajcoffee.com/ethiopia-hambella-bedessa-kebele";"2026-08-11"
"Gramaj Coffee Roastery";"Doğrulandı";"KENYA KIBUGU";"Kenya";"Erişilemedi";"900";"Erişilemedi";"Belirsiz";"https://gramajcoffee.com/kenya-kibugu";"2026-08-11"
"Gramaj Coffee Roastery";"Doğrulandı";"MASK BLEND ESP/FILTER";"Etiyopya";"Erişilemedi";"900";"Erişilemedi";"Belirsiz";"https://gramajcoffee.com/mask-blend-esp-filter-1-kg";"2026-08-11"
"Grano Coffee";"Kısmi doğrulama";"Ürün kataloğu — ayrıntılı ürün verisine erişilemedi";"Erişilemedi";"Erişilemedi";"Erişilemedi";"Erişilemedi";"Erişilemedi";"Erişilemedi";"2026-08-11"
"Greenwich Coffee";"Doğrulandı";"COLOMBIA PİNK BOURBON (S)";"Kolombiya";"Erişilemedi";"300";"Erişilemedi";"Stokta";"https://greenwichcoffee.com/g-roastery/menu/icecekler/alternatifler/colombia-pink-bourbon-s/";"2026-08-11"
"Guten Morgen Roastery";"Doğrulandı";"Brezilya– Cerrado Espresso Chocolate Edition";"Brezilya";"Erişilemedi";"450";"Erişilemedi";"Stokta";"https://gutenmorgenroastery.com/product/brezilya-cerrado/";"2026-08-11"
"Guten Morgen Roastery";"Doğrulandı";"ETİYOPYA – Boledu";"Etiyopya";"Erişilemedi";"875";"Erişilemedi";"Stokta";"https://gutenmorgenroastery.com/product/etiyopya-boledu/";"2026-08-11"
"Guten Morgen Roastery";"Doğrulandı";"Guetemala Santa Rosa 2026 Espresso Edition";"Menşe belirtilmemiş";"Erişilemedi";"650";"Erişilemedi";"Stokta";"https://gutenmorgenroastery.com/product/guetemala-santa-rosa-2026-espresso-edition/";"2026-08-11"
"Guten Morgen Roastery";"Doğrulandı";"Honduras Las Delicias (omni)";"Honduras";"Erişilemedi";"550";"Erişilemedi";"Stokta";"https://gutenmorgenroastery.com/product/honduras-montecillos/";"2026-08-11"
"Hana Coffee";"Kısmi doğrulama";"Ürün kataloğu — ayrıntılı ürün verisine erişilemedi";"Erişilemedi";"Erişilemedi";"Erişilemedi";"Erişilemedi";"Erişilemedi";"Erişilemedi";"2026-08-11"
"Harput Dibek";"Doğrulandı";"3 Adet Dibek 1000gr (200gr Menengiç Hediyeli)";"Harman – menşe belirtilmemiş";"1000";"2800";"2800";"Stokta";"https://www.harputdibek.com/urun/3-adet-harput-dibek-1000gr-200gr-menengic-hediyeli/";"2026-08-11"
"Harput Dibek";"Doğrulandı";"3 Adet Menengiç 1000gr (200gr Dibek Hediyeli)";"Menşe belirtilmemiş";"1000";"1399";"1399";"Stokta";"https://www.harputdibek.com/urun/3-adet-menengic-1000gr-200gr-dibek-hediyeli/";"2026-08-11"
"Harput Dibek";"Doğrulandı";"Dibek Kahvesi 1000g (Silindir Karton Ambalaj)";"Harman – menşe belirtilmemiş";"1000";"900";"900";"Stokta";"https://www.harputdibek.com/urun/dibek-kahvesi-1000g-silindir-karton-ambalaj/";"2026-08-11"
"Harput Dibek";"Doğrulandı";"Dibek Kahvesi 125g (Doypack Ambalaj)";"Harman – menşe belirtilmemiş";"125";"180";"1440";"Stokta";"https://www.harputdibek.com/urun/dibek-kahvesi-125g-doypack-ambalaj/";"2026-08-11"
"Harput Dibek";"Doğrulandı";"Dibek Kahvesi 200 gr X 3 Adet";"Menşe belirtilmemiş";"200";"600";"3000";"Stokta";"https://www.harputdibek.com/urun/dibek-kahvesi-200g-karton-ambalaj/";"2026-08-11"
"Harput Dibek";"Doğrulandı";"Dibek Kahvesi 2000g (Kilitli Folyo Ambalaj)";"Harman – menşe belirtilmemiş";"2000";"1440";"720";"Stokta";"https://www.harputdibek.com/urun/dibek-kahvesi-2000g-kilitli-folyo-ambalaj/";"2026-08-11"
"Harput Dibek";"Doğrulandı";"Dibek Kahvesi 250g (Metal Ambalaj)";"Harman – menşe belirtilmemiş";"250";"330";"1320";"Stokta";"https://www.harputdibek.com/urun/dibek-kahvesi-250g-metal-ambalaj/";"2026-08-11"
"Harput Dibek";"Doğrulandı";"Dibek Kahvesi 500g (Metal Ambalaj)";"Harman – menşe belirtilmemiş";"500";"450";"900";"Stokta";"https://www.harputdibek.com/urun/dibek-kahvesi-500g-metal-ambalaj/";"2026-08-11"
"Harput Dibek";"Doğrulandı";"Dibek Kahvesi 700g (Silindir Karton Ambalaj)";"Harman – menşe belirtilmemiş";"700";"699";"998.57";"Stokta";"https://www.harputdibek.com/urun/dibek-kahvesi-700g-silindir-karton-ambalaj/";"2026-08-11"
"Harput Dibek";"Doğrulandı";"Filtre Kahve 200g (Kilitli Folyo Ambalaj)";"Brezilya | Kenya | Guatemala";"200";"300";"1500";"Stokta";"https://www.harputdibek.com/urun/filtre-kahve-200g-kilitli-folyo-ambalaj/";"2026-08-11"
"Harput Dibek";"Doğrulandı";"HARPUT DİBEK ÖZEL ÜRETİM KOLONYA 250 ML HAFOO ( KARAMEL KAHVE )";"Menşe belirtilmemiş";"Erişilemedi";"250";"Erişilemedi";"Stokta";"https://www.harputdibek.com/urun/harput-dibek-ozel-uretim-kolonya-250-ml-hafoo-karamel-kahve/";"2026-08-11"
"Harput Dibek";"Doğrulandı";"HARPUT DİBEK ÖZEL ÜRETİM KOLONYA 250 ML HENNO ( ÇİKOLATA KAHVE )";"Menşe belirtilmemiş";"Erişilemedi";"250";"Erişilemedi";"Stokta";"https://www.harputdibek.com/urun/harput-dibek-ozel-uretim-kolonya-250-ml-henno-cikolata-kahve/";"2026-08-11"
"Harput Dibek";"Doğrulandı";"Kahvesi 1000 Gr Metal Ambalaj";"Harman – menşe belirtilmemiş";"1000";"990";"990";"Stokta";"https://www.harputdibek.com/urun/kahvesi-1000-gr-metal-ambalaj/";"2026-08-11"
"Harput Dibek";"Doğrulandı";"Türk Kahvesi 100g (Folyo Ambalaj)";"Harman – menşe belirtilmemiş";"100";"250";"2500";"Stokta";"https://www.harputdibek.com/urun/turk-kahvesi-100g-folyo-ambalaj/";"2026-08-11"
"Harput Dibek";"Doğrulandı";"Türk Kahvesi 250g (Folyo Ambalaj)";"Harman – menşe belirtilmemiş";"250";"350";"1400";"Stokta";"https://www.harputdibek.com/urun/turk-kahvesi-250g-folyo-ambalaj/";"2026-08-11"
"Harput Dibek";"Doğrulandı";"Türk Kahvesi Çekirdeği 4000g (Folyo Ambalaj)";"Harman – menşe belirtilmemiş";"4000";"2999";"749.75";"Stokta";"https://www.harputdibek.com/urun/turk-kahvesi-cekirdegi-4000g-folyo-ambalaj/";"2026-08-11"
"Homestead Coffee";"Kısmi doğrulama";"Ürün kataloğu — ayrıntılı ürün verisine erişilemedi";"Erişilemedi";"Erişilemedi";"Erişilemedi";"Erişilemedi";"Erişilemedi";"Erişilemedi";"2026-08-11"
"Hound Coffee";"Kısmi doğrulama";"Ürün kataloğu — ayrıntılı ürün verisine erişilemedi";"Erişilemedi";"Erişilemedi";"Erişilemedi";"Erişilemedi";"Erişilemedi";"Erişilemedi";"2026-08-11"
"Hoya Coffee";"Kısmi doğrulama";"Ürün kataloğu — ayrıntılı ürün verisine erişilemedi";"Erişilemedi";"Erişilemedi";"Erişilemedi";"Erişilemedi";"Erişilemedi";"Erişilemedi";"2026-08-11"
"ICC Coffee Roastery / Istanbul Coffee Company";"Kısmi doğrulama";"Ürün kataloğu — ayrıntılı ürün verisine erişilemedi";"Erişilemedi";"Erişilemedi";"Erişilemedi";"Erişilemedi";"Erişilemedi";"Erişilemedi";"2026-08-11"
"Just Coffee & Roastery";"Kısmi doğrulama";"-Colombia Esperanza-";"Kolombiya";"Erişilemedi";"575";"Erişilemedi";"Stokta";"https://justmakecoffee.com/urun/colombia-esperanza-2/";"2026-08-11"
"Just Coffee & Roastery";"Kısmi doğrulama";"-Honduras Matazano-";"Honduras";"Erişilemedi";"625";"Erişilemedi";"Stokta";"https://justmakecoffee.com/urun/honduras-matazano/";"2026-08-11"
"Just Coffee & Roastery";"Kısmi doğrulama";"-Rwanda Gihanga-";"Ruanda";"Erişilemedi";"495";"Erişilemedi";"Stokta";"https://justmakecoffee.com/urun/rwanda-gihanga/";"2026-08-11"
"Just Coffee & Roastery";"Kısmi doğrulama";"*House Blend Espresso*";"Harman – menşe belirtilmemiş";"Erişilemedi";"1345";"Erişilemedi";"Stokta";"https://justmakecoffee.com/urun/just-magic-blend/";"2026-08-11"
"Just Coffee & Roastery";"Kısmi doğrulama";"*House Blend Selected Filtre*";"Harman – menşe belirtilmemiş";"Erişilemedi";"530";"Erişilemedi";"Stokta";"https://justmakecoffee.com/urun/house-selected-blend-filtre/";"2026-08-11"
"Just Coffee & Roastery";"Kısmi doğrulama";"Burundi Nyagishiru";"Burundi";"Erişilemedi";"815";"Erişilemedi";"Stokta";"https://justmakecoffee.com/urun/burundi-nyagishiru/";"2026-08-11"
"Just Coffee & Roastery";"Kısmi doğrulama";"Costa Rica La Isla";"Kosta Rika";"Erişilemedi";"630";"Erişilemedi";"Stokta";"https://justmakecoffee.com/urun/costa-rica-la-isla/";"2026-08-11"
"Just Coffee & Roastery";"Kısmi doğrulama";"Guatemala Selvatico";"Guatemala";"Erişilemedi";"535";"Erişilemedi";"Stokta";"https://justmakecoffee.com/urun/guatemala-selvatico-2/";"2026-08-11"
"Just Coffee & Roastery";"Kısmi doğrulama";"Kenya Kibigu";"Kenya";"Erişilemedi";"725";"Erişilemedi";"Stokta";"https://justmakecoffee.com/urun/kenya-kibigu/";"2026-08-11"
"Just Coffee & Roastery";"Kısmi doğrulama";"Peru Valley";"Peru";"Erişilemedi";"580";"Erişilemedi";"Stokta";"https://justmakecoffee.com/urun/peru-valley/";"2026-08-11"
"Kaave Roastery";"Doğrulandı";"Breakfast Blend Filtre 500 Gr*2'li Tanışma Paketi";"Harman – menşe belirtilmemiş";"500";"Erişilemedi";"Erişilemedi";"Belirsiz";"https://www.kaave.com.tr/breakfast-blend-filtre-kahve-500-gr-tanisma-paketi-2-adet";"2026-08-11"
"Kaave Roastery";"Doğrulandı";"Breakfast Blend Filtre 500 Gr*3'lü Tanışma Paketi";"Harman – menşe belirtilmemiş";"500";"Erişilemedi";"Erişilemedi";"Belirsiz";"https://www.kaave.com.tr/breakfast-blend-filtre-kahve-500-gr-3lu-tanisma-paketi";"2026-08-11"
"Kaave Roastery";"Doğrulandı";"Breakfast Blend Filtre 500 Gr*4'lü Tanışma Paketi";"Harman – menşe belirtilmemiş";"500";"Erişilemedi";"Erişilemedi";"Belirsiz";"https://www.kaave.com.tr/breakfast-blend-filtre-kahve-tanisma-paketi-500-gr-4-adet";"2026-08-11"
"Kaave Roastery";"Doğrulandı";"Colombia Peaks 250 gr";"Kolombiya";"250";"Erişilemedi";"Erişilemedi";"Belirsiz";"https://www.kaave.com.tr/colombia-peaks-cekirdek-kahve-250-gr";"2026-08-11"
"Kaave Roastery";"Doğrulandı";"Colombia Peaks Çekirdek 250 Gr (2 Adet) + Guatemala Peaks Çekirdek 250 Gr (2 Adet) 4'lü Tanışma Paketi";"Kolombiya | Guatemala";"250";"Erişilemedi";"Erişilemedi";"Belirsiz";"https://www.kaave.com.tr/colombia-guatemala-single-origin-kahve-tanisma-paketi-250-gr-4-adet";"2026-08-11"
"Kaave Roastery";"Doğrulandı";"Colombia Peaks Çekirdek 250 Gr + Guatemala Peaks Çekirdek 250 Gr 2'li Tanışma Paketi";"Kolombiya | Guatemala";"250";"Erişilemedi";"Erişilemedi";"Belirsiz";"https://www.kaave.com.tr/colombia-guatemala-single-origin-kahve-tanisma-paketi-250-gr-2-adet";"2026-08-11"
"Kaave Roastery";"Doğrulandı";"Colombia Peaks Çekirdek 250 Gr*2'li Tanışma Paketi";"Kolombiya";"250";"Erişilemedi";"Erişilemedi";"Belirsiz";"https://www.kaave.com.tr/colombia-peaks-cekirdek-kahve-tanisma-paketi-250-gr-2-adet";"2026-08-11"
"Kaave Roastery";"Doğrulandı";"Colombia Peaks Çekirdek 250 Gr*3'lü Tanışma Paketi";"Kolombiya";"250";"Erişilemedi";"Erişilemedi";"Belirsiz";"https://www.kaave.com.tr/colombia-peaks-cekirdek-kahve-tanisma-paketi-250-gr-3-adet";"2026-08-11"
"Kaave Roastery";"Doğrulandı";"Colombia Peaks Çekirdek 250 Gr*4'lü Tanışma Paketi";"Kolombiya";"250";"Erişilemedi";"Erişilemedi";"Belirsiz";"https://www.kaave.com.tr/colombia-peaks-cekirdek-kahve-250-gr-4lu-tanisma-paketi";"2026-08-11"
"Kaave Roastery";"Doğrulandı";"Crema Gusto Espresso Çekirdek 1000 Gr*2'li Tanışma Paketi";"Menşe belirtilmemiş";"1000";"Erişilemedi";"Erişilemedi";"Belirsiz";"https://www.kaave.com.tr/crema-gusto-espresso-cekirdek-kahve-1000-gr-2li-tanisma-paketi";"2026-08-11"
"Kaave Roastery";"Doğrulandı";"Espresso Caffe Crema 250 gr";"Menşe belirtilmemiş";"250";"Erişilemedi";"Erişilemedi";"Belirsiz";"https://www.kaave.com.tr/espresso-caffe-crema-cekirdek-kahve-250-gr";"2026-08-11"
"Kaave Roastery";"Doğrulandı";"ESPRESSO CREMA GUSTO 1000G";"Menşe belirtilmemiş";"1000";"Erişilemedi";"Erişilemedi";"Belirsiz";"https://www.kaave.com.tr/crema-gusto-espresso-cekirdek-kahve-1000-gr";"2026-08-11"
"Kaave Roastery";"Doğrulandı";"ESPRESSO GRANDE GUSTO 1000G";"Menşe belirtilmemiş";"1000";"Erişilemedi";"Erişilemedi";"Belirsiz";"https://www.kaave.com.tr/grande-gusto-espresso-cekirdek-kahve-1000-gr";"2026-08-11"
"Kaave Roastery";"Doğrulandı";"Espresso Ital'Bar 250 gr";"Menşe belirtilmemiş";"250";"Erişilemedi";"Erişilemedi";"Belirsiz";"https://www.kaave.com.tr/espresso-italbar-cekirdek-kahve-250-gr";"2026-08-11"
"Kaave Roastery";"Doğrulandı";"FİLTRE BREAKFAST BLEND 500G";"Harman – menşe belirtilmemiş";"500";"Erişilemedi";"Erişilemedi";"Belirsiz";"https://www.kaave.com.tr/breakfast-blend-filtre-kahve-500-gr";"2026-08-11"
"Kaave Roastery";"Doğrulandı";"Filtre Mare Blue Çekirdek 250 gr";"Menşe belirtilmemiş";"250";"Erişilemedi";"Erişilemedi";"Belirsiz";"https://www.kaave.com.tr/filtre-mare-blue-cekirdek-kahve-250-gr";"2026-08-11"
"Kaave Roastery";"Doğrulandı";"FİLTRE MARE BLUE ÖĞÜTÜLMÜŞ 250G";"Menşe belirtilmemiş";"250";"Erişilemedi";"Erişilemedi";"Belirsiz";"https://www.kaave.com.tr/mare-blue-filtre-kahve-250-gr";"2026-08-11"
"Kaave Roastery";"Doğrulandı";"FİLTRE PRESTİJ BLEND 500G";"Harman – menşe belirtilmemiş";"500";"Erişilemedi";"Erişilemedi";"Belirsiz";"https://www.kaave.com.tr/prestij-blend-filtre-kahve-500-gr";"2026-08-11"
"Kaave Roastery";"Doğrulandı";"Grande Gusto Espresso Çekirdek 1000 Gr*2'li Tanışma Paketi";"Menşe belirtilmemiş";"1000";"Erişilemedi";"Erişilemedi";"Belirsiz";"https://www.kaave.com.tr/grande-gusto-espresso-cekirdek-kahve-1000-gr-2li-tanisma-paketi";"2026-08-11"
"Kaave Roastery";"Doğrulandı";"Guatemala Peaks 250 gr";"Guatemala";"250";"Erişilemedi";"Erişilemedi";"Belirsiz";"https://www.kaave.com.tr/guatemala-peaks-cekirdek-kahve-250-gr";"2026-08-11"
"Kaave Roastery";"Doğrulandı";"Guatemala Peaks Çekirdek 250 Gr*4'lü Tanışma Paketi";"Guatemala";"250";"Erişilemedi";"Erişilemedi";"Belirsiz";"https://www.kaave.com.tr/guatemala-peaks-cekirdek-kahve-250-gr-4lu-tanisma-paketi";"2026-08-11"
"Kaave Roastery";"Doğrulandı";"KV-KAPSÜL CREMA GUSTO 5,5g x 10";"Menşe belirtilmemiş";"Erişilemedi";"Erişilemedi";"Erişilemedi";"Belirsiz";"https://www.kaave.com.tr/crema-gusto-kapsul-kahve";"2026-08-11"
"Kaave Roastery";"Doğrulandı";"KV-KAPSÜL GRANDE GUSTO 5,5g x 10";"Menşe belirtilmemiş";"Erişilemedi";"Erişilemedi";"Erişilemedi";"Belirsiz";"https://www.kaave.com.tr/kaave-grande-gusto-kapsul-kahve";"2026-08-11"
"Kaave Roastery";"Doğrulandı";"KV-KAPSÜL GUATEMALA 5,5g x 10";"Guatemala";"Erişilemedi";"Erişilemedi";"Erişilemedi";"Belirsiz";"https://www.kaave.com.tr/guatemala-kapsul-kahve";"2026-08-11"
"Kaave Roastery";"Doğrulandı";"KV-Türk Kahvesi İstanbul 1.000 Gr";"Menşe belirtilmemiş";"Erişilemedi";"Erişilemedi";"Erişilemedi";"Belirsiz";"https://www.kaave.com.tr/turk-kahvesi-istanbul-1000-gr";"2026-08-11"
"Kaave Roastery";"Doğrulandı";"KV-Türk Kahvesi Turkuaz 250 gr";"Harman – menşe belirtilmemiş";"250";"Erişilemedi";"Erişilemedi";"Belirsiz";"https://www.kaave.com.tr/turk-kahvesi-turkuaz-250-gr";"2026-08-11"
"Kaave Roastery";"Doğrulandı";"Magnifico Blend Espresso Çekirdek Kahve 1.000 Gr|";"Harman – menşe belirtilmemiş";"Erişilemedi";"Erişilemedi";"Erişilemedi";"Belirsiz";"https://www.kaave.com.tr/magnifico-blend-espresso-cekirdek-kahve-1000-gr";"2026-08-11"
"Kaave Roastery";"Doğrulandı";"Mare Blue Çekirdek 250 Gr*2'li Tanışma Paketi";"Menşe belirtilmemiş";"250";"Erişilemedi";"Erişilemedi";"Belirsiz";"https://www.kaave.com.tr/filtre-mare-blue-cekirdek-kahve-tanisma-paketi-250-gr-2-adet";"2026-08-11"
"Kaave Roastery";"Doğrulandı";"Mare Blue Çekirdek 250 Gr*4'lü Tanışma Paketi";"Menşe belirtilmemiş";"250";"Erişilemedi";"Erişilemedi";"Belirsiz";"https://www.kaave.com.tr/filtre-mare-blue-cekirdek-kahve-250-gr-4lu-tanisma-paketi";"2026-08-11"
"Kaave Roastery";"Doğrulandı";"Mare Blue Öğütülmüş 250 Gr*4'lü Tanışma Paketi";"Menşe belirtilmemiş";"250";"Erişilemedi";"Erişilemedi";"Belirsiz";"https://www.kaave.com.tr/filtre-mare-blue-ogutulmus-kahve-250-gr-4lu-tanisma-paketi";"2026-08-11"
"Kaave Roastery";"Doğrulandı";"Mare Blue Öğütülmüş 250G*2'li Tanışma Paketi";"Menşe belirtilmemiş";"250";"Erişilemedi";"Erişilemedi";"Belirsiz";"https://www.kaave.com.tr/mare-blue-filtre-kahve-tanisma-paketi-250-gr-2-adet";"2026-08-11"
"Kaave Roastery";"Doğrulandı";"Prestij Blend Filtre 500 Gr*2'li Tanışma Paketi";"Harman – menşe belirtilmemiş";"500";"Erişilemedi";"Erişilemedi";"Belirsiz";"https://www.kaave.com.tr/prestij-blend-filtre-kahve-tanisma-paketi-500-gr-2-adet";"2026-08-11"
"Kaave Roastery";"Doğrulandı";"Prestij Blend Filtre 500 Gr*3'lü Tanışma Paketi";"Harman – menşe belirtilmemiş";"500";"Erişilemedi";"Erişilemedi";"Belirsiz";"https://www.kaave.com.tr/prestij-blend-filtre-kahve-500-gr-3lu-tanisma-paketi";"2026-08-11"
"Kaave Roastery";"Doğrulandı";"Prestij Blend Filtre 500 Gr*4'lü Tanışma Paketi";"Harman – menşe belirtilmemiş";"500";"Erişilemedi";"Erişilemedi";"Belirsiz";"https://www.kaave.com.tr/prestij-blend-filtre-kahve-tanisma-paketi-500-gr-4-adet";"2026-08-11"
"Kaave Roastery";"Doğrulandı";"Prestij Blend Filtre Kahve 250 Gr|";"Harman – menşe belirtilmemiş";"250";"Erişilemedi";"Erişilemedi";"Belirsiz";"https://www.kaave.com.tr/prestij-blend-filtre-kahve-250-gr";"2026-08-11"
"Kaave Roastery";"Doğrulandı";"Türk Kahvesi İstanbul 250 Gr*2'li Tanışma Paketi";"Menşe belirtilmemiş";"250";"Erişilemedi";"Erişilemedi";"Belirsiz";"https://www.kaave.com.tr/turk-kahvesi-istanbul-tanisma-paketi-250-gr-2-adet";"2026-08-11"
"Kaave Roastery";"Doğrulandı";"Türk Kahvesi İstanbul 250 Gr*4'lü Tanışma Paketi";"Menşe belirtilmemiş";"250";"Erişilemedi";"Erişilemedi";"Belirsiz";"https://www.kaave.com.tr/turk-kahvesi-istanbul-tanisma-paketi-250-gr-4-adet";"2026-08-11"
"Kaave Roastery";"Doğrulandı";"TÜRK KAHVESİ İSTANBUL 250G";"Menşe belirtilmemiş";"250";"Erişilemedi";"Erişilemedi";"Belirsiz";"https://www.kaave.com.tr/turk-kahvesi-istanbul-250-gr";"2026-08-11"
"Kaave Roastery";"Doğrulandı";"Türk Kahvesi Turkuaz 250 Gr + Türk Kahvesi İstanbul 250 Gr 2'li Tanışma Paketi";"Menşe belirtilmemiş";"250";"Erişilemedi";"Erişilemedi";"Belirsiz";"https://www.kaave.com.tr/turkuaz-istanbul-turk-kahvesi-tanisma-paketi-250-gr-2-adet";"2026-08-11"
"Kaave Roastery";"Doğrulandı";"Türk Kahvesi Turkuaz 250 Gr*2'li Tanışma Paketi";"Menşe belirtilmemiş";"250";"Erişilemedi";"Erişilemedi";"Belirsiz";"https://www.kaave.com.tr/turk-kahvesi-turkuaz-tanisma-paketi-250-gr-2-adet";"2026-08-11"
"Kaave Roastery";"Doğrulandı";"Türk Kahvesi Turkuaz 250 Gr*4'lü Tanışma Paketi";"Menşe belirtilmemiş";"250";"Erişilemedi";"Erişilemedi";"Belirsiz";"https://www.kaave.com.tr/turk-kahvesi-turkuaz-tanisma-paketi-250-gr-4-adet";"2026-08-11"
"Kafein Kültür";"Kısmi doğrulama";"Ürün kataloğu — ayrıntılı ürün verisine erişilemedi";"Erişilemedi";"Erişilemedi";"Erişilemedi";"Erişilemedi";"Erişilemedi";"Erişilemedi";"2026-08-11"
"Kafeingo";"Doğrulandı";"Ürün kataloğu — ayrıntılı ürün verisine erişilemedi";"Erişilemedi";"Erişilemedi";"Erişilemedi";"Erişilemedi";"Erişilemedi";"https://kafeingo.com/";"2026-08-11"
"Kahve Diyarı";"Kısmi doğrulama";"Ürün kataloğu — ayrıntılı ürün verisine erişilemedi";"Erişilemedi";"Erişilemedi";"Erişilemedi";"Erişilemedi";"Erişilemedi";"Erişilemedi";"2026-08-11"
"Kahve Dünyası";"Doğrulandı";"12&#x27;li Çok Kavrulmuş Türk Kahvesi 100g";"Brezilya";"100";"1250";"12500";"Belirsiz";"https://www.kahvedunyasi.com/urun/12li-cok-kavrulmus-turk-kahvesi-100g-p-91";"2026-08-11"
"Kahve Dünyası";"Doğrulandı";"24&#x27;lü Sütlü Gofrik";"Menşe belirtilmemiş";"33";"1250";"37878.79";"Belirsiz";"https://www.kahvedunyasi.com/urun/24lu-sutlu-gofrik-p-42";"2026-08-11"
"Kahve Dünyası";"Doğrulandı";"3&#x27;&#x27;ü 1 Arada Klasik Hazır Kahve 8&#x27;li Paket";"Menşe belirtilmemiş";"Erişilemedi";"1250";"Erişilemedi";"Belirsiz";"https://www.kahvedunyasi.com/urun/3u-1-arada-klasik-hazir-kahve-8li-paket-p-263";"2026-08-11"
"Kahve Dünyası";"Doğrulandı";"4&#x27;lü Orta Kavrulmuş Türk Kahvesi 100g";"Brezilya";"100";"1250";"12500";"Belirsiz";"https://www.kahvedunyasi.com/urun/4lu-orta-kavrulmus-turk-kahvesi-100g-p-97";"2026-08-11"
"Kahve Dünyası";"Doğrulandı";"40&#x27;lı 2&#x27;si 1 Arada Fındık Aromalı Hazır Kahve";"Harman – menşe belirtilmemiş";"12";"1250";"104166.67";"Belirsiz";"https://www.kahvedunyasi.com/urun/40li-2si-1-arada-findik-aromali-hazir-kahve-p-159";"2026-08-11"
"Kahve Dünyası";"Doğrulandı";"40&#x27;lı 2&#x27;si 1 Arada Klasik Hazır Kahve";"Harman – menşe belirtilmemiş";"12";"1250";"104166.67";"Belirsiz";"https://www.kahvedunyasi.com/urun/40li-2si-1-arada-klasik-hazir-kahve-p-160";"2026-08-11"
"Kahve Dünyası";"Doğrulandı";"40&#x27;lı 3&#x27;ü 1 Arada Damla Sakızı Aromalı Hazır Kahve";"Harman – menşe belirtilmemiş";"18";"1250";"69444.44";"Belirsiz";"https://www.kahvedunyasi.com/urun/40li-3u-1-arada-damla-sakizi-aromali-hazir-kahve-p-62";"2026-08-11"
"Kahve Dünyası";"Doğrulandı";"40&#x27;lı 3&#x27;ü 1 Arada Klasik Hazır Kahve";"Harman – menşe belirtilmemiş";"18";"1250";"69444.44";"Belirsiz";"https://www.kahvedunyasi.com/urun/40li-3u-1-arada-klasik-hazir-kahve-p-162";"2026-08-11"
"Kahve Dünyası";"Doğrulandı";"5&#x27;li Sütlü Gofrik";"Menşe belirtilmemiş";"Erişilemedi";"1250";"Erişilemedi";"Belirsiz";"https://www.kahvedunyasi.com/urun/5li-sutlu-gofrik-p-101";"2026-08-11"
"Kahve Dünyası";"Doğrulandı";"80&#x27;li Filtre Kahve Kağıdı";"Menşe belirtilmemiş";"Erişilemedi";"1250";"Erişilemedi";"Belirsiz";"https://www.kahvedunyasi.com/urun/80li-filtre-kahve-kagidi-p-3";"2026-08-11"
"Kahve Dünyası";"Doğrulandı";"Antep Fıstıklı Draje, Sütlü Çikolatalı 120g";"Menşe belirtilmemiş";"120";"1250";"10416.67";"Belirsiz";"https://www.kahvedunyasi.com/urun/antep-fistikli-draje-sutlu-cikolatali-120g-p-251";"2026-08-11"
"Kahve Dünyası";"Doğrulandı";"Antigua Kavrulmuş Çekirdek 1 Kg.";"Menşe belirtilmemiş";"1000";"1250";"1250";"Belirsiz";"https://www.kahvedunyasi.com/urun/antigua-kavrulmus-cekirdek-1-kg-p-212";"2026-08-11"
"Kahve Dünyası";"Doğrulandı";"Badem Ezmesi Bitter 225 gr";"Menşe belirtilmemiş";"225";"1250";"5555.56";"Belirsiz";"https://www.kahvedunyasi.com/urun/badem-ezmesi-bitter-225-gr-p-262";"2026-08-11"
"Kahve Dünyası";"Doğrulandı";"Beyaz Para Çikolata 500g";"Menşe belirtilmemiş";"500";"1250";"2500";"Belirsiz";"https://www.kahvedunyasi.com/urun/beyaz-para-cikolata-500g-p-319";"2026-08-11"
"Kahve Dünyası";"Doğrulandı";"Bonte Bitter Çikolatalı 400g Kova";"Menşe belirtilmemiş";"400";"1250";"3125";"Belirsiz";"https://www.kahvedunyasi.com/urun/bonte-bitter-cikolatali-400g-kova-p-71";"2026-08-11"
"Kahve Dünyası";"Doğrulandı";"Çok Kavrulmuş Türk Kahvesi 250g";"Brezilya";"250";"1250";"5000";"Belirsiz";"https://www.kahvedunyasi.com/urun/cok-kavrulmus-turk-kahvesi-250g-p-46";"2026-08-11"
"Kahve Dünyası";"Doğrulandı";"Draje Badem Sütlü 120 gr";"Menşe belirtilmemiş";"120";"1250";"10416.67";"Belirsiz";"https://www.kahvedunyasi.com/urun/draje-badem-sutlu-120-gr-p-245";"2026-08-11"
"Kahve Dünyası";"Doğrulandı";"Draje Bitter Portakal 120 gr";"Menşe belirtilmemiş";"120";"1250";"10416.67";"Belirsiz";"https://www.kahvedunyasi.com/urun/draje-bitter-portakal-120-gr-p-279";"2026-08-11"
"Kahve Dünyası";"Doğrulandı";"Draje Mix Kahveli 120 gr";"Menşe belirtilmemiş";"120";"1250";"10416.67";"Belirsiz";"https://www.kahvedunyasi.com/urun/draje-mix-kahveli-120-gr-p-2422";"2026-08-11"
"Kahve Dünyası";"Doğrulandı";"Espresso Çekirdek 1 Kg.";"Menşe belirtilmemiş";"1000";"1250";"1250";"Belirsiz";"https://www.kahvedunyasi.com/urun/espresso-cekirdek-1-kg-p-123";"2026-08-11"
"Kahve Dünyası";"Doğrulandı";"Espresso Kilitli 250g";"Menşe belirtilmemiş";"250";"1250";"5000";"Belirsiz";"https://www.kahvedunyasi.com/urun/espresso-kilitli-250g-p-2421";"2026-08-11"
"Kahve Dünyası";"Doğrulandı";"Etiyopya Kapsül Kahve 10&#x27;&#x27;lu Kutu";"Etiyopya";"Erişilemedi";"1250";"Erişilemedi";"Belirsiz";"https://www.kahvedunyasi.com/urun/etiyopya-kapsul-kahve-10lu-kutu-p-295";"2026-08-11"
"Kahve Dünyası";"Doğrulandı";"Fındık Aromalı Kapsül Kahve 10&#x27;&#x27;lu Kutu";"Menşe belirtilmemiş";"Erişilemedi";"1250";"Erişilemedi";"Belirsiz";"https://www.kahvedunyasi.com/urun/findik-aromali-kapsul-kahve-10lu-kutu-p-261";"2026-08-11"
"Kahve Dünyası";"Doğrulandı";"Filtre Kahve Aromalı 3&#x27;lü Set Kilitli 250 gr";"Menşe belirtilmemiş";"250";"1250";"5000";"Belirsiz";"https://www.kahvedunyasi.com/urun/filtre-kahve-aromali-3lu-set-kilitli-250-gr-p-2374";"2026-08-11"
"Kahve Dünyası";"Doğrulandı";"Filtre Kahve Çekirdek 1 Kg.";"Harman – menşe belirtilmemiş";"1000";"1250";"1250";"Belirsiz";"https://www.kahvedunyasi.com/urun/filtre-kahve-cekirdek-1-kg-p-165";"2026-08-11"
"Kahve Dünyası";"Doğrulandı";"Guatemala Yöresel Filtre Kahve 200g-Kağıt Filtre";"Guatemala";"200";"1250";"6250";"Belirsiz";"https://www.kahvedunyasi.com/urun/guatemala-yoresel-filtre-kahve-200gkagit-filtre-p-217";"2026-08-11"
"Kahve Dünyası";"Doğrulandı";"Karamel Aromalı Filtre Kahve Çekirdek 1 Kg.";"Menşe belirtilmemiş";"1000";"1250";"1250";"Belirsiz";"https://www.kahvedunyasi.com/urun/karamel-aromali-filtre-kahve-cekirdek-1-kg-p-124";"2026-08-11"
"Kahve Dünyası";"Doğrulandı";"Karamel Aromalı Filtre Kahve Kilitli 250g";"Menşe belirtilmemiş";"250";"1250";"5000";"Belirsiz";"https://www.kahvedunyasi.com/urun/karamel-aromali-filtre-kahve-kilitli-250g-p-2372";"2026-08-11"
"Kahve Dünyası";"Doğrulandı";"Karamel Aromalı Kapsül Kahve 10&#x27;&#x27;lu Kutu";"Menşe belirtilmemiş";"Erişilemedi";"1250";"Erişilemedi";"Belirsiz";"https://www.kahvedunyasi.com/urun/karamel-aromali-kapsul-kahve-10lu-kutu-p-267";"2026-08-11"
"Kahve Dünyası";"Doğrulandı";"Kolombiya Filtre Kahve Kilitli 250g";"Kolombiya";"250";"1250";"5000";"Belirsiz";"https://www.kahvedunyasi.com/urun/kolombiya-filtre-kahve-kilitli-250g-p-2424";"2026-08-11"
"Kahve Dünyası";"Doğrulandı";"Madlen Sütlü-Bitter Çikolata Büyük Boy 572g";"Menşe belirtilmemiş";"572";"1250";"2185.31";"Belirsiz";"https://www.kahvedunyasi.com/urun/madlen-sutlubitter-cikolata-buyuk-boy-572g-p-315";"2026-08-11"
"Kahve Dünyası";"Doğrulandı";"Orijin Çikolata Ekvador 100g";"Menşe belirtilmemiş";"100";"1250";"12500";"Belirsiz";"https://www.kahvedunyasi.com/urun/orijin-cikolata-ekvador-100g-p-36";"2026-08-11"
"Kahve Dünyası";"Doğrulandı";"Orijin Çikolata Tanzanya 100g";"Tanzanya";"100";"1250";"12500";"Belirsiz";"https://www.kahvedunyasi.com/urun/orijin-cikolata-tanzanya-100g-p-39";"2026-08-11"
"Kahve Dünyası";"Doğrulandı";"Orta Kavrulmuş Türk Kahvesi 100g";"Brezilya";"100";"1250";"12500";"Belirsiz";"https://www.kahvedunyasi.com/urun/orta-kavrulmus-turk-kahvesi-100g-p-106";"2026-08-11"
"Kahve Dünyası";"Doğrulandı";"Roche Fıstıklı Bitter Çikolata 250g";"Menşe belirtilmemiş";"250";"1250";"5000";"Belirsiz";"https://www.kahvedunyasi.com/urun/roche-fistikli-bitter-cikolata-250g-p-118";"2026-08-11"
"Kahve Dünyası";"Doğrulandı";"Spesiyal Çikolata Büyük Kutu 418g";"Hindistan";"418";"1250";"2990.43";"Belirsiz";"https://www.kahvedunyasi.com/urun/spesiyal-cikolata-buyuk-kutu-418g-p-2399";"2026-08-11"
"Kahve Dünyası";"Doğrulandı";"Sürpriz Kahverengi Hediye Kutusu";"Menşe belirtilmemiş";"Erişilemedi";"1250";"Erişilemedi";"Belirsiz";"https://www.kahvedunyasi.com/urun/surpriz-kahverengi-hediye-kutusu-p-10";"2026-08-11"
"Kahve Dünyası";"Doğrulandı";"Taze Çekilmiş Türk Kahvesi Çok Kavrulmuş 200g";"Menşe belirtilmemiş";"200";"1250";"6250";"Belirsiz";"https://www.kahvedunyasi.com/urun/taze-cekilmis-turk-kahvesi-cok-kavrulmus-200g-p-255";"2026-08-11"
"Kahve Dünyası";"Doğrulandı";"Taze Çekilmiş Türk Kahvesi Orta Kavrulmuş 200g";"Menşe belirtilmemiş";"200";"1250";"6250";"Belirsiz";"https://www.kahvedunyasi.com/urun/taze-cekilmis-turk-kahvesi-orta-kavrulmus-200g-p-216";"2026-08-11"
"Kahve Dünyası";"Doğrulandı";"Vanilya Aromalı Filtre Kahve Kilitli 250g";"Harman – menşe belirtilmemiş";"250";"1250";"5000";"Belirsiz";"https://www.kahvedunyasi.com/urun/vanilya-aromali-filtre-kahve-kilitli-250g-p-2373";"2026-08-11"
"Kahve Dünyası";"Doğrulandı";"Vanilya Aromalı Kapsül Kahve 10&#x27;&#x27;lu Kutu";"Menşe belirtilmemiş";"Erişilemedi";"1250";"Erişilemedi";"Belirsiz";"https://www.kahvedunyasi.com/urun/vanilya-aromali-kapsul-kahve-10lu-kutu-p-268";"2026-08-11"
"Kahve Fabrikası";"Doğrulandı";"Ürün kataloğu — ayrıntılı ürün verisine erişilemedi";"Erişilemedi";"Erişilemedi";"Erişilemedi";"Erişilemedi";"Erişilemedi";"https://www.kahvefabrikasi.com/kahve";"2026-08-11"
"Kahve.com / Moliendo";"Doğrulandı";"Hario Soğuk Demleme Filtreli Şişe Mocca";"Menşe belirtilmemiş";"Erişilemedi";"131";"Erişilemedi";"Belirsiz";"https://www.kahve.com/urun/hario-soguk-demleme-filtreli-sise-mocca";"2026-08-11"
"Kahve.com / Moliendo";"Doğrulandı";"Moliendo Australia Skybury Yöresel Kahve";"Menşe belirtilmemiş";"Erişilemedi";"131";"Erişilemedi";"Belirsiz";"https://www.kahve.com/urun/moliendo-australia-skybury-yoresel-kahve";"2026-08-11"
"Kahve.com / Moliendo";"Doğrulandı";"Moliendo Brasil Bossa Nova Yöresel Kahve";"Brezilya";"Erişilemedi";"131";"Erişilemedi";"Belirsiz";"https://www.kahve.com/urun/moliendo-brasil-bossa-nova-yoresel-kahve";"2026-08-11"
"Kahve.com / Moliendo";"Doğrulandı";"Moliendo Brasil Cerrado Yöresel Kahve";"Brezilya";"Erişilemedi";"131";"Erişilemedi";"Belirsiz";"https://www.kahve.com/urun/moliendo-brasil-cerrado-yoresel-kahve";"2026-08-11"
"Kahve.com / Moliendo";"Doğrulandı";"Moliendo Brasil Fazenda Yellow Bourbon Yöresel Kahve";"Brezilya";"Erişilemedi";"131";"Erişilemedi";"Belirsiz";"https://www.kahve.com/urun/moliendo-brasil-fazenda-yellow-bourbon-yoresel-kahve";"2026-08-11"
"Kahve.com / Moliendo";"Doğrulandı";"Moliendo Burundi Yöresel Kahve";"Burundi";"Erişilemedi";"131";"Erişilemedi";"Belirsiz";"https://www.kahve.com/urun/moliendo-burundi-yoresel-kahve";"2026-08-11"
"Kahve.com / Moliendo";"Doğrulandı";"Moliendo Colombia Altamira Excelso Yöresel Kahve";"Kolombiya";"Erişilemedi";"131";"Erişilemedi";"Belirsiz";"https://www.kahve.com/urun/moliendo-colombia-altamira-excelso-yoresel-kahve";"2026-08-11"
"Kahve.com / Moliendo";"Doğrulandı";"Moliendo Colombia Supremo Huila Yöresel Kahve";"Kolombiya";"Erişilemedi";"131";"Erişilemedi";"Belirsiz";"https://www.kahve.com/urun/moliendo-colombia-supremo-huila-yoresel-kahve";"2026-08-11"
"Kahve.com / Moliendo";"Doğrulandı";"Moliendo Costa Rica Tarrazu Yöresel Kahve";"Kosta Rika";"Erişilemedi";"131";"Erişilemedi";"Belirsiz";"https://www.kahve.com/urun/moliendo-costa-rica-tarrazu-yoresel-kahve";"2026-08-11"
"Kahve.com / Moliendo";"Doğrulandı";"Moliendo Ecuador Loja Yöresel Kahve";"Menşe belirtilmemiş";"Erişilemedi";"131";"Erişilemedi";"Belirsiz";"https://www.kahve.com/urun/moliendo-ecuador-loja-yoresel-kahve";"2026-08-11"
"Kahve.com / Moliendo";"Doğrulandı";"Moliendo El Salvador SGH Finca La Joya Yöresel Kahve";"El Salvador";"Erişilemedi";"131";"Erişilemedi";"Belirsiz";"https://www.kahve.com/urun/moliendo-el-salvador-sgh-finca-la-joya-yoresel-kahve";"2026-08-11"
"Kahve.com / Moliendo";"Doğrulandı";"Moliendo Ethiopia Djimmah Yöresel Kahve";"Etiyopya";"Erişilemedi";"131";"Erişilemedi";"Belirsiz";"https://www.kahve.com/urun/moliendo-ethiopia-djimmah-yoresel-kahve";"2026-08-11"
"Kahve.com / Moliendo";"Doğrulandı";"Moliendo Ethiopia Harrar Yöresel Kahve";"Etiyopya";"Erişilemedi";"131";"Erişilemedi";"Belirsiz";"https://www.kahve.com/urun/moliendo-ethiopia-harrar-yoresel-kahve";"2026-08-11"
"Kahve.com / Moliendo";"Doğrulandı";"Moliendo Ethiopia Sidamo Gr 2 Yıkanmış Yöresel Kahve";"Etiyopya";"Erişilemedi";"131";"Erişilemedi";"Belirsiz";"https://www.kahve.com/urun/moliendo-ethiopia-sidamo-gr-2-yikanmis-yoresel-kahve";"2026-08-11"
"Kahve.com / Moliendo";"Doğrulandı";"Moliendo Ethiopia Sidamo Gr 4 Kuru İşleme Yöresel Kahve";"Etiyopya";"Erişilemedi";"131";"Erişilemedi";"Belirsiz";"https://www.kahve.com/urun/moliendo-ethiopia-sidamo-gr-4-kuru-isleme-yoresel-kahve";"2026-08-11"
"Kahve.com / Moliendo";"Doğrulandı";"Moliendo Ethiopia Yirgacheffe Yöresel Kahve";"Etiyopya";"Erişilemedi";"131";"Erişilemedi";"Belirsiz";"https://www.kahve.com/urun/moliendo-ethiopia-yirgacheffe-yoresel-kahve";"2026-08-11"
"Kahve.com / Moliendo";"Doğrulandı";"Moliendo Guatemala Antigua Yöresel Kahve";"Guatemala";"Erişilemedi";"131";"Erişilemedi";"Belirsiz";"https://www.kahve.com/urun/moliendo-guatemala-antigua-yoresel-kahve";"2026-08-11"
"Kahve.com / Moliendo";"Doğrulandı";"Moliendo Hawaii Kona Prime Yöresel Kahve";"Menşe belirtilmemiş";"Erişilemedi";"131";"Erişilemedi";"Belirsiz";"https://www.kahve.com/urun/moliendo-hawaii-kona-prime-yoresel-kahve";"2026-08-11"
"Kahve.com / Moliendo";"Doğrulandı";"Moliendo Honduras Finca Beatrice Micro-Lot Yöresel Kahve";"Honduras";"Erişilemedi";"131";"Erişilemedi";"Belirsiz";"https://www.kahve.com/urun/moliendo-honduras-finca-beatrice-micro-lot-yoresel-kahve";"2026-08-11"
"Kahve.com / Moliendo";"Doğrulandı";"Moliendo Honduras Finca Cerro Azul Yöresel Kahve";"Honduras";"Erişilemedi";"131";"Erişilemedi";"Belirsiz";"https://www.kahve.com/urun/moliendo-honduras-finca-cerro-azul-yoresel-kahve";"2026-08-11"
"Kahve.com / Moliendo";"Doğrulandı";"Moliendo Honduras Pacamara Finca Monte Cristo Yöresel Kahve";"Honduras";"Erişilemedi";"131";"Erişilemedi";"Belirsiz";"https://www.kahve.com/urun/moliendo-honduras-pacamara-finca-monte-cristo-yoresel-kahve";"2026-08-11"
"Kahve.com / Moliendo";"Doğrulandı";"Moliendo Honduras San Marcos SHG Yöresel Kahve";"Honduras";"Erişilemedi";"131";"Erişilemedi";"Belirsiz";"https://www.kahve.com/urun/moliendo-honduras-san-marcos-shg-yoresel-kahve";"2026-08-11"
"Kahve.com / Moliendo";"Doğrulandı";"Moliendo Honduras SHB Honey Micro-Lot Yöresel Kahve";"Honduras";"Erişilemedi";"131";"Erişilemedi";"Belirsiz";"https://www.kahve.com/urun/moliendo-honduras-shb-honey-micro-lot-yoresel-kahve";"2026-08-11"
"Kahve.com / Moliendo";"Doğrulandı";"Moliendo Indonesia Java Pancoer Yöresel Kahve";"Endonezya";"Erişilemedi";"131";"Erişilemedi";"Belirsiz";"https://www.kahve.com/urun/moliendo-indonesia-java-pancoer-yoresel-kahve";"2026-08-11"
"Kahve.com / Moliendo";"Doğrulandı";"Moliendo Mexico Esmeralda Yöresel Kahve";"Meksika";"Erişilemedi";"131";"Erişilemedi";"Belirsiz";"https://www.kahve.com/urun/moliendo-mexico-esmeralda-yoresel-kahve";"2026-08-11"
"Kahve.com / Moliendo";"Doğrulandı";"Moliendo New Year Blend 250 g";"Harman – menşe belirtilmemiş";"250";"131";"524";"Belirsiz";"https://www.kahve.com/urun/moliendo-new-year-blend-250-g";"2026-08-11"
"Kahve.com / Moliendo";"Doğrulandı";"Moliendo Papua New Guinea Sigri AA Yöresel Kahve";"Menşe belirtilmemiş";"Erişilemedi";"131";"Erişilemedi";"Belirsiz";"https://www.kahve.com/urun/moliendo-papua-new-guinea-sigri-aa-yoresel-kahve";"2026-08-11"
"Kahve.com / Moliendo";"Doğrulandı";"Moliendo Peru Chanchamayo Yöresel Kahve";"Peru";"Erişilemedi";"131";"Erişilemedi";"Belirsiz";"https://www.kahve.com/urun/moliendo-peru-chanchamayo-yoresel-kahve";"2026-08-11"
"Kahve.com / Moliendo";"Doğrulandı";"Moliendo Positano Espresso Blend Kahve";"Harman – menşe belirtilmemiş";"Erişilemedi";"131";"Erişilemedi";"Belirsiz";"https://www.kahve.com/urun/moliendo-positano-espresso-blend-kahve";"2026-08-11"
"Kahve.com / Moliendo";"Doğrulandı";"Moliendo Salerno Espresso Blend Kahve";"Harman – menşe belirtilmemiş";"Erişilemedi";"131";"Erişilemedi";"Belirsiz";"https://www.kahve.com/urun/moliendo-salerno-espresso-blend-kahve";"2026-08-11"
"Kahve.com / Moliendo";"Doğrulandı";"Moliendo Yemen Mocha Yöresel Kahve";"Yemen";"Erişilemedi";"131";"Erişilemedi";"Belirsiz";"https://www.kahve.com/urun/moliendo-yemen-mocha-yoresel-kahve";"2026-08-11"
"Kakule Kahve";"Kısmi doğrulama";"Ürün kataloğu — ayrıntılı ürün verisine erişilemedi";"Erişilemedi";"Erişilemedi";"Erişilemedi";"Erişilemedi";"Erişilemedi";"Erişilemedi";"2026-08-11"
"Kava Coffee";"Kısmi doğrulama";"Ürün kataloğu — ayrıntılı ürün verisine erişilemedi";"Erişilemedi";"Erişilemedi";"Erişilemedi";"Erişilemedi";"Erişilemedi";"Erişilemedi";"2026-08-11"
"Keçi Coffee Roastery";"Kısmi doğrulama";"Ürün kataloğu — ayrıntılı ürün verisine erişilemedi";"Erişilemedi";"Erişilemedi";"Erişilemedi";"Erişilemedi";"Erişilemedi";"Erişilemedi";"2026-08-11"
"Keobs Coffee Roastery";"Doğrulandı";"Brezilya · Mogiana";"Brezilya";"Erişilemedi";"400";"Erişilemedi";"Belirsiz";"https://keobs.com.tr/urun/brezilya-mogiana";"2026-08-11"
"Keobs Coffee Roastery";"Doğrulandı";"Cold Brew: Yaz Aylarının Kahvesi";"Menşe belirtilmemiş";"Erişilemedi";"Erişilemedi";"Erişilemedi";"Belirsiz";"https://keobs.com.tr/blog/cold-brew-yaz-aylarinin-kahvesi";"2026-08-11"
"Keobs Coffee Roastery";"Doğrulandı";"Çekirdeği Saklamanın Doğru Yolu";"Menşe belirtilmemiş";"Erişilemedi";"Erişilemedi";"Erişilemedi";"Belirsiz";"https://keobs.com.tr/blog/kahve-saklama-tazeligi-korumak";"2026-08-11"
"Keobs Coffee Roastery";"Doğrulandı";"El Salvador · Shasta EP";"El Salvador";"Erişilemedi";"430";"Erişilemedi";"Belirsiz";"https://keobs.com.tr/urun/el-salvador-shasta-ep";"2026-08-11"
"Keobs Coffee Roastery";"Doğrulandı";"Etiyopya · Sidamo";"Etiyopya";"Erişilemedi";"490";"Erişilemedi";"Belirsiz";"https://keobs.com.tr/urun/etiyopya-sidamo";"2026-08-11"
"Keobs Coffee Roastery";"Doğrulandı";"Etiyopya Sidamo · Specialty";"Etiyopya";"Erişilemedi";"490";"Erişilemedi";"Belirsiz";"https://keobs.com.tr/urun/etiyopya-sidamo-specialty";"2026-08-11"
"Keobs Coffee Roastery";"Doğrulandı";"Filtre Blend";"Harman – menşe belirtilmemiş";"Erişilemedi";"350";"Erişilemedi";"Belirsiz";"https://keobs.com.tr/urun/filtre-blend";"2026-08-11"
"Keobs Coffee Roastery";"Doğrulandı";"Guatemala · El Jaguar";"Guatemala";"Erişilemedi";"400";"Erişilemedi";"Belirsiz";"https://keobs.com.tr/urun/guatemala-el-jaguar";"2026-08-11"
"Keobs Coffee Roastery";"Doğrulandı";"Honduras · Marcala";"Honduras";"Erişilemedi";"350";"Erişilemedi";"Belirsiz";"https://keobs.com.tr/urun/honduras-marcala";"2026-08-11"
"Keobs Coffee Roastery";"Doğrulandı";"Kenya Nyeri FAQ AA";"Kenya";"Erişilemedi";"490";"Erişilemedi";"Belirsiz";"https://keobs.com.tr/urun/kenya-nyeri-faq-aa";"2026-08-11"
"Keobs Coffee Roastery";"Doğrulandı";"Kolombiya · Huila";"Kolombiya";"Erişilemedi";"350";"Erişilemedi";"Belirsiz";"https://keobs.com.tr/urun/colombia-huila";"2026-08-11"
"Keobs Coffee Roastery";"Doğrulandı";"Premium Colombia Espresso 2x 200gr";"Kolombiya";"200";"550";"2750";"Stokta";"https://keobs.com.tr/urun/premium-colombia-espresso-2x200gr";"2026-08-11"
"Keobs Coffee Roastery";"Doğrulandı";"Premium Espresso 2x 200gr";"Harman – menşe belirtilmemiş";"200";"550";"2750";"Stokta";"https://keobs.com.tr/urun/premium-espresso-2x200gr";"2026-08-11"
"Keobs Coffee Roastery";"Doğrulandı";"Puly Caff Powder · Temizleme Tozu";"Menşe belirtilmemiş";"Erişilemedi";"700";"Erişilemedi";"Belirsiz";"https://keobs.com.tr/urun/puly-caff-powder-900gr";"2026-08-11"
"Keobs Coffee Roastery";"Doğrulandı";"Sfenks Espresso Blend";"Harman – menşe belirtilmemiş";"Erişilemedi";"350";"Erişilemedi";"Belirsiz";"https://keobs.com.tr/urun/sfenks-espresso-blend";"2026-08-11"
"Keobs Coffee Roastery";"Doğrulandı";"Su Kalitesi: Kahvenin Gizli Karakteri";"Menşe belirtilmemiş";"Erişilemedi";"Erişilemedi";"Erişilemedi";"Belirsiz";"https://keobs.com.tr/blog/su-kalitesi-kahvenin-gizli-karakteri";"2026-08-11"
"Keobs Coffee Roastery";"Doğrulandı";"Tek Köken Kahve: Bir Coğrafyanın İmzası";"Menşe belirtilmemiş";"Erişilemedi";"Erişilemedi";"Erişilemedi";"Belirsiz";"https://keobs.com.tr/blog/tek-koken-kahve-nedir";"2026-08-11"
"Keobs Coffee Roastery";"Doğrulandı";"Tüm Kahveler · Koleksiyon · Keobs";"Menşe belirtilmemiş";"Erişilemedi";"Erişilemedi";"Erişilemedi";"Belirsiz";"https://keobs.com.tr/urunler?kategori=cleaning";"2026-08-11"
"Kernel Coffee";"Kısmi doğrulama";"Brezilya Morango";"Brezilya";"Erişilemedi";"1000";"Erişilemedi";"Belirsiz";"https://kernelcoffee.co/brezilya-morango";"2026-08-11"
"Kernel Coffee";"Kısmi doğrulama";"Brezilya Toucan";"Brezilya";"Erişilemedi";"1000";"Erişilemedi";"Belirsiz";"https://kernelcoffee.co/brezilya-toucan";"2026-08-11"
"Kernel Coffee";"Kısmi doğrulama";"CAFEC TH-1";"Menşe belirtilmemiş";"Erişilemedi";"1000";"Erişilemedi";"Belirsiz";"https://kernelcoffee.co/cafec-th-1";"2026-08-11"
"Kernel Coffee";"Kısmi doğrulama";"El Salvador Altamira";"El Salvador";"Erişilemedi";"1000";"Erişilemedi";"Belirsiz";"https://kernelcoffee.co/el-salvador-altamira";"2026-08-11"
"Kernel Coffee";"Kısmi doğrulama";"Etiyopya Konga";"Etiyopya";"Erişilemedi";"1000";"Erişilemedi";"Belirsiz";"https://kernelcoffee.co/etiyopya-konga";"2026-08-11"
"Kernel Coffee";"Kısmi doğrulama";"Kolombiya Carambolo";"Kolombiya";"Erişilemedi";"1000";"Erişilemedi";"Belirsiz";"https://kernelcoffee.co/kolombiya-carambolo";"2026-08-11"
"Kernel Coffee";"Kısmi doğrulama";"Kolombiya Galeras";"Kolombiya";"Erişilemedi";"1000";"Erişilemedi";"Belirsiz";"https://kernelcoffee.co/kolombiya-garelas";"2026-08-11"
"Kernel Coffee";"Kısmi doğrulama";"Kolombiya Opal Geisha";"Kolombiya";"Erişilemedi";"1000";"Erişilemedi";"Belirsiz";"https://kernelcoffee.co/kolombiya-opal-geisha";"2026-08-11"
"Khaldi Coffee";"Kısmi doğrulama";"Ürün kataloğu — ayrıntılı ürün verisine erişilemedi";"Erişilemedi";"Erişilemedi";"Erişilemedi";"Erişilemedi";"Erişilemedi";"Erişilemedi";"2026-08-11"
"Kilin Coffee";"Kısmi doğrulama";"Ürün kataloğu — ayrıntılı ürün verisine erişilemedi";"Erişilemedi";"Erişilemedi";"Erişilemedi";"Erişilemedi";"Erişilemedi";"Erişilemedi";"2026-08-11"
"Kimma Coffee Roasters";"Doğrulandı";"BREZİLYA MANTIQUEIRA";"Brezilya";"250";"420";"1680";"Stokta";"https://shop.kimmacoffee.com/products/brezi̇lya-mantiqueira";"2026-08-11"
"Kimma Coffee Roasters";"Doğrulandı";"BREZİLYA MANTIQUEIRA";"Brezilya";"1000";"1680";"1680";"Stokta";"https://shop.kimmacoffee.com/products/brezi̇lya-mantiqueira";"2026-08-11"
"Kimma Coffee Roasters";"Doğrulandı";"COLOMBIA MEDELLIN ESPRESSO";"Kolombiya | Brezilya";"250";"410";"1640";"Stokta";"https://shop.kimmacoffee.com/products/colombia-medellin-espresso";"2026-08-11"
"Kimma Coffee Roasters";"Doğrulandı";"COLOMBIA MEDELLIN ESPRESSO";"Kolombiya | Brezilya";"1000";"1640";"1640";"Stokta";"https://shop.kimmacoffee.com/products/colombia-medellin-espresso";"2026-08-11"
"Kimma Coffee Roasters";"Doğrulandı";"COLOMBIA MEDELLIN FİLTRE";"Kolombiya | Brezilya";"250";"410";"1640";"Stokta";"https://shop.kimmacoffee.com/products/colombia-medellin";"2026-08-11"
"Kimma Coffee Roasters";"Doğrulandı";"COLOMBIA MEDELLIN FİLTRE";"Kolombiya | Brezilya";"1000";"1640";"1640";"Stokta";"https://shop.kimmacoffee.com/products/colombia-medellin";"2026-08-11"
"Kimma Coffee Roasters";"Doğrulandı";"COLOMBIA MELON NITRO MILAN";"Kolombiya";"100";"330";"3300";"Stokta";"https://shop.kimmacoffee.com/products/colombiya-melon-nitro-milan";"2026-08-11"
"Kimma Coffee Roasters";"Doğrulandı";"COLOMBIA MELON NITRO MILAN";"Kolombiya";"250";"800";"3200";"Stokta";"https://shop.kimmacoffee.com/products/colombiya-melon-nitro-milan";"2026-08-11"
"Kimma Coffee Roasters";"Doğrulandı";"COLOMBIA MILAN PASSION FRUIT";"Kolombiya | Brezilya";"100";"330";"3300";"Stokta";"https://shop.kimmacoffee.com/products/colombiya-milan-passion-fruit";"2026-08-11"
"Kimma Coffee Roasters";"Doğrulandı";"COLOMBIA MILAN PASSION FRUIT";"Kolombiya | Brezilya";"250";"800";"3200";"Stokta";"https://shop.kimmacoffee.com/products/colombiya-milan-passion-fruit";"2026-08-11"
"Kimma Coffee Roasters";"Doğrulandı";"COLOMBIA STRAWBERRY";"Kolombiya";"100";"250";"2500";"Stokta";"https://shop.kimmacoffee.com/products/colombia-strawberry";"2026-08-11"
"Kimma Coffee Roasters";"Doğrulandı";"COLOMBIA STRAWBERRY";"Kolombiya";"250";"700";"2800";"Stokta";"https://shop.kimmacoffee.com/products/colombia-strawberry";"2026-08-11"
"Kimma Coffee Roasters";"Doğrulandı";"EL SALVADOR SAN GABRIEL";"Kolombiya | El Salvador";"250";"450";"1800";"Stokta";"https://shop.kimmacoffee.com/products/el-salvador-san-gabriel";"2026-08-11"
"Kimma Coffee Roasters";"Doğrulandı";"ESPRESSO BLEND NO: I";"Etiyopya | Brezilya";"250";"360";"1440";"Stokta";"https://shop.kimmacoffee.com/products/espresso-brand-no-i";"2026-08-11"
"Kimma Coffee Roasters";"Doğrulandı";"ESPRESSO BLEND NO: I";"Etiyopya | Brezilya";"1000";"1440";"1440";"Stokta";"https://shop.kimmacoffee.com/products/espresso-brand-no-i";"2026-08-11"
"Kimma Coffee Roasters";"Doğrulandı";"ESPRESSO BLEND NO: II";"Harman – menşe belirtilmemiş";"250";"350";"1400";"Stokta";"https://shop.kimmacoffee.com/products/espresso-blend-no-ii";"2026-08-11"
"Kimma Coffee Roasters";"Doğrulandı";"ESPRESSO BLEND NO: II";"Harman – menşe belirtilmemiş";"1000";"1400";"1400";"Stokta";"https://shop.kimmacoffee.com/products/espresso-blend-no-ii";"2026-08-11"
"Kimma Coffee Roasters";"Doğrulandı";"ESPRESSO NO: III";"Etiyopya | Kolombiya | Brezilya";"250";"360";"1440";"Stokta";"https://shop.kimmacoffee.com/products/espresso-no-iii";"2026-08-11"
"Kimma Coffee Roasters";"Doğrulandı";"ESPRESSO NO: III";"Etiyopya | Kolombiya | Brezilya";"1000";"1440";"1440";"Stokta";"https://shop.kimmacoffee.com/products/espresso-no-iii";"2026-08-11"
"Kimma Coffee Roasters";"Doğrulandı";"RWANDA TUMBA";"Ruanda";"250";"450";"1800";"Stokta";"https://shop.kimmacoffee.com/products/rwanda-tumba";"2026-08-11"
"Kimma Coffee Roasters";"Doğrulandı";"RWANDA TUMBA";"Ruanda";"1000";"1800";"1800";"Stokta";"https://shop.kimmacoffee.com/products/rwanda-tumba";"2026-08-11"
"Kimma Coffee Roasters";"Doğrulandı";"SPECIALTY BLEND";"Harman – menşe belirtilmemiş";"250";"380";"1520";"Stokta";"https://shop.kimmacoffee.com/products/specialty-blend";"2026-08-11"
"Kimma Coffee Roasters";"Doğrulandı";"SPECIALTY BLEND";"Harman – menşe belirtilmemiş";"1000";"1520";"1520";"Stokta";"https://shop.kimmacoffee.com/products/specialty-blend";"2026-08-11"
"Kimma Coffee Roasters";"Doğrulandı";"TÜRK KAHVESİ";"Brezilya";"250";"300";"1200";"Stokta";"https://shop.kimmacoffee.com/products/turk-kahvesi̇";"2026-08-11"
"Kimma Coffee Roasters";"Doğrulandı";"TÜRK KAHVESİ";"Brezilya";"1000";"1200";"1200";"Stokta";"https://shop.kimmacoffee.com/products/turk-kahvesi̇";"2026-08-11"
"Kocatepe Kahve Evi";"Doğrulandı";"Brasil Santos Kahve 250 Gr";"Brezilya";"250";"450";"1800";"Stokta";"https://www.kocatepekahveevi.com.tr/brasil-santos-kahve-250-gr";"2026-08-11"
"Kocatepe Kahve Evi";"Doğrulandı";"Brasil Santos Kahve 250 Gr";"Brezilya";"250";"Erişilemedi";"Erişilemedi";"Belirsiz";"https://www.kocatepekahveevi.com.tr/brasil-santos-kahve-250-gr";"2026-08-11"
"Kocatepe Kahve Evi";"Doğrulandı";"Colombia Hulia Kahve 250 Gr";"Kolombiya";"250";"450";"1800";"Stokta";"https://www.kocatepekahveevi.com.tr/colombia-hulia-kahve-250-gr";"2026-08-11"
"Kocatepe Kahve Evi";"Doğrulandı";"Colombia Hulia Kahve 250 Gr";"Kolombiya";"250";"Erişilemedi";"Erişilemedi";"Belirsiz";"https://www.kocatepekahveevi.com.tr/colombia-hulia-kahve-250-gr";"2026-08-11"
"Kocatepe Kahve Evi";"Doğrulandı";"CR Espresso Blend 1000 Gr (Horeca)";"Harman – menşe belirtilmemiş";"1000";"1350";"1350";"Stokta";"https://www.kocatepekahveevi.com.tr/cekirdek-kahve-espresso-blend-1000-gr-horeca";"2026-08-11"
"Kocatepe Kahve Evi";"Doğrulandı";"CR Espresso Blend 1000 Gr (Horeca)";"Harman – menşe belirtilmemiş";"1000";"Erişilemedi";"Erişilemedi";"Belirsiz";"https://www.kocatepekahveevi.com.tr/cekirdek-kahve-espresso-blend-1000-gr-horeca";"2026-08-11"
"Kocatepe Kahve Evi";"Doğrulandı";"CR Espresso Premium 1 Kg";"Menşe belirtilmemiş";"1000";"1750";"1750";"Stokta";"https://www.kocatepekahveevi.com.tr/cekirdek-kahve-espresso-premium-1-kg";"2026-08-11"
"Kocatepe Kahve Evi";"Doğrulandı";"CR Espresso Premium 1 Kg";"Menşe belirtilmemiş";"1000";"Erişilemedi";"Erişilemedi";"Belirsiz";"https://www.kocatepekahveevi.com.tr/cekirdek-kahve-espresso-premium-1-kg";"2026-08-11"
"Kocatepe Kahve Evi";"Doğrulandı";"CR Özel Harman Filtre Kahve 1 Kg";"Harman – menşe belirtilmemiş";"1000";"1750";"1750";"Stokta";"https://www.kocatepekahveevi.com.tr/cekirdek-kahve-ozel-harman-filtre-kahve-1-kg";"2026-08-11"
"Kocatepe Kahve Evi";"Doğrulandı";"CR Özel Harman Filtre Kahve 1 Kg";"Harman – menşe belirtilmemiş";"1000";"Erişilemedi";"Erişilemedi";"Belirsiz";"https://www.kocatepekahveevi.com.tr/cekirdek-kahve-ozel-harman-filtre-kahve-1-kg";"2026-08-11"
"Kocatepe Kahve Evi";"Doğrulandı";"CR Türk Kahvesi Geleneksel 5 Kg (Çekirdek)";"Menşe belirtilmemiş";"5000";"6000";"1200";"Stokta";"https://www.kocatepekahveevi.com.tr/turk-kahvesi-geleneksel-5-kg-cekirdek1";"2026-08-11"
"Kocatepe Kahve Evi";"Doğrulandı";"CR Türk Kahvesi Geleneksel 5 Kg (Çekirdek)";"Menşe belirtilmemiş";"5000";"Erişilemedi";"Erişilemedi";"Belirsiz";"https://www.kocatepekahveevi.com.tr/turk-kahvesi-geleneksel-5-kg-cekirdek1";"2026-08-11"
"Kocatepe Kahve Evi";"Doğrulandı";"Decaf(Kafeinsiz)-Filtre Kahve 250 gr";"Menşe belirtilmemiş";"250";"Erişilemedi";"Erişilemedi";"Belirsiz";"https://www.kocatepekahveevi.com.tr/decafkafeinsiz-filtre-kahve-250-gr";"2026-08-11"
"Kocatepe Kahve Evi";"Doğrulandı";"Filtre Kahve 1000 Gr (HORECA)";"Menşe belirtilmemiş";"1000";"Erişilemedi";"Erişilemedi";"Belirsiz";"https://www.kocatepekahveevi.com.tr/filtre-kahve-1000-gr-horeca";"2026-08-11"
"Kocatepe Kahve Evi";"Doğrulandı";"Guetemala Antigua Kahve 250 Gr";"Guatemala";"250";"450";"1800";"Stokta";"https://www.kocatepekahveevi.com.tr/guetemala-antigua-kahve-250-gr";"2026-08-11"
"Kocatepe Kahve Evi";"Doğrulandı";"Guetemala Antigua Kahve 250 Gr";"Guatemala";"250";"Erişilemedi";"Erişilemedi";"Belirsiz";"https://www.kocatepekahveevi.com.tr/guetemala-antigua-kahve-250-gr";"2026-08-11"
"Kocatepe Kahve Evi";"Doğrulandı";"KA BROWN MİX KAHVERENGİ MUKAVVA KUTU";"Menşe belirtilmemiş";"Erişilemedi";"Erişilemedi";"Erişilemedi";"Belirsiz";"https://www.kocatepekahveevi.com.tr/22x17.5x4-ustten-gecme-mukavva-kutu";"2026-08-11"
"Kocatepe Kahve Evi";"Doğrulandı";"Kenia AA Kahve 250 Gr";"Kenya";"250";"450";"1800";"Stokta";"https://www.kocatepekahveevi.com.tr/kenia-aa-kahve-250-gr";"2026-08-11"
"Kocatepe Kahve Evi";"Doğrulandı";"Kenia AA Kahve 250 Gr";"Kenya";"250";"Erişilemedi";"Erişilemedi";"Belirsiz";"https://www.kocatepekahveevi.com.tr/kenia-aa-kahve-250-gr";"2026-08-11"
"Kocatepe Kahve Evi";"Doğrulandı";"Sıcak Çikolata 350 Gr";"Menşe belirtilmemiş";"350";"600";"1714.29";"Stokta";"https://www.kocatepekahveevi.com.tr/sicak-cikolata-350-gr";"2026-08-11"
"Kocatepe Kahve Evi";"Doğrulandı";"Sıcak Çikolata 350 Gr";"Menşe belirtilmemiş";"350";"Erişilemedi";"Erişilemedi";"Belirsiz";"https://www.kocatepekahveevi.com.tr/sicak-cikolata-350-gr";"2026-08-11"
"Kocatepe Kahve Evi";"Doğrulandı";"Türk Kahvesi Damla Sakızlı 100 Gr";"Menşe belirtilmemiş";"100";"140";"1400";"Stokta";"https://www.kocatepekahveevi.com.tr/turk-kahvesi-damla-sakizli-100-gr";"2026-08-11"
"Kocatepe Kahve Evi";"Doğrulandı";"Türk Kahvesi Damla Sakızlı 100 Gr";"Menşe belirtilmemiş";"100";"Erişilemedi";"Erişilemedi";"Belirsiz";"https://www.kocatepekahveevi.com.tr/turk-kahvesi-damla-sakizli-100-gr";"2026-08-11"
"Kocatepe Kahve Evi";"Doğrulandı";"Türk Kahvesi Geleneksel 100 Gr";"Menşe belirtilmemiş";"100";"Erişilemedi";"Erişilemedi";"Belirsiz";"https://www.kocatepekahveevi.com.tr/turk-kahvesi-geleneksel-100-gr";"2026-08-11"
"Kocatepe Kahve Evi";"Doğrulandı";"Türk Kahvesi Gurme 100 Gr";"Menşe belirtilmemiş";"100";"Erişilemedi";"Erişilemedi";"Belirsiz";"https://www.kocatepekahveevi.com.tr/turk-kahvesi-gurme-100-gr";"2026-08-11"
"Kocatepe Kahve Evi";"Doğrulandı";"Türk Kahvesi HORECA 1 Kg (Öğütülmüş)";"Menşe belirtilmemiş";"1000";"1150";"1150";"Stokta";"https://www.kocatepekahveevi.com.tr/turk-kahvesi-horeca-1-kg-ogutulmus";"2026-08-11"
"Kocatepe Kahve Evi";"Doğrulandı";"Türk Kahvesi HORECA 1 Kg (Öğütülmüş)";"Menşe belirtilmemiş";"1000";"Erişilemedi";"Erişilemedi";"Belirsiz";"https://www.kocatepekahveevi.com.tr/turk-kahvesi-horeca-1-kg-ogutulmus";"2026-08-11"
"Kocatepe Kahve Evi";"Doğrulandı";"Türk Kahvesi Saraylı 250 Gr";"Menşe belirtilmemiş";"250";"Erişilemedi";"Erişilemedi";"Belirsiz";"https://www.kocatepekahveevi.com.tr/turk-kahvesi-sarayli-250-gr";"2026-08-11"
"KREA Kahve";"Kısmi doğrulama";"Ürün kataloğu — ayrıntılı ürün verisine erişilemedi";"Erişilemedi";"Erişilemedi";"Erişilemedi";"Erişilemedi";"Erişilemedi";"Erişilemedi";"2026-08-11"
"Kronotrop";"Doğrulandı";"Ürün kataloğu — ayrıntılı ürün verisine erişilemedi";"Erişilemedi";"Erişilemedi";"Erişilemedi";"Erişilemedi";"Erişilemedi";"https://www.kronotrop.com.tr/";"2026-08-11"
"Kumo Coffee";"Kısmi doğrulama";"Ürün kataloğu — ayrıntılı ürün verisine erişilemedi";"Erişilemedi";"Erişilemedi";"Erişilemedi";"Erişilemedi";"Erişilemedi";"Erişilemedi";"2026-08-11"
"Kurukahveci Mehmet Efendi";"Kısmi doğrulama";"ALMANYA’DA";"Menşe belirtilmemiş";"Erişilemedi";"Erişilemedi";"Erişilemedi";"Belirsiz";"https://www.mehmetefendi.com/kahve-ve-tarihi/kahvenin-tarihsel-yolculugu/almanya-da";"2026-08-11"
"Kurukahveci Mehmet Efendi";"Kısmi doğrulama";"AMERİKA KITASI’NDA";"Brezilya";"Erişilemedi";"Erişilemedi";"Erişilemedi";"Belirsiz";"https://www.mehmetefendi.com/kahve-ve-tarihi/kahvenin-tarihsel-yolculugu/amerika-kitasi-nda";"2026-08-11"
"Kurukahveci Mehmet Efendi";"Kısmi doğrulama";"COFFEE CULTURE";"Menşe belirtilmemiş";"Erişilemedi";"Erişilemedi";"Erişilemedi";"Belirsiz";"https://www.mehmetefendi.com/eng/coffee-culture";"2026-08-11"
"Kurukahveci Mehmet Efendi";"Kısmi doğrulama";"ESPRESSO";"Harman – menşe belirtilmemiş";"Erişilemedi";"Erişilemedi";"Erişilemedi";"Belirsiz";"https://www.mehmetefendi.com/urunler/espresso";"2026-08-11"
"Kurukahveci Mehmet Efendi";"Kısmi doğrulama";"EXPORT PACKS";"Menşe belirtilmemiş";"Erişilemedi";"Erişilemedi";"Erişilemedi";"Belirsiz";"https://www.mehmetefendi.com/eng/products/export-packs";"2026-08-11"
"Kurukahveci Mehmet Efendi";"Kısmi doğrulama";"FILTER COFFEE";"Menşe belirtilmemiş";"Erişilemedi";"Erişilemedi";"Erişilemedi";"Belirsiz";"https://www.mehmetefendi.com/eng/products/filter-coffee";"2026-08-11"
"Kurukahveci Mehmet Efendi";"Kısmi doğrulama";"FİLTRE KAHVE";"Menşe belirtilmemiş";"Erişilemedi";"Erişilemedi";"Erişilemedi";"Belirsiz";"https://www.mehmetefendi.com/urunler/press-coffee";"2026-08-11"
"Kurukahveci Mehmet Efendi";"Kısmi doğrulama";"HISTORICAL JOURNEY";"Etiyopya";"Erişilemedi";"Erişilemedi";"Erişilemedi";"Belirsiz";"https://www.mehmetefendi.com/eng/coffee-culture/historical-journey";"2026-08-11"
"Kurukahveci Mehmet Efendi";"Kısmi doğrulama";"HOLLANDA’DA";"Endonezya | Yemen";"Erişilemedi";"Erişilemedi";"Erişilemedi";"Belirsiz";"https://www.mehmetefendi.com/kahve-ve-tarihi/kahvenin-tarihsel-yolculugu/hollanda-da";"2026-08-11"
"Kurukahveci Mehmet Efendi";"Kısmi doğrulama";"IN GERMANY";"Menşe belirtilmemiş";"Erişilemedi";"Erişilemedi";"Erişilemedi";"Belirsiz";"https://www.mehmetefendi.com/eng/coffee-culture/historical-journey/in-germany";"2026-08-11"
"Kurukahveci Mehmet Efendi";"Kısmi doğrulama";"IN HOLLAND";"Endonezya | Yemen";"Erişilemedi";"Erişilemedi";"Erişilemedi";"Belirsiz";"https://www.mehmetefendi.com/eng/coffee-culture/historical-journey/in-holland";"2026-08-11"
"Kurukahveci Mehmet Efendi";"Kısmi doğrulama";"IN MARSEILLES";"Menşe belirtilmemiş";"Erişilemedi";"Erişilemedi";"Erişilemedi";"Belirsiz";"https://www.mehmetefendi.com/eng/coffee-culture/historical-journey/in-marseilles";"2026-08-11"
"Kurukahveci Mehmet Efendi";"Kısmi doğrulama";"IN THE AMERICAS";"Brezilya";"Erişilemedi";"Erişilemedi";"Erişilemedi";"Belirsiz";"https://www.mehmetefendi.com/eng/coffee-culture/historical-journey/in-the-americas";"2026-08-11"
"Kurukahveci Mehmet Efendi";"Kısmi doğrulama";"IN VENICE";"Menşe belirtilmemiş";"Erişilemedi";"Erişilemedi";"Erişilemedi";"Belirsiz";"https://www.mehmetefendi.com/eng/coffee-culture/historical-journey/in-venice";"2026-08-11"
"Kurukahveci Mehmet Efendi";"Kısmi doğrulama";"IN YEMEN";"Etiyopya | Yemen";"Erişilemedi";"Erişilemedi";"Erişilemedi";"Belirsiz";"https://www.mehmetefendi.com/eng/coffee-culture/historical-journey/in-yemen";"2026-08-11"
"Kurukahveci Mehmet Efendi";"Kısmi doğrulama";"İHRACAT AMBALAJLARIMIZ";"Menşe belirtilmemiş";"Erişilemedi";"Erişilemedi";"Erişilemedi";"Belirsiz";"https://www.mehmetefendi.com/urunler/ihracat-ambalajlarimiz";"2026-08-11"
"Kurukahveci Mehmet Efendi";"Kısmi doğrulama";"İSTANBUL’DA";"Yemen";"Erişilemedi";"Erişilemedi";"Erişilemedi";"Belirsiz";"https://www.mehmetefendi.com/kahve-ve-tarihi/kahvenin-tarihsel-yolculugu/istanbul-da";"2026-08-11"
"Kurukahveci Mehmet Efendi";"Kısmi doğrulama";"KAHVE KÜLTÜRÜ VE TARİHİ";"Menşe belirtilmemiş";"Erişilemedi";"Erişilemedi";"Erişilemedi";"Belirsiz";"https://www.mehmetefendi.com/kahve-ve-tarihi";"2026-08-11"
"Kurukahveci Mehmet Efendi";"Kısmi doğrulama";"KAHVENİN ANATOMİSİ";"Etiyopya | Brezilya | Endonezya | Hindistan";"5000";"Erişilemedi";"Erişilemedi";"Belirsiz";"https://www.mehmetefendi.com/kahve-ve-tarihi/kahve-nasil-yetistirilir/kahvenin-anatomisi";"2026-08-11"
"Kurukahveci Mehmet Efendi";"Kısmi doğrulama";"KAHVENİN TARİHSEL YOLCULUĞU";"Etiyopya";"Erişilemedi";"Erişilemedi";"Erişilemedi";"Belirsiz";"https://www.mehmetefendi.com/kahve-ve-tarihi/kahvenin-tarihsel-yolculugu";"2026-08-11"
"Kurukahveci Mehmet Efendi";"Kısmi doğrulama";"KAVRULMUŞ ÇEKİRDEK KAHVE";"Menşe belirtilmemiş";"Erişilemedi";"Erişilemedi";"Erişilemedi";"Belirsiz";"https://www.mehmetefendi.com/urunler/kavrulmus-cekirdek-kahve";"2026-08-11"
"Kurukahveci Mehmet Efendi";"Kısmi doğrulama";"LONDRA’DA";"Menşe belirtilmemiş";"Erişilemedi";"Erişilemedi";"Erişilemedi";"Belirsiz";"https://www.mehmetefendi.com/kahve-ve-tarihi/kahvenin-tarihsel-yolculugu/londra-da";"2026-08-11"
"Kurukahveci Mehmet Efendi";"Kısmi doğrulama";"MARSİLYA’DA";"Menşe belirtilmemiş";"Erişilemedi";"Erişilemedi";"Erişilemedi";"Belirsiz";"https://www.mehmetefendi.com/kahve-ve-tarihi/kahvenin-tarihsel-yolculugu/marsilya-da";"2026-08-11"
"Kurukahveci Mehmet Efendi";"Kısmi doğrulama";"MÜZİK VE KAHVE";"Menşe belirtilmemiş";"Erişilemedi";"Erişilemedi";"Erişilemedi";"Belirsiz";"https://www.mehmetefendi.com/kahve-ve-tarihi/sanat-ve-kahve/muzik-ve-kahve";"2026-08-11"
"Kurukahveci Mehmet Efendi";"Kısmi doğrulama";"PARİS’TE";"Menşe belirtilmemiş";"Erişilemedi";"Erişilemedi";"Erişilemedi";"Belirsiz";"https://www.mehmetefendi.com/kahve-ve-tarihi/kahvenin-tarihsel-yolculugu/paris-te";"2026-08-11"
"Kurukahveci Mehmet Efendi";"Kısmi doğrulama";"PRESS COFFEE";"Menşe belirtilmemiş";"Erişilemedi";"Erişilemedi";"Erişilemedi";"Belirsiz";"https://www.mehmetefendi.com/eng/brew-guide/press-coffee";"2026-08-11"
"Kurukahveci Mehmet Efendi";"Kısmi doğrulama";"PRESS COFFEE";"Menşe belirtilmemiş";"350";"Erişilemedi";"Erişilemedi";"Belirsiz";"https://www.mehmetefendi.com/hazirlama/press-coffee";"2026-08-11"
"Kurukahveci Mehmet Efendi";"Kısmi doğrulama";"ROASTED COFFEE BEANS";"Menşe belirtilmemiş";"Erişilemedi";"Erişilemedi";"Erişilemedi";"Belirsiz";"https://www.mehmetefendi.com/eng/products/roasted-coffee-beans";"2026-08-11"
"Kurukahveci Mehmet Efendi";"Kısmi doğrulama";"THE ANATOMY OF COFFEE";"Etiyopya | Brezilya | Endonezya | Hindistan";"5000";"Erişilemedi";"Erişilemedi";"Belirsiz";"https://www.mehmetefendi.com/eng/coffee-culture/how-coffee-is-cultivated/the-anatomy-of-coffee";"2026-08-11"
"Kurukahveci Mehmet Efendi";"Kısmi doğrulama";"TURKISH COFFEE";"Menşe belirtilmemiş";"Erişilemedi";"Erişilemedi";"Erişilemedi";"Belirsiz";"https://www.mehmetefendi.com/eng/products/turkish-coffee";"2026-08-11"
"Kurukahveci Mehmet Efendi";"Kısmi doğrulama";"TÜRK KAHVESİ";"Menşe belirtilmemiş";"Erişilemedi";"Erişilemedi";"Erişilemedi";"Belirsiz";"https://www.mehmetefendi.com/urunler/turk-kahvesi";"2026-08-11"
"Kurukahveci Mehmet Efendi";"Kısmi doğrulama";"VENEDİK’TE";"Menşe belirtilmemiş";"Erişilemedi";"Erişilemedi";"Erişilemedi";"Belirsiz";"https://www.mehmetefendi.com/kahve-ve-tarihi/kahvenin-tarihsel-yolculugu/venedik-te";"2026-08-11"
"Kurukahveci Mehmet Efendi";"Kısmi doğrulama";"YEMEN’DE";"Yemen";"Erişilemedi";"Erişilemedi";"Erişilemedi";"Belirsiz";"https://www.mehmetefendi.com/kahve-ve-tarihi/kahvenin-tarihsel-yolculugu/yemen-de";"2026-08-11"
"Lagetom Coffee";"Kısmi doğrulama";"Ürün kataloğu — ayrıntılı ürün verisine erişilemedi";"Erişilemedi";"Erişilemedi";"Erişilemedi";"Erişilemedi";"Erişilemedi";"Erişilemedi";"2026-08-11"
"Locus Coffee Roastery";"Kısmi doğrulama";"Ürün kataloğu — ayrıntılı ürün verisine erişilemedi";"Erişilemedi";"Erişilemedi";"Erişilemedi";"Erişilemedi";"Erişilemedi";"Erişilemedi";"2026-08-11"
"Lol Coffee Roasters";"Kısmi doğrulama";"Ürün kataloğu — ayrıntılı ürün verisine erişilemedi";"Erişilemedi";"Erişilemedi";"Erişilemedi";"Erişilemedi";"Erişilemedi";"Erişilemedi";"2026-08-11"
"Mardin Kahve";"Kısmi doğrulama";"Ürün kataloğu — ayrıntılı ürün verisine erişilemedi";"Erişilemedi";"Erişilemedi";"Erişilemedi";"Erişilemedi";"Erişilemedi";"Erişilemedi";"2026-08-11"
"MeetLab Coffee";"Doğrulandı";"Ürün kataloğu — ayrıntılı ürün verisine erişilemedi";"Erişilemedi";"Erişilemedi";"Erişilemedi";"Erişilemedi";"Erişilemedi";"https://www.meetlabcoffee.com/filtre-kahve-abonelikleri";"2026-08-11"
"Milestones Coffee";"Kısmi doğrulama";"Milestones Coffee";"Menşe belirtilmemiş";"Erişilemedi";"800";"Erişilemedi";"Belirsiz";"https://milestonescoffee.com/urun/25-26-burundi-gitwe-hill-yikanmis/";"2026-08-11"
"Milestones Coffee";"Kısmi doğrulama";"Milestones Coffee";"Menşe belirtilmemiş";"Erişilemedi";"995";"Erişilemedi";"Belirsiz";"https://milestonescoffee.com/urun/25-26-kolombiya-sebastian-ramirez-pink-bourbon-honey/";"2026-08-11"
"Milestones Coffee";"Kısmi doğrulama";"Milestones Coffee";"Menşe belirtilmemiş";"Erişilemedi";"460";"Erişilemedi";"Belirsiz";"https://milestonescoffee.com/urun/25-26-brezilya-sitio-cafundo-natural-espresso/";"2026-08-11"
"Milestones Coffee";"Kısmi doğrulama";"Milestones Coffee";"Menşe belirtilmemiş";"Erişilemedi";"600";"Erişilemedi";"Belirsiz";"https://milestonescoffee.com/urun/24-25-kolombiya-coocentral-yikanmis-omni-espresso/";"2026-08-11"
"Milestones Coffee";"Kısmi doğrulama";"Milestones Coffee";"Honduras";"Erişilemedi";"775";"Erişilemedi";"Belirsiz";"https://milestonescoffee.com/urun/25-26-honduras-carlos-mejia-dark-room/";"2026-08-11"
"Milestones Coffee";"Kısmi doğrulama";"Milestones Coffee";"Harman – menşe belirtilmemiş";"Erişilemedi";"550";"Erişilemedi";"Belirsiz";"https://milestonescoffee.com/urun/perfect-balance-blend-espresso-roast/";"2026-08-11"
"Milestones Coffee";"Kısmi doğrulama";"Milestones Coffee";"El Salvador";"Erişilemedi";"675";"Erişilemedi";"Belirsiz";"https://milestonescoffee.com/urun/25-26-el-salvador-santa-rosa-bourbon-elite/";"2026-08-11"
"Milestones Coffee";"Kısmi doğrulama";"Milestones Coffee";"Menşe belirtilmemiş";"Erişilemedi";"825";"Erişilemedi";"Belirsiz";"https://milestonescoffee.com/urun/25-26-kolombiya-finca-el-guayabo-natural-castillo-caturra/";"2026-08-11"
"Milestones Coffee";"Kısmi doğrulama";"Milestones Coffee";"Menşe belirtilmemiş";"Erişilemedi";"640";"Erişilemedi";"Belirsiz";"https://milestonescoffee.com/urun/24-25-kosta-rika-el-salitre-caturra-catuai-yikanmis/";"2026-08-11"
"Milestones Coffee";"Kısmi doğrulama";"Milestones Coffee";"Peru";"Erişilemedi";"625";"Erişilemedi";"Belirsiz";"https://milestonescoffee.com/urun/25-26-peru-famillia-ccapa-typica-yikanmis/";"2026-08-11"
"Milestones Coffee";"Kısmi doğrulama";"Milestones Coffee";"Guatemala";"Erişilemedi";"595";"Erişilemedi";"Belirsiz";"https://milestonescoffee.com/urun/24-25-guatemala-teodoro-engelhardt-pacamara-espresso/";"2026-08-11"
"Milestones Coffee";"Kısmi doğrulama";"Milestones Coffee";"Ruanda";"Erişilemedi";"895";"Erişilemedi";"Belirsiz";"https://milestonescoffee.com/urun/24-25-ruanda-emmanuel-rusatira-natural-anaerobik/";"2026-08-11"
"Milestones Coffee";"Kısmi doğrulama";"Milestones Coffee";"Kenya";"Erişilemedi";"750";"Erişilemedi";"Belirsiz";"https://milestonescoffee.com/urun/24-25-kenya-gicherori-ab-yikanmis/";"2026-08-11"
"Milestones Coffee";"Kısmi doğrulama";"Milestones Coffee";"Menşe belirtilmemiş";"Erişilemedi";"650";"Erişilemedi";"Belirsiz";"https://milestonescoffee.com/urun/25-26-kolombiya-sugarcane-decaf-yikanmis/";"2026-08-11"
"Milestones Coffee";"Kısmi doğrulama";"Milestones Coffee";"Harman – menşe belirtilmemiş";"Erişilemedi";"450";"Erişilemedi";"Belirsiz";"https://milestonescoffee.com/urun/milestones-classic-espresso-trio-blend/";"2026-08-11"
"Milestones Coffee";"Kısmi doğrulama";"Milestones Coffee";"Menşe belirtilmemiş";"Erişilemedi";"490";"Erişilemedi";"Belirsiz";"https://milestonescoffee.com/urun/espresso-25-26-brezilya-cemorrado-chocolate-natural/";"2026-08-11"
"Milestones Coffee";"Kısmi doğrulama";"Milestones Coffee";"Menşe belirtilmemiş";"Erişilemedi";"Erişilemedi";"Erişilemedi";"Belirsiz";"https://milestonescoffee.com/sayfa/acik-riza-metni";"2026-08-11"
"MOC Coffee Roastery";"Kısmi doğrulama";"Ürün kataloğu — ayrıntılı ürün verisine erişilemedi";"Erişilemedi";"Erişilemedi";"Erişilemedi";"Erişilemedi";"Erişilemedi";"Erişilemedi";"2026-08-11"
"Mocaco Coffee";"Kısmi doğrulama";"Ürün kataloğu — ayrıntılı ürün verisine erişilemedi";"Erişilemedi";"Erişilemedi";"Erişilemedi";"Erişilemedi";"Erişilemedi";"Erişilemedi";"2026-08-11"
"Molecule Coffee";"Doğrulandı";"2020 Covid-19 Küresel Salgını";"Menşe belirtilmemiş";"Erişilemedi";"Erişilemedi";"Erişilemedi";"Belirsiz";"https://coffeemolecule.com/2020-covid-19-kuresel-salgini/";"2026-08-11"
"Molecule Coffee";"Doğrulandı";"2020 Kış-Bahar Kahveleri";"Etiyopya";"Erişilemedi";"Erişilemedi";"Erişilemedi";"Belirsiz";"https://coffeemolecule.com/2020-kis-bahar-kahveleri/";"2026-08-11"
"Molecule Coffee";"Doğrulandı";"BEKLEMENİN ESTETİĞİ: KAHVE VE SİNEMANIN ORTAK RİTMİ";"Menşe belirtilmemiş";"Erişilemedi";"Erişilemedi";"Erişilemedi";"Belirsiz";"https://coffeemolecule.com/spot-beklemenin-estetigi-kahve-ve-sinemanin-ortak-ritmi/";"2026-08-11"
"Molecule Coffee";"Doğrulandı";"Bir Kahve Kavurucunun Karantina Rehberi";"Menşe belirtilmemiş";"Erişilemedi";"Erişilemedi";"Erişilemedi";"Belirsiz";"https://coffeemolecule.com/bir-kahve-kavurucunun-karantina-rehberi/";"2026-08-11"
"Molecule Coffee";"Doğrulandı";"BlauQuarz Türk Kahvesi Takımı";"Menşe belirtilmemiş";"Erişilemedi";"Erişilemedi";"Erişilemedi";"Belirsiz";"https://coffeemolecule.com/blauquarz-turk-kahvesi-takimi/";"2026-08-11"
"Molecule Coffee";"Doğrulandı";"Blog";"Menşe belirtilmemiş";"Erişilemedi";"Erişilemedi";"Erişilemedi";"Belirsiz";"https://coffeemolecule.com/blog/";"2026-08-11"
"Molecule Coffee";"Doğrulandı";"Brezilya Kahveleri Hakkında";"Brezilya";"Erişilemedi";"Erişilemedi";"Erişilemedi";"Belirsiz";"https://coffeemolecule.com/brezilya-kahveleri-blog/";"2026-08-11"
"Molecule Coffee";"Doğrulandı";"Colombia China Alta Ibagué Washed";"Kolombiya";"Erişilemedi";"Erişilemedi";"Erişilemedi";"Belirsiz";"https://coffeemolecule.com/colombia-china-alta-ibague-washed/";"2026-08-11"
"Molecule Coffee";"Doğrulandı";"Guatemala Huehuetenango La Providencia";"Guatemala";"Erişilemedi";"Erişilemedi";"Erişilemedi";"Belirsiz";"https://coffeemolecule.com/guatemala-huehuetenango-la-providencia/";"2026-08-11"
"Molecule Coffee";"Doğrulandı";"Guatemala Rio Dorado Pacamara FW";"Guatemala";"Erişilemedi";"Erişilemedi";"Erişilemedi";"Belirsiz";"https://coffeemolecule.com/guatemala-rio-dorado-pacamara-fw-kopya/";"2026-08-11"
"Molecule Coffee";"Doğrulandı";"Kahve Nedir?";"Menşe belirtilmemiş";"Erişilemedi";"Erişilemedi";"Erişilemedi";"Belirsiz";"https://coffeemolecule.com/kahve-nedir/";"2026-08-11"
"Molecule Coffee";"Doğrulandı";"Kolay Kahve Seçme Rehberi";"Menşe belirtilmemiş";"Erişilemedi";"Erişilemedi";"Erişilemedi";"Belirsiz";"https://coffeemolecule.com/kolay-kahve-secme-rehberi/";"2026-08-11"
"Molecule Coffee";"Doğrulandı";"Kulplu Espresso Takım";"Menşe belirtilmemiş";"Erişilemedi";"Erişilemedi";"Erişilemedi";"Belirsiz";"https://coffeemolecule.com/kulplu-espresso-takim/";"2026-08-11"
"Molecule Coffee";"Doğrulandı";"Molecule s Classic Grey Filter";"Menşe belirtilmemiş";"Erişilemedi";"Erişilemedi";"Erişilemedi";"Belirsiz";"https://coffeemolecule.com/molecules-classic-grey-filter/";"2026-08-11"
"Molecule Coffee";"Doğrulandı";"Molecule s Classic Yellow Filter";"Menşe belirtilmemiş";"Erişilemedi";"Erişilemedi";"Erişilemedi";"Belirsiz";"https://coffeemolecule.com/molecules-classic-yellow-filter/";"2026-08-11"
"Molecule Coffee";"Doğrulandı";"Molecule s Classic Yellow Grey Filter";"Menşe belirtilmemiş";"Erişilemedi";"Erişilemedi";"Erişilemedi";"Belirsiz";"https://coffeemolecule.com/molecules-classic-yellow-grey-filter/";"2026-08-11"
"Molecule Coffee";"Doğrulandı";"Molecule s Classic Yellow Grey Kulplu Latte Takım";"Menşe belirtilmemiş";"Erişilemedi";"Erişilemedi";"Erişilemedi";"Belirsiz";"https://coffeemolecule.com/molecules-classic-yellow-grey-kulplu-latte-takim/";"2026-08-11"
"Molecule Coffee";"Doğrulandı";"Molecule s Classic Yellow Grey Latte";"Menşe belirtilmemiş";"Erişilemedi";"Erişilemedi";"Erişilemedi";"Belirsiz";"https://coffeemolecule.com/molecules-classic-yellow-grey-latte/";"2026-08-11"
"Molecule Coffee";"Doğrulandı";"Molecule s Classic Yellow Grey Short Filter";"Menşe belirtilmemiş";"Erişilemedi";"Erişilemedi";"Erişilemedi";"Belirsiz";"https://coffeemolecule.com/molecules-classic-yellow-grey-short-filter/";"2026-08-11"
"Molecule Coffee";"Doğrulandı";"Molecule s Filter";"Menşe belirtilmemiş";"Erişilemedi";"Erişilemedi";"Erişilemedi";"Belirsiz";"https://coffeemolecule.com/molecules-filter/";"2026-08-11"
"Molecule Coffee";"Doğrulandı";"Nicaragua Esmeralda Washed";"Nikaragua";"Erişilemedi";"Erişilemedi";"Erişilemedi";"Belirsiz";"https://coffeemolecule.com/nikaragua-kahve-esmeralda-washed/";"2026-08-11"
"Molecule Coffee";"Doğrulandı";"Nikaragua Kahveleri";"Nikaragua";"Erişilemedi";"Erişilemedi";"Erişilemedi";"Belirsiz";"https://coffeemolecule.com/nikaragua-kahveleri/";"2026-08-11"
"Molecule Coffee";"Doğrulandı";"Red Türk Kahvesi Takımı";"Menşe belirtilmemiş";"Erişilemedi";"Erişilemedi";"Erişilemedi";"Belirsiz";"https://coffeemolecule.com/red-turk-kahvesi-takimi/";"2026-08-11"
"Molecule Coffee";"Doğrulandı";"SCA 2020 Covid-19 Küresel Salgını Güncesi";"Menşe belirtilmemiş";"Erişilemedi";"Erişilemedi";"Erişilemedi";"Belirsiz";"https://coffeemolecule.com/sca-2020-covid-19-kuresel-salgini-guncesi/";"2026-08-11"
"Molecule Coffee";"Doğrulandı";"Shop";"Menşe belirtilmemiş";"Erişilemedi";"Erişilemedi";"Erişilemedi";"Belirsiz";"https://coffeemolecule.com/shop/";"2026-08-11"
"Mona Coffee";"Kısmi doğrulama";"Ürün kataloğu — ayrıntılı ürün verisine erişilemedi";"Erişilemedi";"Erişilemedi";"Erişilemedi";"Erişilemedi";"Erişilemedi";"Erişilemedi";"2026-08-11"
"Montag Coffee Roasters";"Doğrulandı";"ALPACA";"Peru";"250";"595";"2380";"Stokta";"https://www.montagcoffee.com/products/alpaca-espresso-kahve";"2026-08-11"
"Montag Coffee Roasters";"Doğrulandı";"ALPACA";"Peru";"1000";"2142";"2142";"Stokta";"https://www.montagcoffee.com/products/alpaca-espresso-kahve";"2026-08-11"
"Montag Coffee Roasters";"Doğrulandı";"APONTE";"Kolombiya";"250";"580";"2320";"Stokta";"https://www.montagcoffee.com/products/aponte-1";"2026-08-11"
"Montag Coffee Roasters";"Doğrulandı";"APONTE";"Kolombiya";"1000";"2088";"2088";"Stokta";"https://www.montagcoffee.com/products/aponte-1";"2026-08-11"
"Montag Coffee Roasters";"Doğrulandı";"AUTOMAT";"Etiyopya | Brezilya | Guatemala";"250";"540";"2160";"Stokta";"https://www.montagcoffee.com/products/automat-filtre-kahve";"2026-08-11"
"Montag Coffee Roasters";"Doğrulandı";"AUTOMAT";"Etiyopya | Brezilya | Guatemala";"1000";"1944";"1944";"Stokta";"https://www.montagcoffee.com/products/automat-filtre-kahve";"2026-08-11"
"Montag Coffee Roasters";"Doğrulandı";"BUDGET BUNDLE 1";"Etiyopya | Brezilya | Guatemala";"250";"1840";"7360";"Stokta";"https://www.montagcoffee.com/products/budget-bundle-1";"2026-08-11"
"Montag Coffee Roasters";"Doğrulandı";"BUDGET BUNDLE 1";"Etiyopya | Brezilya | Guatemala";"250";"3445";"13780";"Stokta";"https://www.montagcoffee.com/products/budget-bundle-1";"2026-08-11"
"Montag Coffee Roasters";"Doğrulandı";"BUDGET BUNDLE 2";"Etiyopya | Brezilya | Guatemala";"250";"1840";"7360";"Stokta";"https://www.montagcoffee.com/products/budget-bundle-2";"2026-08-11"
"Montag Coffee Roasters";"Doğrulandı";"DESCAFECOL DECAF";"Menşe belirtilmemiş";"250";"675";"2700";"Stokta";"https://www.montagcoffee.com/products/descafecol-decaf";"2026-08-11"
"Montag Coffee Roasters";"Doğrulandı";"DESCAFECOL DECAF";"Menşe belirtilmemiş";"1000";"2410";"2410";"Stokta";"https://www.montagcoffee.com/products/descafecol-decaf";"2026-08-11"
"Montag Coffee Roasters";"Doğrulandı";"HARIO V60 DRIP HASSAS TARTI";"Menşe belirtilmemiş";"Erişilemedi";"Erişilemedi";"Erişilemedi";"Belirsiz";"https://www.montagcoffee.com/products/hario-hassas-tarti";"2026-08-11"
"Montag Coffee Roasters";"Doğrulandı";"Hario Cold Brew Bottle (Mocca)";"Menşe belirtilmemiş";"Erişilemedi";"Erişilemedi";"Erişilemedi";"Belirsiz";"https://www.montagcoffee.com/products/cold-brew-sisesi";"2026-08-11"
"Montag Coffee Roasters";"Doğrulandı";"LALESA";"Etiyopya";"250";"740";"2960";"Stokta";"https://www.montagcoffee.com/products/lalesa-1";"2026-08-11"
"Montag Coffee Roasters";"Doğrulandı";"LALESA";"Etiyopya";"1000";"2664";"2664";"Stokta";"https://www.montagcoffee.com/products/lalesa-1";"2026-08-11"
"Montag Coffee Roasters";"Doğrulandı";"LALESA KAPSÜL KAHVE";"Etiyopya";"Erişilemedi";"175";"Erişilemedi";"Stokta";"https://www.montagcoffee.com/products/lalesa-kapsul-kahve";"2026-08-11"
"Montag Coffee Roasters";"Doğrulandı";"LUNA";"Etiyopya | Brezilya | Guatemala";"250";"540";"2160";"Stokta";"https://www.montagcoffee.com/products/luna-espresso-kahve";"2026-08-11"
"Montag Coffee Roasters";"Doğrulandı";"LUNA";"Etiyopya | Brezilya | Guatemala";"1000";"1944";"1944";"Stokta";"https://www.montagcoffee.com/products/luna-espresso-kahve";"2026-08-11"
"Montag Coffee Roasters";"Doğrulandı";"LUNA DARK ROAST";"Etiyopya | Brezilya | Guatemala";"250";"540";"2160";"Stokta";"https://www.montagcoffee.com/products/luna-dark-roast-montag-coffee";"2026-08-11"
"Montag Coffee Roasters";"Doğrulandı";"LUNA DARK ROAST";"Etiyopya | Brezilya | Guatemala";"1000";"1944";"1944";"Stokta";"https://www.montagcoffee.com/products/luna-dark-roast-montag-coffee";"2026-08-11"
"Montag Coffee Roasters";"Doğrulandı";"MACIZO";"Kolombiya | Ekvador";"250";"625";"2500";"Stokta";"https://www.montagcoffee.com/products/macizo";"2026-08-11"
"Montag Coffee Roasters";"Doğrulandı";"MACIZO";"Kolombiya | Ekvador";"1000";"2250";"2250";"Stokta";"https://www.montagcoffee.com/products/macizo";"2026-08-11"
"Montag Coffee Roasters";"Doğrulandı";"OPAL GEISHA";"Kolombiya";"150";"1290";"8600";"Stokta";"https://www.montagcoffee.com/products/opal-geisha";"2026-08-11"
"Montag Coffee Roasters";"Doğrulandı";"OPAL GEISHA";"Kolombiya";"150";"1990";"13266.67";"Stokta";"https://www.montagcoffee.com/products/opal-geisha";"2026-08-11"
"Montag Coffee Roasters";"Doğrulandı";"PANCHOY";"Guatemala";"250";"590";"2360";"Stokta";"https://www.montagcoffee.com/products/panchoy-1";"2026-08-11"
"Montag Coffee Roasters";"Doğrulandı";"PANCHOY";"Guatemala";"1000";"2124";"2124";"Stokta";"https://www.montagcoffee.com/products/panchoy-1";"2026-08-11"
"Montag Coffee Roasters";"Doğrulandı";"PINK LASSO";"Kolombiya";"250";"1200";"4800";"Stokta";"https://www.montagcoffee.com/products/pink-lasso";"2026-08-11"
"Montag Coffee Roasters";"Doğrulandı";"PINK LASSO";"Kolombiya";"1000";"3840";"3840";"Stokta";"https://www.montagcoffee.com/products/pink-lasso";"2026-08-11"
"Montag Coffee Roasters";"Doğrulandı";"RED VERGARA";"Kolombiya";"150";"1100";"7333.33";"Stokta";"https://www.montagcoffee.com/products/red-vergara";"2026-08-11"
"Montag Coffee Roasters";"Doğrulandı";"RED VERGARA";"Kolombiya";"150";"1870";"12466.67";"Stokta";"https://www.montagcoffee.com/products/red-vergara";"2026-08-11"
"Montag Coffee Roasters";"Doğrulandı";"WATERMELON";"Kolombiya";"150";"990";"6600";"Stokta";"https://www.montagcoffee.com/products/watermelon";"2026-08-11"
"Montag Coffee Roasters";"Doğrulandı";"WATERMELON";"Kolombiya";"150";"1680";"11200";"Stokta";"https://www.montagcoffee.com/products/watermelon";"2026-08-11"
"Montag Coffee Roasters";"Doğrulandı";"YELLOW LASSO";"Kolombiya | Brezilya";"250";"1250";"5000";"Stokta";"https://www.montagcoffee.com/products/yellow-lasso";"2026-08-11"
"Montag Coffee Roasters";"Doğrulandı";"YELLOW LASSO";"Kolombiya | Brezilya";"250";"2125";"8500";"Stokta";"https://www.montagcoffee.com/products/yellow-lasso";"2026-08-11"
"Montag Coffee Roasters";"Doğrulandı";"YELLOW LASSO";"Kolombiya | Brezilya";"1000";"3990";"3990";"Stokta";"https://www.montagcoffee.com/products/yellow-lasso";"2026-08-11"
"Nish Kahve";"Kısmi doğrulama";"Ürün kataloğu — ayrıntılı ürün verisine erişilemedi";"Erişilemedi";"Erişilemedi";"Erişilemedi";"Erişilemedi";"Erişilemedi";"Erişilemedi";"2026-08-11"
"Nitka Coffee";"Kısmi doğrulama";"Ürün kataloğu — ayrıntılı ürün verisine erişilemedi";"Erişilemedi";"Erişilemedi";"Erişilemedi";"Erişilemedi";"Erişilemedi";"Erişilemedi";"2026-08-11"
"Noite Coffee";"Doğrulandı";"Colombia, El Progreso Washed Carbonic Maceration | Noite Coffee Roaster";"Kolombiya";"Erişilemedi";"Erişilemedi";"Erişilemedi";"Belirsiz";"https://www.noitecoffee.com/product-page/colombia-el-progreso-washed-carbonic-maceration";"2026-08-11"
"Noite Coffee";"Doğrulandı";"Colombia, La Loma Sidra Cold Fermentation | Noite Coffee Roaster";"Kolombiya";"Erişilemedi";"Erişilemedi";"Erişilemedi";"Belirsiz";"https://www.noitecoffee.com/product-page/colombia-monteblanco-sidra";"2026-08-11"
"Noite Coffee";"Doğrulandı";"Ethiopia, Bochesa Washed | Noite Coffee Roaster";"Etiyopya";"Erişilemedi";"Erişilemedi";"Erişilemedi";"Belirsiz";"https://www.noitecoffee.com/product-page/ethiopa-bochesa";"2026-08-11"
"Noite Coffee";"Doğrulandı";"Kahve İşleme Yöntemlerini Keşfedin";"Etiyopya";"Erişilemedi";"Erişilemedi";"Erişilemedi";"Belirsiz";"https://www.noitecoffee.com/post/kahve-i-şleme-yöntemlerini-keşfedin";"2026-08-11"
"Noite Coffee";"Doğrulandı";"Timemore Icicle Cold Brewer | Noite Coffee Roaster";"Menşe belirtilmemiş";"Erişilemedi";"Erişilemedi";"Erişilemedi";"Belirsiz";"https://www.noitecoffee.com/product-page/timemore-icicle-cold-brewer";"2026-08-11"
"Nok Coffee";"Kısmi doğrulama";"Barista Espresso Kahve Harmanı - 200 gr";"Brezilya | Guatemala | Honduras";"200";"Erişilemedi";"Erişilemedi";"Belirsiz";"https://www.nokcoffee.com/products/barista-espresso-kahve-harmani-200-gr-1";"2026-08-11"
"Nok Coffee";"Kısmi doğrulama";"Barista Espresso Kahve Harmanı Çekirdek (Öğütülmemiş) - 1 Kg";"Brezilya | Guatemala | Honduras";"1000";"858";"858";"Stokta";"https://www.nokcoffee.com/products/barista-espresso-kahve-harmani-cekirdek-ogutulmemis";"2026-08-11"
"Nok Coffee";"Kısmi doğrulama";"Brazil Mogiana Bella Giana - 200 Gr";"Brezilya";"200";"Erişilemedi";"Erişilemedi";"Belirsiz";"https://www.nokcoffee.com/products/brazil-mogiana-bella-giana-200-gr-1";"2026-08-11"
"Nok Coffee";"Kısmi doğrulama";"Brazil Mogiana Bella Giana - Çekirdek (Öğütülmemiş) 1 Kg";"Brezilya";"1000";"870.1";"870.1";"Stokta";"https://www.nokcoffee.com/products/brazil-mogiana-bella-giana-cekirdek-ogutulmemis-1-kg";"2026-08-11"
"Nok Coffee";"Kısmi doğrulama";"Brazil Rio Minas Çiğ Yeşil Kahve Çekirdek 1kg";"Brezilya";"1000";"525.35";"525.35";"Stokta";"https://www.nokcoffee.com/products/brazil-rio-minas-cig-yesil-kahve-cekirdek";"2026-08-11"
"Nok Coffee";"Kısmi doğrulama";"Breakfast Filtre Kahve Harmanı - 200 gr";"Brezilya | Hindistan";"200";"Erişilemedi";"Erişilemedi";"Belirsiz";"https://www.nokcoffee.com/products/breakfast-filtre-kahve-harmani-200-gr-1";"2026-08-11"
"Nok Coffee";"Kısmi doğrulama";"Colombia Excelso Popayan Çiğ Yeşil Kahve Çekirdek 1kg";"Kolombiya";"1000";"Erişilemedi";"Erişilemedi";"Belirsiz";"https://www.nokcoffee.com/products/colombia-excelso-popayan-cig-yesil-kahve-cekirdek-1kg";"2026-08-11"
"Nok Coffee";"Kısmi doğrulama";"Colombia Supremo Çiğ Yeşil Kahve Çekirdek 1kg";"Kolombiya";"1000";"Erişilemedi";"Erişilemedi";"Belirsiz";"https://www.nokcoffee.com/products/colombia-cig-yesil-kahve-cekirdek";"2026-08-11"
"Nok Coffee";"Kısmi doğrulama";"Colombia Supremo Huila Çekirdek Kahve 1 Kg x 10 Adet (Koli)";"Kolombiya";"1000";"7700";"7700";"Stokta";"https://www.nokcoffee.com/products/colombia-supremo-huila-cekirdek-kahve-1-kg-x-10-adet-koli";"2026-08-11"
"Nok Coffee";"Kısmi doğrulama";"Colombia Supremo Huila Rafael - 200 Gr";"Kolombiya";"200";"Erişilemedi";"Erişilemedi";"Belirsiz";"https://www.nokcoffee.com/products/colombia-supremo-huila-rafael-200-gr-1";"2026-08-11"
"Nok Coffee";"Kısmi doğrulama";"Colombia Supremo Huila Rafael - Çekirdek (Öğütülmemiş) - 1 Kg";"Kolombiya";"1000";"919";"919";"Stokta";"https://www.nokcoffee.com/products/colombia-supremo-huila-rafael-cekirdek-ogutulmemis-1-kg";"2026-08-11"
"Nok Coffee";"Kısmi doğrulama";"Costa Rica La Pastora Tarrazu - Çekirdek (Öğütülmemiş) - 1 Kg";"Kosta Rika";"1000";"906.5";"906.5";"Stokta";"https://www.nokcoffee.com/products/costa-rica-la-pastora-tarrazu-cekirdek-ogutulmemis-1-kg";"2026-08-11"
"Nok Coffee";"Kısmi doğrulama";"Çikolata Kalıbı - Silikon - Kahve Çekirdeği";"Menşe belirtilmemiş";"Erişilemedi";"Erişilemedi";"Erişilemedi";"Belirsiz";"https://www.nokcoffee.com/products/cikolata-kalibi-silikon-kahve-cekirdegi";"2026-08-11"
"Nok Coffee";"Kısmi doğrulama";"Ethiopia Djimmah Grade 4 - 100 gr";"Etiyopya";"100";"Erişilemedi";"Erişilemedi";"Belirsiz";"https://www.nokcoffee.com/products/ethiopia-djimmah-grade-4-100-gr";"2026-08-11"
"Nok Coffee";"Kısmi doğrulama";"Ethiopia Djimmah Grade 4 - 200 Gr.";"Etiyopya";"200";"Erişilemedi";"Erişilemedi";"Belirsiz";"https://www.nokcoffee.com/products/ethiopia-djimmah-grade-4-200-gr-1";"2026-08-11"
"Nok Coffee";"Kısmi doğrulama";"Ethiopia Djimmah Grade 4 Çiğ Yeşil Kahve Çekirdek 1 kg";"Etiyopya";"1000";"Erişilemedi";"Erişilemedi";"Belirsiz";"https://www.nokcoffee.com/products/ethiopia-djimmah-yesil-kahve-cekirdek";"2026-08-11"
"Nok Coffee";"Kısmi doğrulama";"Ethiopia Djimmah Grade 5 - Çiğ Yeşil Kahve Çekirdek 1kg";"Etiyopya";"1000";"479.77";"479.77";"Stokta";"https://www.nokcoffee.com/products/ethiopia-djimmah-grade-5-cig-yesil-kahve-cekirdek-1kg";"2026-08-11"
"Nok Coffee";"Kısmi doğrulama";"Ethiopia Guji - Çiğ Yeşil Kahve Çekirdek 1kg";"Etiyopya";"1000";"Erişilemedi";"Erişilemedi";"Belirsiz";"https://www.nokcoffee.com/products/ethiopia-guji-cig-yesil-kahve-cekirdek-1kg";"2026-08-11"
"Nok Coffee";"Kısmi doğrulama";"Ethiopia Guji Grade 2 - 200 Gr";"Etiyopya";"200";"Erişilemedi";"Erişilemedi";"Belirsiz";"https://www.nokcoffee.com/products/ethiopia-guji-grade-2-200-gr-1";"2026-08-11"
"Nok Coffee";"Kısmi doğrulama";"Ethiopia Guji Grade2 - Çekirdek (Öğütülmemiş) - 1 Kg";"Etiyopya";"1000";"909.9";"909.9";"Stokta";"https://www.nokcoffee.com/products/ethiopia-guji-grade2-cekirdek-ogutulmemis-1-kg";"2026-08-11"
"Nok Coffee";"Kısmi doğrulama";"Ethiopia Limu Grade 2 - Çekirdek (Öğütülmemiş) - 1 Kg";"Etiyopya";"1000";"780";"780";"Stokta";"https://www.nokcoffee.com/products/ethiopia-limu-grade-2-cekirdek-ogutulmemis-1-kg";"2026-08-11"
"Nok Coffee";"Kısmi doğrulama";"Ethiopia Sidamo Grade 2 - 200 Gr";"Etiyopya";"200";"Erişilemedi";"Erişilemedi";"Belirsiz";"https://www.nokcoffee.com/products/ethiopia-sidamo-grade-2-200-gr-1";"2026-08-11"
"Nok Coffee";"Kısmi doğrulama";"Ethiopia Sidamo Grade 2 - Çiğ Yeşil Kahve Çekirdek 1kg";"Etiyopya";"1000";"Erişilemedi";"Erişilemedi";"Belirsiz";"https://www.nokcoffee.com/products/ethiopia-sidamo-grade-2-cig-yesil-kahve-cekirdek-1kg";"2026-08-11"
"Nok Coffee";"Kısmi doğrulama";"Ethiopia Sidamo Grade2 - Çekirdek (Öğütülmemiş) - 1 Kg";"Etiyopya";"1000";"906.9";"906.9";"Stokta";"https://www.nokcoffee.com/products/ethiopia-sidamo-grade2-cekirdek-ogutulmemis-1-kg";"2026-08-11"
"Nok Coffee";"Kısmi doğrulama";"Ethiopia Yirgacheffe Grade 2 Çiğ Yeşil Çekirdek 1kg";"Etiyopya";"1000";"791.62";"791.62";"Stokta";"https://www.nokcoffee.com/products/ethiopia-yirgacheffe-grade-2-cig-yesil-cekirdek-1kg";"2026-08-11"
"Nok Coffee";"Kısmi doğrulama";"Ethiopia Yirgacheffe Grade2 - Çekirdek (Öğütülmemiş) - 1 Kg";"Etiyopya";"1000";"930.9";"930.9";"Stokta";"https://www.nokcoffee.com/products/ethiopia-yirgacheffe-grade2-cekirdek-ogutulmemis-1-kg";"2026-08-11"
"Nok Coffee";"Kısmi doğrulama";"French Press Black";"Menşe belirtilmemiş";"Erişilemedi";"649.82";"Erişilemedi";"Stokta";"https://www.nokcoffee.com/products/french-press-duz-350e";"2026-08-11"
"Nok Coffee";"Kısmi doğrulama";"French Press Rose Gold";"Menşe belirtilmemiş";"Erişilemedi";"689.72";"Erişilemedi";"Stokta";"https://www.nokcoffee.com/products/french-press-duz-350b";"2026-08-11"
"Nok Coffee";"Kısmi doğrulama";"French Press Silver";"Menşe belirtilmemiş";"Erişilemedi";"672.62";"Erişilemedi";"Stokta";"https://www.nokcoffee.com/products/french-pressduz-350d";"2026-08-11"
"Nok Coffee";"Kısmi doğrulama";"Guatemala El Jaguar - 200 Gr";"Guatemala";"200";"Erişilemedi";"Erişilemedi";"Belirsiz";"https://www.nokcoffee.com/products/guatemala-el-jaguar-200-gr-1";"2026-08-11"
"Nok Coffee";"Kısmi doğrulama";"Hassas Kahve Tartısı";"Menşe belirtilmemiş";"Erişilemedi";"1065.94";"Erişilemedi";"Stokta";"https://www.nokcoffee.com/products/hassas-kahve-tartisi-kt-02";"2026-08-11"
"Nok Coffee";"Kısmi doğrulama";"Hassas Kahve Tartısı";"Menşe belirtilmemiş";"Erişilemedi";"861.87";"Erişilemedi";"Stokta";"https://www.nokcoffee.com/products/hassas-kahve-tartisi";"2026-08-11"
"Nok Coffee";"Kısmi doğrulama";"Honduras Finca Rio Colorado - 200 Gr";"Honduras";"200";"Erişilemedi";"Erişilemedi";"Belirsiz";"https://www.nokcoffee.com/products/honduras-finca-rio-colorado-200-gr-1";"2026-08-11"
"Nok Coffee";"Kısmi doğrulama";"Honduras Finca Rio Colorado - Çekirdek (Öğütülmemiş) - 1 Kg";"Honduras";"1000";"909";"909";"Stokta";"https://www.nokcoffee.com/products/honduras-finca-rio-colorado-cekirdek-ogutulmemis-1-kg";"2026-08-11"
"Nok Coffee";"Kısmi doğrulama";"India Robusta Çiğ Yeşil Kahve Çekirdek 1kg";"Hindistan";"1000";"Erişilemedi";"Erişilemedi";"Belirsiz";"https://www.nokcoffee.com/products/india-robusta-cherry-aa-cig-yesil-kahve-cekirdek";"2026-08-11"
"Nok Coffee";"Kısmi doğrulama";"Intenso Espresso Çekirdek Kahve 1 Kg x 10 Adet (Koli)";"Harman – menşe belirtilmemiş";"1000";"5600";"5600";"Stokta";"https://www.nokcoffee.com/products/espresso-cekirdek-kahve-1-kg-x-10-adet-koli";"2026-08-11"
"Nok Coffee";"Kısmi doğrulama";"Intenso Espresso Kahve Harmanı - 200 gr";"Brezilya | Hindistan";"200";"Erişilemedi";"Erişilemedi";"Belirsiz";"https://www.nokcoffee.com/products/intenso-espresso-kahve-harmani-200-gr-1";"2026-08-11"
"Nok Coffee";"Kısmi doğrulama";"Intenso Espresso Kahve Harmanı Çekirdek (Öğütülmemiş) 1 Kg";"Brezilya | Hindistan";"1000";"747.4";"747.4";"Stokta";"https://www.nokcoffee.com/products/intenso-espresso-kahve-harmani-cekirdek-ogutulmemis-1-kg";"2026-08-11"
"Nok Coffee";"Kısmi doğrulama";"Italiano Espresso Çekirdek Kahve 1 Kg x 10 Adet (Koli)";"Harman – menşe belirtilmemiş";"1000";"6200";"6200";"Stokta";"https://www.nokcoffee.com/products/italiano-espresso-cekirdek-kahve-1-kg-x-10-adet-koli";"2026-08-11"
"Nok Coffee";"Kısmi doğrulama";"Italiano Espresso Kahve Harmanı - 200 gr";"Harman – menşe belirtilmemiş";"200";"Erişilemedi";"Erişilemedi";"Belirsiz";"https://www.nokcoffee.com/products/italiano-espresso-kahve-harmani-200-gr-1";"2026-08-11"
"Nok Coffee";"Kısmi doğrulama";"Italiano Espresso Kahve Harmanı Çekirdek (Öğütülmemiş) - 1 Kg";"Etiyopya | Brezilya";"1000";"750";"750";"Stokta";"https://www.nokcoffee.com/products/italiano-espresso-kahve-harmani";"2026-08-11"
"Nok Coffee";"Kısmi doğrulama";"Kenya AA Muranga - 200 gr";"Kenya";"200";"Erişilemedi";"Erişilemedi";"Belirsiz";"https://www.nokcoffee.com/products/kenya-aa-muranga-200-gr";"2026-08-11"
"Nok Coffee";"Kısmi doğrulama";"Motta Süt Potu 500 ml Mavi";"Menşe belirtilmemiş";"Erişilemedi";"Erişilemedi";"Erişilemedi";"Belirsiz";"https://www.nokcoffee.com/products/motto-sut-potu-500-ml-4150-mspt-500m";"2026-08-11"
"Nok Coffee";"Kısmi doğrulama";"Motta Süt Potu 500 ml Sarı";"Menşe belirtilmemiş";"Erişilemedi";"Erişilemedi";"Erişilemedi";"Belirsiz";"https://www.nokcoffee.com/products/motta-sut-potu-500-ml-450-mspt-500s";"2026-08-11"
"Nok Coffee";"Kısmi doğrulama";"Nicaragua SHG EP San Jose Estate - 200 Gr";"Nikaragua";"200";"Erişilemedi";"Erişilemedi";"Belirsiz";"https://www.nokcoffee.com/products/nicaragua-shg-ep-san-jose-estate-200-gr-1";"2026-08-11"
"Nok Coffee";"Kısmi doğrulama";"Nitelikli Türk Kahvesi - 200 gr (Rio Minas)";"Harman – menşe belirtilmemiş";"200";"Erişilemedi";"Erişilemedi";"Belirsiz";"https://www.nokcoffee.com/products/nitelikli-turk-kahvesi-200-gr-rio-minas";"2026-08-11"
"Nok Coffee";"Kısmi doğrulama";"Nitelikli Türk Kahvesi Çekirdek - 1 Kg (Rio Minas)";"Brezilya";"1000";"738.9";"738.9";"Stokta";"https://www.nokcoffee.com/products/nitelikli-turk-kahvesi-cekirdek-1-kg-rio-minas";"2026-08-11"
"Nok Coffee";"Kısmi doğrulama";"Peru Papagayo SHB EP Grade 1 - Çekirdek (Öğütülmemiş) 1 kg";"Peru";"1000";"919.1";"919.1";"Stokta";"https://www.nokcoffee.com/products/peru-papagayo-shb-ep-grade-1-cekirdek-ogutulmemis-1-kg";"2026-08-11"
"Nok Coffee";"Kısmi doğrulama";"Press Kahve Demleme";"Menşe belirtilmemiş";"Erişilemedi";"Erişilemedi";"Erişilemedi";"Belirsiz";"https://www.nokcoffee.com/products/kahve-demleme-pd-01";"2026-08-11"
"Nok Coffee";"Kısmi doğrulama";"Soğuk Kahve Demleme Şişe 850 Ml";"Menşe belirtilmemiş";"Erişilemedi";"Erişilemedi";"Erişilemedi";"Belirsiz";"https://www.nokcoffee.com/products/kahve-demleme";"2026-08-11"
"Nok Coffee";"Kısmi doğrulama";"Supremo Filtre Kahve Harmanı - 200 gr";"Brezilya | Guatemala | Honduras";"200";"Erişilemedi";"Erişilemedi";"Belirsiz";"https://www.nokcoffee.com/products/supremo-filtre-kahve-harmani-200-gr-1";"2026-08-11"
"Nok Coffee";"Kısmi doğrulama";"Supremo Filtre Kahve Harmanı (Filtre Öğütülmüş) - 1 Kg";"Brezilya | Guatemala | Honduras";"1000";"530";"530";"Stokta";"https://www.nokcoffee.com/products/supremo-filtre-kahve-harmani";"2026-08-11"
"Nok Coffee";"Kısmi doğrulama";"Süt Potu - 500 Ml";"Menşe belirtilmemiş";"Erişilemedi";"426.95";"Erişilemedi";"Stokta";"https://www.nokcoffee.com/products/sut-potu-500-ml-sp-500";"2026-08-11"
"Nok Coffee";"Kısmi doğrulama";"Süt Potu Prof 700 ml";"Menşe belirtilmemiş";"Erişilemedi";"957.63";"Erişilemedi";"Stokta";"https://www.nokcoffee.com/products/sut-potu-prof-700-ml";"2026-08-11"
"Nok Coffee";"Kısmi doğrulama";"Türk Kahvesi 1 Kg x 10 Adet (Koli)";"Harman – menşe belirtilmemiş";"1000";"6000";"6000";"Stokta";"https://www.nokcoffee.com/products/turk-kahvesi-cekirdek-ogutulmemis-1-kg-x-10-adet-koli";"2026-08-11"
"Nok Coffee";"Kısmi doğrulama";"Uganda Robusta 18 Çiğ Yeşil Kahve Çekirdek 1kg";"Uganda";"1000";"441.39";"441.39";"Stokta";"https://www.nokcoffee.com/products/uganda-robusta-18-cig-yesil-kahve-cekirdek-1kg";"2026-08-11"
"Norm Coffee";"Kısmi doğrulama";"Ürün kataloğu — ayrıntılı ürün verisine erişilemedi";"Erişilemedi";"Erişilemedi";"Erişilemedi";"Erişilemedi";"Erişilemedi";"Erişilemedi";"2026-08-11"
"Null Coffee Roasters";"Doğrulandı";"Ayele Fulasa Gesha - Natural - Ethiopia - 2025";"Etiyopya";"250";"990";"3960";"Stokta";"https://null.coffee/products/ayele-fulasa-gesha-natural-ethiopia-2025";"2026-08-11"
"Null Coffee Roasters";"Doğrulandı";"Ayele Fulasa Gesha - Natural - Ethiopia - 2025";"Etiyopya";"250";"3960";"15840";"Stokta";"https://null.coffee/products/ayele-fulasa-gesha-natural-ethiopia-2025";"2026-08-11"
"Null Coffee Roasters";"Doğrulandı";"Ayele Fulasa Gesha - Natural - Ethiopia - 2025";"Etiyopya";"1000";"3960";"3960";"Stokta";"https://null.coffee/products/ayele-fulasa-gesha-natural-ethiopia-2025";"2026-08-11"
"Null Coffee Roasters";"Doğrulandı";"Ayele Fulasa Gesha - Natural - Ethiopia - 2025";"Etiyopya";"1000";"990";"990";"Stokta";"https://null.coffee/products/ayele-fulasa-gesha-natural-ethiopia-2025";"2026-08-11"
"Null Coffee Roasters";"Doğrulandı";"Bekele Yutute - Natural - Ethiopia - 2025";"Etiyopya";"250";"990";"3960";"Stokta";"https://null.coffee/products/bekele-yutute-natural-ethiopia-2025";"2026-08-11"
"Null Coffee Roasters";"Doğrulandı";"Bekele Yutute - Natural - Ethiopia - 2025";"Etiyopya";"1000";"3960";"3960";"Stokta";"https://null.coffee/products/bekele-yutute-natural-ethiopia-2025";"2026-08-11"
"Null Coffee Roasters";"Doğrulandı";"Bersama Kerinci - Anaerobic Honey - Indonesia - 2025";"Endonezya";"250";"990";"3960";"Stokta";"https://null.coffee/products/bersama-kerinci-anaerobic-honey-indonesia-2025";"2026-08-11"
"Null Coffee Roasters";"Doğrulandı";"Bersama Kerinci - Anaerobic Honey - Indonesia - 2025";"Endonezya";"1000";"3960";"3960";"Stokta";"https://null.coffee/products/bersama-kerinci-anaerobic-honey-indonesia-2025";"2026-08-11"
"Null Coffee Roasters";"Doğrulandı";"Bersama Kerinci - Anaerobic Natural - Indonesia - 2025";"Endonezya";"250";"990";"3960";"Stokta";"https://null.coffee/products/bersama-kerinci-anaerobic-natural-indonesia-2025";"2026-08-11"
"Null Coffee Roasters";"Doğrulandı";"Bersama Kerinci - Anaerobic Natural - Indonesia - 2025";"Endonezya";"1000";"3960";"3960";"Stokta";"https://null.coffee/products/bersama-kerinci-anaerobic-natural-indonesia-2025";"2026-08-11"
"Null Coffee Roasters";"Doğrulandı";"Gachatha AA - Washed - Kenya - 2025";"Kenya";"250";"1090";"4360";"Stokta";"https://null.coffee/products/gachatha-aa-washed-kenya-2025";"2026-08-11"
"Null Coffee Roasters";"Doğrulandı";"Gachatha AA - Washed - Kenya - 2025";"Kenya";"1000";"4360";"4360";"Stokta";"https://null.coffee/products/gachatha-aa-washed-kenya-2025";"2026-08-11"
"Null Coffee Roasters";"Doğrulandı";"Gachenge Estate AA - Washed - Kenya - 2025";"Kenya";"250";"1040";"4160";"Stokta";"https://null.coffee/products/gachenge-estate-aa-washed-kenya-2025";"2026-08-11"
"Null Coffee Roasters";"Doğrulandı";"Gachenge Estate AA - Washed - Kenya - 2025";"Kenya";"1000";"4160";"4160";"Stokta";"https://null.coffee/products/gachenge-estate-aa-washed-kenya-2025";"2026-08-11"
"Null Coffee Roasters";"Doğrulandı";"Gayo Sesongot - Anaerobic Natural - Indonesia - 2025";"Endonezya";"250";"990";"3960";"Stokta";"https://null.coffee/products/gayo-sesongot-anaerobic-natural-indonesia-2025";"2026-08-11"
"Null Coffee Roasters";"Doğrulandı";"Gayo Sesongot - Anaerobic Natural - Indonesia - 2025";"Endonezya";"1000";"3960";"3960";"Stokta";"https://null.coffee/products/gayo-sesongot-anaerobic-natural-indonesia-2025";"2026-08-11"
"Null Coffee Roasters";"Doğrulandı";"Hacienda Sonora - Cascara - Costa Rica - 2023";"Kosta Rika";"250";"530";"2120";"Stokta";"https://null.coffee/products/hacienda-sonora-cascara-costa-rica-2023";"2026-08-11"
"Null Coffee Roasters";"Doğrulandı";"Hacienda Sonora - Cascara - Costa Rica - 2023";"Kosta Rika";"1000";"2120";"2120";"Stokta";"https://null.coffee/products/hacienda-sonora-cascara-costa-rica-2023";"2026-08-11"
"Null Coffee Roasters";"Doğrulandı";"Heleanna Georgalis - Orange Cherry - Natural - Ethiopia - 2025";"Etiyopya";"250";"1500";"6000";"Stokta";"https://null.coffee/products/heleanna-georgalis-orange-cherry-natural-ethiopia-2025";"2026-08-11"
"Null Coffee Roasters";"Doğrulandı";"Heleanna Georgalis - Orange Cherry - Natural - Ethiopia - 2025";"Etiyopya";"1000";"6000";"6000";"Stokta";"https://null.coffee/products/heleanna-georgalis-orange-cherry-natural-ethiopia-2025";"2026-08-11"
"Null Coffee Roasters";"Doğrulandı";"Idido - Anaerobic Natural - Ethiopia - 2025";"Etiyopya";"250";"1090";"4360";"Stokta";"https://null.coffee/products/idido-anaerobic-natural-ethiopia-2025";"2026-08-11"
"Null Coffee Roasters";"Doğrulandı";"Idido - Anaerobic Natural - Ethiopia - 2025";"Etiyopya";"1000";"4360";"4360";"Stokta";"https://null.coffee/products/idido-anaerobic-natural-ethiopia-2025";"2026-08-11"
"Null Coffee Roasters";"Doğrulandı";"Kii AA - Washed - Kenya - 2025";"Kenya";"250";"990";"3960";"Stokta";"https://null.coffee/products/kii-aa-washed-kenya-2025";"2026-08-11"
"Null Coffee Roasters";"Doğrulandı";"Kii AA - Washed - Kenya - 2025";"Kenya";"1000";"3960";"3960";"Stokta";"https://null.coffee/products/kii-aa-washed-kenya-2025";"2026-08-11"
"Null Coffee Roasters";"Doğrulandı";"La Rosita - Catuai - Natural - Panama - 2025";"Panama";"250";"690";"2760";"Stokta";"https://null.coffee/products/la-rosita-catuai-natural-panama-2025";"2026-08-11"
"Null Coffee Roasters";"Doğrulandı";"La Rosita - Catuai - Natural - Panama - 2025";"Panama";"1000";"2760";"2760";"Stokta";"https://null.coffee/products/la-rosita-catuai-natural-panama-2025";"2026-08-11"
"Null Coffee Roasters";"Doğrulandı";"La Rosita - Catuai - Natural - Panama - Espresso - 2025";"Panama";"250";"690";"2760";"Stokta";"https://null.coffee/products/la-rosita-catuai-natural-panama-espresso-2025";"2026-08-11"
"Null Coffee Roasters";"Doğrulandı";"La Rosita - Catuai - Natural - Panama - Espresso - 2025";"Panama";"1000";"2760";"2760";"Stokta";"https://null.coffee/products/la-rosita-catuai-natural-panama-espresso-2025";"2026-08-11"
"Null Coffee Roasters";"Doğrulandı";"Rumudamo - Anaerobic Natural - Ethiopia - 2025";"Etiyopya";"250";"1750";"7000";"Stokta";"https://null.coffee/products/rumudamo-anaerobic-natural-ethiopia-2025";"2026-08-11"
"Null Coffee Roasters";"Doğrulandı";"Rumudamo - Anaerobic Natural - Ethiopia - 2025";"Etiyopya";"1000";"7000";"7000";"Stokta";"https://null.coffee/products/rumudamo-anaerobic-natural-ethiopia-2025";"2026-08-11"
"Null Coffee Roasters";"Doğrulandı";"TWO - ESPRESSO HARMANI";"Harman – menşe belirtilmemiş";"250";"575";"2300";"Stokta";"https://null.coffee/products/two-espresso-harmani";"2026-08-11"
"Null Coffee Roasters";"Doğrulandı";"TWO - ESPRESSO HARMANI";"Harman – menşe belirtilmemiş";"1000";"2300";"2300";"Stokta";"https://null.coffee/products/two-espresso-harmani";"2026-08-11"
"Null Coffee Roasters";"Doğrulandı";"Uraga - Anaerobic Natural - Ethiopia - 2025";"Etiyopya";"250";"1090";"4360";"Stokta";"https://null.coffee/products/uraga-anaerobic-natural-ethiopia-2025";"2026-08-11"
"Null Coffee Roasters";"Doğrulandı";"Uraga - Anaerobic Natural - Ethiopia - 2025";"Etiyopya";"1000";"4360";"4360";"Stokta";"https://null.coffee/products/uraga-anaerobic-natural-ethiopia-2025";"2026-08-11"
"Null Coffee Roasters";"Doğrulandı";"Uraga - Anaerobic Natural - Ethiopia - Espresso - 2025";"Etiyopya";"250";"1090";"4360";"Stokta";"https://null.coffee/products/uraga-anaerobic-natural-ethiopia-espresso-2025";"2026-08-11"
"Null Coffee Roasters";"Doğrulandı";"Uraga - Anaerobic Natural - Ethiopia - Espresso - 2025";"Etiyopya";"1000";"4360";"4360";"Stokta";"https://null.coffee/products/uraga-anaerobic-natural-ethiopia-espresso-2025";"2026-08-11"
"Null Coffee Roasters";"Doğrulandı";"Uraga - Carbonic Maceration - Natural - Ethiopia - 2025";"Etiyopya";"250";"1090";"4360";"Stokta";"https://null.coffee/products/uraga-carbonic-maceration-natural-ethiopia-2025";"2026-08-11"
"Null Coffee Roasters";"Doğrulandı";"Uraga - Carbonic Maceration - Natural - Ethiopia - 2025";"Etiyopya";"1000";"4360";"4360";"Stokta";"https://null.coffee/products/uraga-carbonic-maceration-natural-ethiopia-2025";"2026-08-11"
"Null Coffee Roasters";"Doğrulandı";"Uraga - Carbonic Maceration - Natural - Ethiopia - Espresso - 2025";"Etiyopya";"250";"1090";"4360";"Stokta";"https://null.coffee/products/uraga-carbonic-maceration-natural-ethiopia-espresso-2025";"2026-08-11"
"Null Coffee Roasters";"Doğrulandı";"Uraga - Carbonic Maceration - Natural - Ethiopia - Espresso - 2025";"Etiyopya";"1000";"4360";"4360";"Stokta";"https://null.coffee/products/uraga-carbonic-maceration-natural-ethiopia-espresso-2025";"2026-08-11"
"Null Coffee Roasters";"Doğrulandı";"Uraga - Oro Yeast Natural - Ethiopia - 2025";"Etiyopya";"250";"1090";"4360";"Stokta";"https://null.coffee/products/uraga-oro-yeast-natural-ethiopia-2025";"2026-08-11"
"Null Coffee Roasters";"Doğrulandı";"Uraga - Oro Yeast Natural - Ethiopia - 2025";"Etiyopya";"1000";"4360";"4360";"Stokta";"https://null.coffee/products/uraga-oro-yeast-natural-ethiopia-2025";"2026-08-11"
"Null Coffee Roasters";"Doğrulandı";"ZERO - FILTRE HARMANI";"Harman – menşe belirtilmemiş";"250";"575";"2300";"Stokta";"https://null.coffee/products/zero";"2026-08-11"
"Null Coffee Roasters";"Doğrulandı";"ZERO - FILTRE HARMANI";"Harman – menşe belirtilmemiş";"1000";"2300";"2300";"Stokta";"https://null.coffee/products/zero";"2026-08-11"
"Null Coffee Roasters";"Doğrulandı";"ZERO - FILTRE HARMANI";"Harman – menşe belirtilmemiş";"1000";"575";"575";"Stokta";"https://null.coffee/products/zero";"2026-08-11"
"Octagon Coffee";"Kısmi doğrulama";"Ürün kataloğu — ayrıntılı ürün verisine erişilemedi";"Erişilemedi";"Erişilemedi";"Erişilemedi";"Erişilemedi";"Erişilemedi";"https://octagonroastery.com/";"2026-08-11"
"Old Java Coffee Roasters";"Doğrulandı";"Aylık Abonelik Rahatlık";"Etiyopya | Kolombiya";"1000";"1120";"1120";"Stokta yok";"https://oldjavacoffee.com/urun/aylik-abonelik-rahatlik/";"2026-08-11"
"Old Java Coffee Roasters";"Doğrulandı";"Ekşi Maya Tam Çavdar Ekmeği";"Menşe belirtilmemiş";"850";"220";"258.82";"Stokta";"https://oldjavacoffee.com/urun/eksi-maya-tam-bugday-ekmegi/";"2026-08-11"
"Old Java Coffee Roasters";"Doğrulandı";"Espresso Barista Collection / Meksika";"Guatemala | Meksika";"1000";"1450";"1450";"Stokta";"https://oldjavacoffee.com/urun/espresso-kahve-cekirdegi-1kg/";"2026-08-11"
"Old School Roastery";"Kısmi doğrulama";"Ürün kataloğu — ayrıntılı ürün verisine erişilemedi";"Erişilemedi";"Erişilemedi";"Erişilemedi";"Erişilemedi";"Erişilemedi";"Erişilemedi";"2026-08-11"
"Ordinarius Coffee Roastery";"Kısmi doğrulama";"ADVENTURE BOX 4 lÜ SERİ";"Menşe belirtilmemiş";"Erişilemedi";"950";"Erişilemedi";"Stokta";"https://ordinariuscoffee.com/urun/adventure-box-4-seri/";"2026-08-11"
"Ordinarius Coffee Roastery";"Kısmi doğrulama";"ENDONEZYA / MARABELLA / NATÜREL ANAEROBİK";"Endonezya";"Erişilemedi";"1000";"Erişilemedi";"Stokta";"https://ordinariuscoffee.com/urun/endonezya-marabella-naturel-anaerobik/";"2026-08-11"
"Ordinarius Coffee Roastery";"Kısmi doğrulama";"ENDONEZYA / O.B.A.N. / NATÜREL ANAEROBİK";"Endonezya";"Erişilemedi";"1000";"Erişilemedi";"Stokta yok";"https://ordinariuscoffee.com/urun/endonezya-oban-natural-anaerobik/";"2026-08-11"
"Ordinarius Coffee Roastery";"Kısmi doğrulama";"ETİYOPYA / ARICHA / NATÜREL";"Etiyopya";"Erişilemedi";"520";"Erişilemedi";"Stokta";"https://ordinariuscoffee.com/urun/etiyopya-aricha-naturel/";"2026-08-11"
"Ordinarius Coffee Roastery";"Kısmi doğrulama";"KOLOMBİYA / MİLAN / YIKANMIŞ NG";"Kolombiya";"Erişilemedi";"1100";"Erişilemedi";"Stokta";"https://ordinariuscoffee.com/urun/kolombiya-milan-ng-yikanmis-ng/";"2026-08-11"
"Ordinarius Coffee Roastery";"Kısmi doğrulama";"KOSTA RİKA / EL MANGO / FULL HONEY ANAEROBİK";"Kosta Rika";"Erişilemedi";"650";"Erişilemedi";"Stokta";"https://ordinariuscoffee.com/urun/kosta-rika-el-mango-full-honey-anaerboik/";"2026-08-11"
"Ordinarius Coffee Roastery";"Kısmi doğrulama";"ORDI NO:1 / ESPRESSO";"Harman – menşe belirtilmemiş";"12";"500";"41666.67";"Stokta";"https://ordinariuscoffee.com/urun/ordi-no1-espresso/";"2026-08-11"
"Ordinarius Coffee Roastery";"Kısmi doğrulama";"PANAMA / CORPACHI / NATÜREL SOĞUK FERMANTASYON";"Panama";"Erişilemedi";"1135";"Erişilemedi";"Stokta";"https://ordinariuscoffee.com/urun/panama-corpachi-naturel-soguk-fermantasyon/";"2026-08-11"
"Orkun Üstel";"Kısmi doğrulama";"Brezilya Fonte Espresso";"Brezilya";"Erişilemedi";"8";"Erişilemedi";"Belirsiz";"https://orkunustel.com/nitelikli-kahve-brezilya-fonte-espresso";"2026-08-11"
"Orkun Üstel";"Kısmi doğrulama";"Brezilya Fonte Filtre";"Brezilya";"Erişilemedi";"8";"Erişilemedi";"Belirsiz";"https://orkunustel.com/brezilya-fonte-filtre-kahve";"2026-08-11"
"Orkun Üstel";"Kısmi doğrulama";"Kenya Nitelikli Kahve Seti";"Kenya";"Erişilemedi";"8";"Erişilemedi";"Belirsiz";"https://orkunustel.com/kenya-nitelikli-kahve-seti";"2026-08-11"
"Orkun Üstel";"Kısmi doğrulama";"Kosta Rika Volcan Azul Mokka (Filtre)";"Kosta Rika";"Erişilemedi";"8";"Erişilemedi";"Belirsiz";"https://orkunustel.com/kosta-rika-volcan-azul-mokka-filtre-kahve";"2026-08-11"
"Orkun Üstel";"Kısmi doğrulama";"Tanzanya Kilimanjaro AA";"Tanzanya";"Erişilemedi";"8";"Erişilemedi";"Belirsiz";"https://orkunustel.com/tanzanya-kilimanjaro-aa-filtre-kahve";"2026-08-11"
"Orkun Üstel";"Kısmi doğrulama";"Timemore Coffee Server 600ml";"Menşe belirtilmemiş";"Erişilemedi";"8";"Erişilemedi";"Belirsiz";"https://orkunustel.com/timemore-coffee-server-600ml";"2026-08-11"
"Orkun Üstel";"Kısmi doğrulama";"Wastepresso Candle + Friends Kahve Posalı Mum";"Menşe belirtilmemiş";"Erişilemedi";"8";"Erişilemedi";"Belirsiz";"https://orkunustel.com/wastepresso-candle-friends-kahveli-mum";"2026-08-11"
"Osso Osmanlı Kahvesi";"Kısmi doğrulama";"Ürün kataloğu — ayrıntılı ürün verisine erişilemedi";"Erişilemedi";"Erişilemedi";"Erişilemedi";"Erişilemedi";"Erişilemedi";"Erişilemedi";"2026-08-11"
"Oze Kahve";"Doğrulandı";"Adaçayı 60 g";"Menşe belirtilmemiş";"60";"Erişilemedi";"Erişilemedi";"Belirsiz";"https://www.ozekahve.com.tr/adacayi-60g";"2026-08-11"
"Oze Kahve";"Doğrulandı";"All Day Blend Filtre Kahve 1000 g";"Harman – menşe belirtilmemiş";"1000";"Erişilemedi";"Erişilemedi";"Belirsiz";"https://www.ozekahve.com.tr/all-day-blend-filtre-kahve-1000g";"2026-08-11"
"Oze Kahve";"Doğrulandı";"All Day Blend Filtre Kahve 2 x 250 g";"Harman – menşe belirtilmemiş";"250";"Erişilemedi";"Erişilemedi";"Belirsiz";"https://www.ozekahve.com.tr/all-day-blend-filtre-kahve-2li-250g";"2026-08-11"
"Oze Kahve";"Doğrulandı";"All Day Blend Filtre Kahve 250 g";"Harman – menşe belirtilmemiş";"250";"Erişilemedi";"Erişilemedi";"Belirsiz";"https://www.ozekahve.com.tr/all-day-blend-filtre-kahve-250g";"2026-08-11"
"Oze Kahve";"Doğrulandı";"All Day Blend Filtre Kahve 4 x 250 g";"Harman – menşe belirtilmemiş";"250";"Erişilemedi";"Erişilemedi";"Belirsiz";"https://www.ozekahve.com.tr/all-day-blend-filtre-kahve-4lu-250g";"2026-08-11"
"Oze Kahve";"Doğrulandı";"All Day Blend Filtre Kahve 6 x 1000 g";"Harman – menşe belirtilmemiş";"1000";"Erişilemedi";"Erişilemedi";"Belirsiz";"https://www.ozekahve.com.tr/all-day-blend-filtre-kahve-6li-1000g";"2026-08-11"
"Oze Kahve";"Doğrulandı";"Ananas Şurubu 50 cc";"Menşe belirtilmemiş";"Erişilemedi";"Erişilemedi";"Erişilemedi";"Belirsiz";"https://www.ozekahve.com.tr/ananas-surubu-50cc";"2026-08-11"
"Oze Kahve";"Doğrulandı";"Ananas Şurubu 6 x 75 cl";"Menşe belirtilmemiş";"Erişilemedi";"Erişilemedi";"Erişilemedi";"Belirsiz";"https://www.ozekahve.com.tr/ananas-surubu-6li-75cl";"2026-08-11"
"Oze Kahve";"Doğrulandı";"Ananas Şurubu 75 cl";"Menşe belirtilmemiş";"Erişilemedi";"Erişilemedi";"Erişilemedi";"Belirsiz";"https://www.ozekahve.com.tr/ananas-surubu-75cl";"2026-08-11"
"Oze Kahve";"Doğrulandı";"Aromalı Filtre Kahve Tanışma Seti 2 x 250 g";"Menşe belirtilmemiş";"250";"Erişilemedi";"Erişilemedi";"Belirsiz";"https://www.ozekahve.com.tr/aromali-filtre-kahveler-firsat-seti-2li-250g";"2026-08-11"
"Oze Kahve";"Doğrulandı";"Aromalı Filtre Kahve Tanışma Seti 3 x 250 g (Çikolata Frambuaz, Irish Cream, All Day Blend)";"Harman – menşe belirtilmemiş";"250";"Erişilemedi";"Erişilemedi";"Belirsiz";"https://www.ozekahve.com.tr/aromali-filtre-kahve-tanisma-seti-irish-cream-all-day-blend-cikolata-frambuaz-3lu-250g";"2026-08-11"
"Oze Kahve";"Doğrulandı";"Aromalı Filtre Kahve Tanışma Seti 3 x 250 g (Vanilya, Irish Cream, All Day Blend)";"Harman – menşe belirtilmemiş";"250";"Erişilemedi";"Erişilemedi";"Belirsiz";"https://www.ozekahve.com.tr/aromali-filtre-kahve-tanisma-seti-irish-cream-all-day-blend-vanilya-3lu-250g";"2026-08-11"
"Oze Kahve";"Doğrulandı";"Aromalı Filtre Kahve Tanışma Seti 5 x 250 g";"Menşe belirtilmemiş";"250";"Erişilemedi";"Erişilemedi";"Belirsiz";"https://www.ozekahve.com.tr/aromali-filtre-kahve-seti-5li-250g";"2026-08-11"
"Oze Kahve";"Doğrulandı";"Aromalı Türk Kahvesi Tanışma Seti 3 x 100 g (Dağ Çilekli, Güllü, Fındıklı)";"Menşe belirtilmemiş";"100";"Erişilemedi";"Erişilemedi";"Belirsiz";"https://www.ozekahve.com.tr/aromali-turk-kahvesi-seti-dag-cilekli-gullu-findikli-3lu-100g";"2026-08-11"
"Oze Kahve";"Doğrulandı";"Aromalı Türk Kahvesi Tanışma Seti 3 x 100 g (Karamelli, Çikolatalı, Fındıklı)";"Menşe belirtilmemiş";"100";"Erişilemedi";"Erişilemedi";"Belirsiz";"https://www.ozekahve.com.tr/aromali-turk-kahvesi-seti-karamelli-findikli-cikolatali-3lu-100g";"2026-08-11"
"Oze Kahve";"Doğrulandı";"Badem Şurubu 50 cc";"Menşe belirtilmemiş";"Erişilemedi";"Erişilemedi";"Erişilemedi";"Belirsiz";"https://www.ozekahve.com.tr/badem-surubu-50cc";"2026-08-11"
"Oze Kahve";"Doğrulandı";"Badem Şurubu 6 x 75 cl";"Menşe belirtilmemiş";"Erişilemedi";"Erişilemedi";"Erişilemedi";"Belirsiz";"https://www.ozekahve.com.tr/badem-surubu-6li-75cl";"2026-08-11"
"Oze Kahve";"Doğrulandı";"Badem Şurubu 75 cl";"Menşe belirtilmemiş";"Erişilemedi";"Erişilemedi";"Erişilemedi";"Belirsiz";"https://www.ozekahve.com.tr/badem-surubu-75cl";"2026-08-11"
"Oze Kahve";"Doğrulandı";"Beyaz Çikolata Şurubu 50 cc";"Menşe belirtilmemiş";"Erişilemedi";"Erişilemedi";"Erişilemedi";"Belirsiz";"https://www.ozekahve.com.tr/beyaz-cikolata-surubu-50cc";"2026-08-11"
"Oze Kahve";"Doğrulandı";"Beyaz Çikolata Şurubu 6 x 75 cl";"Menşe belirtilmemiş";"Erişilemedi";"Erişilemedi";"Erişilemedi";"Belirsiz";"https://www.ozekahve.com.tr/beyaz-cikolata-surubu-6li-75cl";"2026-08-11"
"Oze Kahve";"Doğrulandı";"Beyaz Çikolata Şurubu 75 cl";"Menşe belirtilmemiş";"Erişilemedi";"Erişilemedi";"Erişilemedi";"Belirsiz";"https://www.ozekahve.com.tr/beyaz-cikolata-surubu-75cl";"2026-08-11"
"Oze Kahve";"Doğrulandı";"Bitki Çayı Tanışma Seti (Adaçayı, Ihlamur, Papatya, Nane Limon)";"Menşe belirtilmemiş";"125";"Erişilemedi";"Erişilemedi";"Belirsiz";"https://www.ozekahve.com.tr/bitki-cayi-tanisma-seti-adacayi-ihlamur-papatya-nane-limon-4lu";"2026-08-11"
"Oze Kahve";"Doğrulandı";"Böğürtlen Çayı 125 g";"Menşe belirtilmemiş";"125";"Erişilemedi";"Erişilemedi";"Belirsiz";"https://www.ozekahve.com.tr/bogurtlen-cayi-125g";"2026-08-11"
"Oze Kahve";"Doğrulandı";"Böğürtlen Şurubu 50 cc";"Menşe belirtilmemiş";"Erişilemedi";"Erişilemedi";"Erişilemedi";"Belirsiz";"https://www.ozekahve.com.tr/bogurtlen-surubu-50cc";"2026-08-11"
"Oze Kahve";"Doğrulandı";"Böğürtlen Şurubu 6 x 75 cl";"Menşe belirtilmemiş";"Erişilemedi";"Erişilemedi";"Erişilemedi";"Belirsiz";"https://www.ozekahve.com.tr/bogurtlen-surubu-6li-75cl";"2026-08-11"
"Oze Kahve";"Doğrulandı";"Böğürtlen Şurubu 75 cl";"Menşe belirtilmemiş";"Erişilemedi";"Erişilemedi";"Erişilemedi";"Belirsiz";"https://www.ozekahve.com.tr/bogurtlen-surubu-75cl";"2026-08-11"
"Oze Kahve";"Doğrulandı";"Böğürtlenli Frappe Tozu 1000 g";"Menşe belirtilmemiş";"1000";"Erişilemedi";"Erişilemedi";"Belirsiz";"https://www.ozekahve.com.tr/bogurtlenli-frappe-tozu-1000g";"2026-08-11"
"Oze Kahve";"Doğrulandı";"Böğürtlenli Frappe Tozu 250 g";"Menşe belirtilmemiş";"250";"Erişilemedi";"Erişilemedi";"Belirsiz";"https://www.ozekahve.com.tr/bogurtlenli-frappe-tozu-250g";"2026-08-11"
"Oze Kahve";"Pilot doğrulaması";"Brazil Santos Filtre";"Brezilya";"250";"362.4";"1449.6";"Stokta";"https://www.ozekahve.com.tr/brazil-santos-filtre-kahve-250g";"2026-08-11"
"Oze Kahve";"Doğrulandı";"Brazil Santos Filtre Kahve 2 x 250 g";"Brezilya";"250";"Erişilemedi";"Erişilemedi";"Belirsiz";"https://www.ozekahve.com.tr/brazil-santos-filtre-kahve-2li-250g";"2026-08-11"
"Oze Kahve";"Doğrulandı";"Brazil Santos Filtre Kahve 250 g";"Brezilya";"250";"Erişilemedi";"Erişilemedi";"Belirsiz";"https://www.ozekahve.com.tr/brazil-santos-filtre-kahve-250g";"2026-08-11"
"Oze Kahve";"Doğrulandı";"Colombian Supremo Filtre Kahve 2 x 250 g";"Kolombiya";"250";"Erişilemedi";"Erişilemedi";"Belirsiz";"https://www.ozekahve.com.tr/colombian-supremo-filtre-kahve-2li-250g";"2026-08-11"
"Oze Kahve";"Doğrulandı";"Colombian Supremo Filtre Kahve 250 g";"Kolombiya";"250";"Erişilemedi";"Erişilemedi";"Belirsiz";"https://www.ozekahve.com.tr/colombian-supremo-filtre-kahve-250g";"2026-08-11"
"Oze Kahve";"Pilot doğrulaması";"Çikolata Aromalı Filtre";"Latin Amerika harmanı";"250";"444";"1776";"Stokta";"https://www.ozekahve.com.tr/cikolata-aromali-filtre-kahve-250g";"2026-08-11"
"Oze Kahve";"Doğrulandı";"Dağ Çileği Aromalı Türk Kahvesi 100 g";"Menşe belirtilmemiş";"100";"Erişilemedi";"Erişilemedi";"Belirsiz";"https://www.ozekahve.com.tr/dag-cilegi-aromali-turk-kahvesi-100g";"2026-08-11"
"Oze Kahve";"Doğrulandı";"Dağ Çileği Aromalı Türk Kahvesi 5 x 100 g";"Menşe belirtilmemiş";"100";"Erişilemedi";"Erişilemedi";"Belirsiz";"https://www.ozekahve.com.tr/dag-cilegi-aromali-turk-kahvesi-5li-100g";"2026-08-11"
"Oze Kahve";"Doğrulandı";"Damla Sakızı Şurubu 50 cc";"Menşe belirtilmemiş";"Erişilemedi";"Erişilemedi";"Erişilemedi";"Belirsiz";"https://www.ozekahve.com.tr/damla-sakizi-surubu-50cc";"2026-08-11"
"Oze Kahve";"Doğrulandı";"Damla Sakızı Şurubu 6 x 75 cl";"Menşe belirtilmemiş";"Erişilemedi";"Erişilemedi";"Erişilemedi";"Belirsiz";"https://www.ozekahve.com.tr/damla-sakizi-surubu-6li-75cl";"2026-08-11"
"Oze Kahve";"Doğrulandı";"Damla Sakızı Şurubu 75 cl";"Menşe belirtilmemiş";"Erişilemedi";"Erişilemedi";"Erişilemedi";"Belirsiz";"https://www.ozekahve.com.tr/damla-sakizi-surubu-75cl";"2026-08-11"
"Oze Kahve";"Doğrulandı";"Damla Sakızlı Türk Kahvesi 10 x 100 g";"Menşe belirtilmemiş";"100";"Erişilemedi";"Erişilemedi";"Belirsiz";"https://www.ozekahve.com.tr/damla-sakizli-turk-kahvesi-10lu-100g";"2026-08-11"
"Oze Kahve";"Doğrulandı";"Damla Sakızlı Türk Kahvesi 100 g";"Menşe belirtilmemiş";"100";"Erişilemedi";"Erişilemedi";"Belirsiz";"https://www.ozekahve.com.tr/damla-sakizli-turk-kahvesi-100g";"2026-08-11"
"Oze Kahve";"Doğrulandı";"Damla Sakızlı Türk Kahvesi 5 x 100 g";"Menşe belirtilmemiş";"100";"Erişilemedi";"Erişilemedi";"Belirsiz";"https://www.ozekahve.com.tr/damla-sakizli-turk-kahvesi-5li-100g";"2026-08-11"
"Oze Kahve";"Pilot doğrulaması";"Decaf Espresso";"Latin Amerika harmanı";"250";"520";"2080";"Stokta";"https://www.ozekahve.com.tr/decaf-espresso-kahve-250g";"2026-08-11"
"Oze Kahve";"Doğrulandı";"Decaf Espresso Kahve 250 g";"Menşe belirtilmemiş";"250";"Erişilemedi";"Erişilemedi";"Belirsiz";"https://www.ozekahve.com.tr/decaf-espresso-kahve-250g";"2026-08-11"
"Oze Kahve";"Pilot doğrulaması";"Decaf Filtre";"Latin Amerika harmanı";"250";"520";"2080";"Stokta";"https://www.ozekahve.com.tr/decaf-filtre-kahve-250g";"2026-08-11"
"Oze Kahve";"Doğrulandı";"Decaf Filtre Kahve 250 g";"Menşe belirtilmemiş";"250";"Erişilemedi";"Erişilemedi";"Belirsiz";"https://www.ozekahve.com.tr/decaf-filtre-kahve-250g";"2026-08-11"
"Oze Kahve";"Doğrulandı";"Dünya Kahveleri Tanışma Seti 5 x 250 g";"Menşe belirtilmemiş";"250";"Erişilemedi";"Erişilemedi";"Belirsiz";"https://www.ozekahve.com.tr/dunya-kahveleri-seti-5li-250g";"2026-08-11"
"Oze Kahve";"Doğrulandı";"Elma Çayı 125 g";"Menşe belirtilmemiş";"125";"Erişilemedi";"Erişilemedi";"Belirsiz";"https://www.ozekahve.com.tr/elma-cayi-125g";"2026-08-11"
"Oze Kahve";"Doğrulandı";"Elma Şurubu 50 cc";"Menşe belirtilmemiş";"Erişilemedi";"Erişilemedi";"Erişilemedi";"Belirsiz";"https://www.ozekahve.com.tr/elma-surubu-50cc";"2026-08-11"
"Oze Kahve";"Doğrulandı";"Elma Şurubu 6 x 75 cl";"Menşe belirtilmemiş";"Erişilemedi";"Erişilemedi";"Erişilemedi";"Belirsiz";"https://www.ozekahve.com.tr/elma-surubu-6li-75cl";"2026-08-11"
"Oze Kahve";"Doğrulandı";"Elma Şurubu 75 cl";"Menşe belirtilmemiş";"Erişilemedi";"Erişilemedi";"Erişilemedi";"Belirsiz";"https://www.ozekahve.com.tr/elma-surubu-75cl";"2026-08-11"
"Oze Kahve";"Doğrulandı";"Elma Tarçın Çayı 125 g";"Menşe belirtilmemiş";"125";"Erişilemedi";"Erişilemedi";"Belirsiz";"https://www.ozekahve.com.tr/elma-tarcin-cayi-125g";"2026-08-11"
"Oze Kahve";"Doğrulandı";"Ethiopian Sidamo Filtre Kahve 2 x 250 g";"Etiyopya";"250";"Erişilemedi";"Erişilemedi";"Belirsiz";"https://www.ozekahve.com.tr/ethiopian-sidamo-filtre-kahve-2li-250g";"2026-08-11"
"Oze Kahve";"Doğrulandı";"Ethiopian Sidamo Filtre Kahve 250 g";"Etiyopya";"250";"Erişilemedi";"Erişilemedi";"Belirsiz";"https://www.ozekahve.com.tr/ethiopian-sidamo-filtre-kahve-250g";"2026-08-11"
"Oze Kahve";"Doğrulandı";"Frappe Tanışma Seti 3 x 250 g (Çilek, Çikolata, Mango)";"Menşe belirtilmemiş";"250";"Erişilemedi";"Erişilemedi";"Belirsiz";"https://www.ozekahve.com.tr/frappe-tanisma-seti-cilek-cikolata-mango-3lu-250g";"2026-08-11"
"Oze Kahve";"Doğrulandı";"Frappe Tanışma Seti 3 x 250 g (Vanilya, Karamel, Mokka)";"Menşe belirtilmemiş";"250";"Erişilemedi";"Erişilemedi";"Belirsiz";"https://www.ozekahve.com.tr/frappe-tanisma-seti-vanilya-karamel-mokka-3lu-250g";"2026-08-11"
"Oze Kahve";"Doğrulandı";"Frappe Tanışma Seti 6 x 250 g (Kivi, Muz, Böğürtlen, Karamel, Çilek, Mango)";"Menşe belirtilmemiş";"250";"Erişilemedi";"Erişilemedi";"Belirsiz";"https://www.ozekahve.com.tr/frappe-seti-cilek-karamel-kivi-mango-muz-bogurtlen-6li-250g";"2026-08-11"
"Oze Kahve";"Doğrulandı";"Frappe Tanışma Seti 6 x 250 g (Vanilya, Mokka, Çikolata, Karamel, Çilek, Mango)";"Menşe belirtilmemiş";"250";"Erişilemedi";"Erişilemedi";"Belirsiz";"https://www.ozekahve.com.tr/frappe-seti-vanilya-mokka-mango-karamel-cilek-cikolata-6li-250g";"2026-08-11"
"Oze Kahve";"Pilot doğrulaması";"Royal Espresso";"Latin Amerika harmanı";"250";"386.4";"1545.6";"Stokta";"https://www.ozekahve.com.tr/royal-espresso-kahve-250g";"2026-08-11"
"Oze Kahve";"Pilot doğrulaması";"Special Blend Dark Roast";"Latin Amerika harmanı";"250";"416.4";"1665.6";"Stokta";"https://www.ozekahve.com.tr/special-blend-dark-roast-filtre-kahve-250g";"2026-08-11"
"Pangea Coffee";"Kısmi doğrulama";"Ürün kataloğu — ayrıntılı ürün verisine erişilemedi";"Erişilemedi";"Erişilemedi";"Erişilemedi";"Erişilemedi";"Erişilemedi";"Erişilemedi";"2026-08-11"
"Paper Coffee & Chocolate";"Kısmi doğrulama";"Brazil Cerrado Natural";"Brezilya";"Erişilemedi";"1000";"Erişilemedi";"Belirsiz";"https://paperroastingcoffee.com/brazil-cerrado-natural";"2026-08-11"
"Paper Coffee & Chocolate";"Kısmi doğrulama";"Colombia Strawberry Washed - Aeropress Championship Selection";"Kolombiya";"Erişilemedi";"1000";"Erişilemedi";"Belirsiz";"https://paperroastingcoffee.com/colombia-strawberry-washed---aeropress-championship-selection";"2026-08-11"
"Paper Coffee & Chocolate";"Kısmi doğrulama";"Dark Roast House Blend";"Harman – menşe belirtilmemiş";"Erişilemedi";"1000";"Erişilemedi";"Belirsiz";"https://paperroastingcoffee.com/dark-roast-espresso-house-blend";"2026-08-11"
"Paper Coffee & Chocolate";"Kısmi doğrulama";"Desenli Kahve Çuvalı";"Menşe belirtilmemiş";"69000";"90";"1.3";"Stokta";"https://paperroastingcoffee.com/desenli-kahve-cuvali";"2026-08-11"
"Paper Coffee & Chocolate";"Kısmi doğrulama";"Desenli Kahve Çuvalı";"Menşe belirtilmemiş";"69000";"1000";"14.49";"Belirsiz";"https://paperroastingcoffee.com/desenli-kahve-cuvali";"2026-08-11"
"Paper Coffee & Chocolate";"Kısmi doğrulama";"ESPRESSO - Brazil Cerrado Natural";"Brezilya";"Erişilemedi";"1000";"Erişilemedi";"Belirsiz";"https://paperroastingcoffee.com/espresso---brazil-cerrado-natural";"2026-08-11"
"Paper Coffee & Chocolate";"Kısmi doğrulama";"Espresso - Ethiopia Yirgacheffe Washed";"Etiyopya";"Erişilemedi";"1000";"Erişilemedi";"Belirsiz";"https://paperroastingcoffee.com/espresso-ethiopia-yirgacheffe-washed";"2026-08-11"
"Paper Coffee & Chocolate";"Kısmi doğrulama";"Espresso Yirgacheffe Washed";"Etiyopya";"Erişilemedi";"1000";"Erişilemedi";"Belirsiz";"https://paperroastingcoffee.com/natural-espresso-yirgacheffe-washed";"2026-08-11"
"Paper Coffee & Chocolate";"Kısmi doğrulama";"Ethiopia Sidamo Natural - Kapsül Kahve";"Etiyopya";"55";"289";"5254.55";"Stokta";"https://paperroastingcoffee.com/ethiopia-sidamo-natural---kapsul-kahve";"2026-08-11"
"Paper Coffee & Chocolate";"Kısmi doğrulama";"Ethiopia Sidamo Natural - Kapsül Kahve";"Etiyopya";"55";"1000";"18181.82";"Belirsiz";"https://paperroastingcoffee.com/ethiopia-sidamo-natural---kapsul-kahve";"2026-08-11"
"Paper Coffee & Chocolate";"Kısmi doğrulama";"Ethiopia Yirgacheffe Washed";"Etiyopya";"Erişilemedi";"1000";"Erişilemedi";"Belirsiz";"https://paperroastingcoffee.com/ethiopia-yirgacheffe-washed-1";"2026-08-11"
"Paper Coffee & Chocolate";"Kısmi doğrulama";"Guess? Espresso Blend";"Harman – menşe belirtilmemiş";"Erişilemedi";"1000";"Erişilemedi";"Belirsiz";"https://paperroastingcoffee.com/guess-espresso-blend-250-gr-1";"2026-08-11"
"Paper Coffee & Chocolate";"Kısmi doğrulama";"Guess? Espresso Blend - Kapsül Kahve";"Harman – menşe belirtilmemiş";"55";"279";"5072.73";"Stokta";"https://paperroastingcoffee.com/guess-espresso-blend---kapsul-kahve";"2026-08-11"
"Paper Coffee & Chocolate";"Kısmi doğrulama";"Guess? Espresso Blend - Kapsül Kahve";"Harman – menşe belirtilmemiş";"55";"1000";"18181.82";"Belirsiz";"https://paperroastingcoffee.com/guess-espresso-blend---kapsul-kahve";"2026-08-11"
"Paper Coffee & Chocolate";"Kısmi doğrulama";"Kahve Aboneliği (6 Aylık)";"Menşe belirtilmemiş";"1000";"3700";"3700";"Stokta";"https://paperroastingcoffee.com/kahve-aboneligi-6-aylik";"2026-08-11"
"Paper Coffee & Chocolate";"Kısmi doğrulama";"Kahve Aboneliği (6 Aylık)";"Menşe belirtilmemiş";"1000";"1000";"1000";"Belirsiz";"https://paperroastingcoffee.com/kahve-aboneligi-6-aylik";"2026-08-11"
"Paper Coffee & Chocolate";"Kısmi doğrulama";"Kitap - Nitelikli Kahve 3. Basım - Uğur Asilsoy";"Menşe belirtilmemiş";"Erişilemedi";"1000";"Erişilemedi";"Belirsiz";"https://paperroastingcoffee.com/kitap-nitelikli-kahve-ugur-asilsoy";"2026-08-11"
"Paper Coffee & Chocolate";"Kısmi doğrulama";"Mixed Fruit Box - 200 gr";"Menşe belirtilmemiş";"200";"650";"3250";"Stokta";"https://paperroastingcoffee.com/mixed-fruit-box";"2026-08-11"
"Paper Coffee & Chocolate";"Kısmi doğrulama";"Mixed Fruit Box - 200 gr";"Menşe belirtilmemiş";"200";"1000";"5000";"Belirsiz";"https://paperroastingcoffee.com/mixed-fruit-box";"2026-08-11"
"Paper Coffee & Chocolate";"Kısmi doğrulama";"Paper Chocolate - El Salvador La Carrera %25 Kakao Nibi - Sütlü Çikolata";"El Salvador";"Erişilemedi";"1000";"Erişilemedi";"Belirsiz";"https://paperroastingcoffee.com/paper-chocolate-el-salvador-la-carrera-25-sutlu";"2026-08-11"
"Paper Coffee & Chocolate";"Kısmi doğrulama";"Paper Chocolate - El Salvador La Carrera %70 Kakao Nibi - Bitter Çikolata";"El Salvador";"Erişilemedi";"1000";"Erişilemedi";"Belirsiz";"https://paperroastingcoffee.com/paper-chocolate-el-salvador-la-carrera-70-kakao-nibi-bitter-cikolata";"2026-08-11"
"Paper Coffee & Chocolate";"Kısmi doğrulama";"SCA BARISTA SKILLS - INTERMEDIATE (5-6 EYLÜL)";"Menşe belirtilmemiş";"Erişilemedi";"1000";"Erişilemedi";"Belirsiz";"https://paperroastingcoffee.com/sca-barista-skills-intermediate-15-16-mayis";"2026-08-11"
"Paper Coffee & Chocolate";"Kısmi doğrulama";"SCA Sensory Skills - FOUNDATION (23 AĞUSTOS)";"Menşe belirtilmemiş";"Erişilemedi";"1000";"Erişilemedi";"Belirsiz";"https://paperroastingcoffee.com/sca-brewing-foundation-8-mayis";"2026-08-11"
"Paper Coffee & Chocolate";"Kısmi doğrulama";"SCA Sensory Skills - INTERMEDIATE (1-2 AĞUSTOS)";"Menşe belirtilmemiş";"Erişilemedi";"1000";"Erişilemedi";"Belirsiz";"https://paperroastingcoffee.com/sca-sensory-skills-foundation-9-mayis-1";"2026-08-11"
"Paper Coffee & Chocolate";"Kısmi doğrulama";"Super Special - Colombia Cafe Granja La Espreanza Potosi XO";"Kolombiya";"Erişilemedi";"1000";"Erişilemedi";"Belirsiz";"https://paperroastingcoffee.com/super-special---colombia-cafe-granja-la-espreanza-potosi-xo---250-gr";"2026-08-11"
"Paper Coffee & Chocolate";"Kısmi doğrulama";"Time More Black Mirror Basic 3 Scale | Hassas Tartı";"Menşe belirtilmemiş";"Erişilemedi";"1000";"Erişilemedi";"Belirsiz";"https://paperroastingcoffee.com/time-more-black-mirror-basic-3-scale-hassas-tarti";"2026-08-11"
"Paper Coffee & Chocolate";"Kısmi doğrulama";"Türk Kahvesi";"Brezilya";"Erişilemedi";"1000";"Erişilemedi";"Belirsiz";"https://paperroastingcoffee.com/turk-kahvesi-250-gr-1";"2026-08-11"
"Paper Coffee & Chocolate";"Kısmi doğrulama";"Whose? Filter Blend";"Harman – menşe belirtilmemiş";"Erişilemedi";"1000";"Erişilemedi";"Belirsiz";"https://paperroastingcoffee.com/whose-filter-blend-250gr-1-1";"2026-08-11"
"Paper Coffee & Chocolate";"Kısmi doğrulama";"Wilfa - Aroma Konik Dişli Kahve Öğütücü - CGWS-130B";"Menşe belirtilmemiş";"Erişilemedi";"1000";"Erişilemedi";"Belirsiz";"https://paperroastingcoffee.com/wilfa---aroma-konik-disli-kahve-ogutucu---cgws-130b";"2026-08-11"
"Paper Coffee & Chocolate";"Kısmi doğrulama";"Wilfa - Uniform 58mm Flat Dişli Kahve Öğütücü - Gümüş";"Menşe belirtilmemiş";"Erişilemedi";"1000";"Erişilemedi";"Belirsiz";"https://paperroastingcoffee.com/wilfa---uniform-58mm-flat-disli-kahve-ogutucu---gumus";"2026-08-11"
"Paper Coffee & Chocolate";"Kısmi doğrulama";"Wilfa - Uniform+ 58mm Flat Dişli Tartılı Kahve Öğütücü - Siyah";"Menşe belirtilmemiş";"Erişilemedi";"1000";"Erişilemedi";"Belirsiz";"https://paperroastingcoffee.com/wilfa---uniform-58mm-flat-disli-tartili-kahve-ogutucu---siyah";"2026-08-11"
"Parsa Coffee Roasters";"Doğrulandı";"Brazil Irmas Pereira";"Brezilya";"Erişilemedi";"1000";"Erişilemedi";"Belirsiz";"https://parsacoffeeroasters.com/en/kahve/101";"2026-08-11"
"Parsa Coffee Roasters";"Doğrulandı";"Choosing the Right Coffee Beans";"Menşe belirtilmemiş";"Erişilemedi";"1000";"Erişilemedi";"Belirsiz";"https://parsacoffeeroasters.com/en/gunluk/N%C2%B001";"2026-08-11"
"Parsa Coffee Roasters";"Doğrulandı";"Colombia Jairo Arcila";"Kolombiya";"Erişilemedi";"1000";"Erişilemedi";"Belirsiz";"https://parsacoffeeroasters.com/en/kahve/119";"2026-08-11"
"Parsa Coffee Roasters";"Doğrulandı";"Colombia Santa Monica Lulo";"Kolombiya";"Erişilemedi";"1000";"Erişilemedi";"Belirsiz";"https://parsacoffeeroasters.com/en/kahve/118";"2026-08-11"
"Parsa Coffee Roasters";"Doğrulandı";"Connect Share";"Etiyopya | Kolombiya | Brezilya";"Erişilemedi";"1000";"Erişilemedi";"Belirsiz";"https://parsacoffeeroasters.com/en/connect";"2026-08-11"
"Parsa Coffee Roasters";"Doğrulandı";"Contact";"Etiyopya | Kolombiya | Brezilya";"Erişilemedi";"1000";"Erişilemedi";"Belirsiz";"https://parsacoffeeroasters.com/en/iletisim";"2026-08-11"
"Parsa Coffee Roasters";"Doğrulandı";"CVA Form Coffee Evaluation System";"Menşe belirtilmemiş";"Erişilemedi";"1000";"Erişilemedi";"Belirsiz";"https://parsacoffeeroasters.com/en/gunluk/N%C2%B003";"2026-08-11"
"Parsa Coffee Roasters";"Doğrulandı";"Defter&#x27; den .";"Etiyopya | Kolombiya | Brezilya";"Erişilemedi";"1000";"Erişilemedi";"Belirsiz";"https://parsacoffeeroasters.com/tr/gunluk";"2026-08-11"
"Parsa Coffee Roasters";"Doğrulandı";"Doğru Kahve Çekirdeklerini Seçmek";"Menşe belirtilmemiş";"Erişilemedi";"1000";"Erişilemedi";"Belirsiz";"https://parsacoffeeroasters.com/tr/gunluk/N%C2%B001";"2026-08-11"
"Parsa Coffee Roasters";"Doğrulandı";"Ethiopia Guji";"Etiyopya";"Erişilemedi";"1000";"Erişilemedi";"Belirsiz";"https://parsacoffeeroasters.com/en/kahve/110";"2026-08-11"
"Parsa Coffee Roasters";"Doğrulandı";"Ethiopia Hambella Bella";"Etiyopya";"Erişilemedi";"1000";"Erişilemedi";"Belirsiz";"https://parsacoffeeroasters.com/en/kahve/112";"2026-08-11"
"Parsa Coffee Roasters";"Doğrulandı";"Ethiopia Lalesa";"Etiyopya";"Erişilemedi";"1000";"Erişilemedi";"Belirsiz";"https://parsacoffeeroasters.com/en/kahve/113";"2026-08-11"
"Parsa Coffee Roasters";"Doğrulandı";"Ethiopia Yirgacheffe Danche";"Etiyopya";"Erişilemedi";"1000";"Erişilemedi";"Belirsiz";"https://parsacoffeeroasters.com/en/kahve/111";"2026-08-11"
"Parsa Coffee Roasters";"Doğrulandı";"Favorilerim";"Etiyopya | Kolombiya | Brezilya";"Erişilemedi";"1000";"Erişilemedi";"Belirsiz";"https://parsacoffeeroasters.com/tr/favoriler";"2026-08-11"
"Parsa Coffee Roasters";"Doğrulandı";"From the notebook .";"Etiyopya | Kolombiya | Brezilya";"Erişilemedi";"1000";"Erişilemedi";"Belirsiz";"https://parsacoffeeroasters.com/en/gunluk";"2026-08-11"
"Parsa Coffee Roasters";"Doğrulandı";"Geisha Floral Symphony";"Menşe belirtilmemiş";"Erişilemedi";"1000";"Erişilemedi";"Belirsiz";"https://parsacoffeeroasters.com/en/kahve/121";"2026-08-11"
"Parsa Coffee Roasters";"Doğrulandı";"Guatemala Oriente";"Guatemala";"Erişilemedi";"1000";"Erişilemedi";"Belirsiz";"https://parsacoffeeroasters.com/en/kahve/103";"2026-08-11"
"Parsa Coffee Roasters";"Doğrulandı";"Indonesia Solara";"Endonezya";"Erişilemedi";"1000";"Erişilemedi";"Belirsiz";"https://parsacoffeeroasters.com/en/kahve/116";"2026-08-11"
"Parsa Coffee Roasters";"Doğrulandı";"İletişim";"Etiyopya | Kolombiya | Brezilya";"Erişilemedi";"1000";"Erişilemedi";"Belirsiz";"https://parsacoffeeroasters.com/tr/iletisim";"2026-08-11"
"Parsa Coffee Roasters";"Doğrulandı";"Mağaza · Parsa Coffee Roasters";"Etiyopya | Kolombiya | Brezilya";"1000";"1000";"1000";"Belirsiz";"https://parsacoffeeroasters.com/tr/magaza";"2026-08-11"
"Parsa Coffee Roasters";"Doğrulandı";"My Wishlist";"Etiyopya | Kolombiya | Brezilya";"Erişilemedi";"1000";"Erişilemedi";"Belirsiz";"https://parsacoffeeroasters.com/en/favoriler";"2026-08-11"
"Parsa Coffee Roasters";"Doğrulandı";"Nitekli Kahvenin Geleceği";"Menşe belirtilmemiş";"Erişilemedi";"1000";"Erişilemedi";"Belirsiz";"https://parsacoffeeroasters.com/tr/gunluk/N%C2%B002";"2026-08-11"
"Parsa Coffee Roasters";"Doğrulandı";"Opal Geisha";"Menşe belirtilmemiş";"Erişilemedi";"1000";"Erişilemedi";"Belirsiz";"https://parsacoffeeroasters.com/en/kahve/122";"2026-08-11"
"Parsa Coffee Roasters";"Doğrulandı";"Parsa Coffee Roasters · Specialty Coffee, İstanbul · Parsa Coffee Roasters";"Etiyopya | Kolombiya | Brezilya";"Erişilemedi";"1000";"Erişilemedi";"Belirsiz";"https://parsacoffeeroasters.com/en";"2026-08-11"
"Parsa Coffee Roasters";"Doğrulandı";"Parsa Coffee Roasters · Taze Kavrum, İstanbul Beyoğlu · Parsa Coffee Roasters";"Etiyopya | Kolombiya | Brezilya";"Erişilemedi";"1000";"Erişilemedi";"Belirsiz";"https://parsacoffeeroasters.com/tr";"2026-08-11"
"Parsa Coffee Roasters";"Doğrulandı";"Peru Pichanaki";"Peru";"Erişilemedi";"1000";"Erişilemedi";"Belirsiz";"https://parsacoffeeroasters.com/en/kahve/102";"2026-08-11"
"Parsa Coffee Roasters";"Doğrulandı";"Rwanda Akagera";"Ruanda";"Erişilemedi";"1000";"Erişilemedi";"Belirsiz";"https://parsacoffeeroasters.com/en/kahve/117";"2026-08-11"
"Parsa Coffee Roasters";"Doğrulandı";"Sohbet Paylaşım";"Etiyopya | Kolombiya | Brezilya";"Erişilemedi";"1000";"Erişilemedi";"Belirsiz";"https://parsacoffeeroasters.com/tr/connect";"2026-08-11"
"Parsa Coffee Roasters";"Doğrulandı";"The Future of Specialty Coffee";"Menşe belirtilmemiş";"Erişilemedi";"1000";"Erişilemedi";"Belirsiz";"https://parsacoffeeroasters.com/en/gunluk/N%C2%B002";"2026-08-11"
"Parsa Coffee Roasters";"Doğrulandı";"Through the years, with patience.";"Etiyopya | Kolombiya | Brezilya";"Erişilemedi";"1000";"Erişilemedi";"Belirsiz";"https://parsacoffeeroasters.com/en/basarilar";"2026-08-11"
"Parsa Coffee Roasters";"Doğrulandı";"Toptan";"Etiyopya | Kolombiya | Brezilya";"Erişilemedi";"1000";"Erişilemedi";"Belirsiz";"https://parsacoffeeroasters.com/tr/toptan";"2026-08-11"
"Parsa Coffee Roasters";"Doğrulandı";"Wholesale";"Etiyopya | Kolombiya | Brezilya";"Erişilemedi";"1000";"Erişilemedi";"Belirsiz";"https://parsacoffeeroasters.com/en/toptan";"2026-08-11"
"Parsa Coffee Roasters";"Doğrulandı";"Yıllar boyunca, sabırla.";"Etiyopya | Kolombiya | Brezilya";"Erişilemedi";"1000";"Erişilemedi";"Belirsiz";"https://parsacoffeeroasters.com/tr/basarilar";"2026-08-11"
"Parsa Coffee Roasters";"Doğrulandı";"Yirgacheffe — Çiftliğin Hikayesi";"Etiyopya";"Erişilemedi";"1000";"Erişilemedi";"Belirsiz";"https://parsacoffeeroasters.com/tr/gunluk/N%C2%B003";"2026-08-11"
"People of Coffee";"Doğrulandı";"Ürün kataloğu — ayrıntılı ürün verisine erişilemedi";"Erişilemedi";"Erişilemedi";"Erişilemedi";"Erişilemedi";"Erişilemedi";"https://www.peopleofcoffee.com.tr/";"2026-08-11"
"Perkup Coffee";"Kısmi doğrulama";"Don't Give Up The Fight Blend Çikolata - 100gr";"Harman – menşe belirtilmemiş";"100";"Erişilemedi";"Erişilemedi";"Belirsiz";"https://perkupcoffee.co/products/dont-give-up-the-fight-blend-cikolata-100gr";"2026-08-11"
"Perkup Coffee";"Kısmi doğrulama";"Endonezya Sumatra Blue Mandheling (Orang Utan) - 250gr";"Endonezya";"250";"Erişilemedi";"Erişilemedi";"Belirsiz";"https://perkupcoffee.co/products/endonezya-sumatra-blue-mandheling-orang-utan-250gr";"2026-08-11"
"Perkup Coffee";"Kısmi doğrulama";"Etiyopya Guji Hambela Bontiana";"Etiyopya";"Erişilemedi";"Erişilemedi";"Erişilemedi";"Belirsiz";"https://perkupcoffee.co/products/etiyopya-guji-hambela-bontiana";"2026-08-11"
"Perkup Coffee";"Kısmi doğrulama";"Etiyopya Kochere Burtukaana – 100gr";"Etiyopya";"100";"Erişilemedi";"Erişilemedi";"Belirsiz";"https://perkupcoffee.co/products/etiyopya-kochere-burtukaana-100gr-kahve";"2026-08-11"
"Perkup Coffee";"Kısmi doğrulama";"Etiyopya Yirgacheffe Banko Gotiti - 250gr";"Etiyopya";"250";"550";"2200";"Stokta";"https://perkupcoffee.co/products/etiyopya-yirgacheffe-banko-gotiti-250gr";"2026-08-11"
"Perkup Coffee";"Kısmi doğrulama";"Guatemala Huehuetenango – 250 gr";"Guatemala | Meksika";"250";"580";"2320";"Stokta";"https://perkupcoffee.co/products/guatemala-huehuetenango-250-gr";"2026-08-11"
"Perkup Coffee";"Kısmi doğrulama";"Kenya Nyeri Kiandu AA";"Kenya";"100";"240";"2400";"Stokta";"https://perkupcoffee.co/products/kenya-nyeri-kiandu-aa-100-gr";"2026-08-11"
"Perkup Coffee";"Kısmi doğrulama";"Kenya Nyeri Kiandu AA";"Kenya";"250";"580";"2320";"Stokta";"https://perkupcoffee.co/products/kenya-nyeri-kiandu-aa-100-gr";"2026-08-11"
"Perkup Coffee";"Kısmi doğrulama";"Kenya Nyeri Kiandu AA";"Kenya";"250";"550";"2200";"Stokta";"https://perkupcoffee.co/products/kenya-nyeri-kiandu-aa-100-gr";"2026-08-11"
"Perkup Coffee";"Kısmi doğrulama";"Kolombiya Felice Medellin – 250 gr";"Kolombiya";"250";"550";"2200";"Stokta";"https://perkupcoffee.co/products/kolombiya-felice-medellin-250-gr";"2026-08-11"
"Perkup Coffee";"Kısmi doğrulama";"Kolombiya Huila Çikolata- 100gr";"Kolombiya";"100";"Erişilemedi";"Erişilemedi";"Belirsiz";"https://perkupcoffee.co/products/kolombiya-huila-cikolata-100gr";"2026-08-11"
"Perkup Coffee";"Kısmi doğrulama";"Kolombiya Huila Finca El Puente";"Kolombiya";"Erişilemedi";"Erişilemedi";"Erişilemedi";"Belirsiz";"https://perkupcoffee.co/products/kolombiya-huila-finca-el-puente";"2026-08-11"
"Perkup Coffee";"Kısmi doğrulama";"Madagaskar Sambirano No.1 Çikolata - 100gr";"Menşe belirtilmemiş";"100";"Erişilemedi";"Erişilemedi";"Belirsiz";"https://perkupcoffee.co/products/madagaskar-sambirano-no-1-cikolata-100gr";"2026-08-11"
"Perkup Coffee";"Kısmi doğrulama";"Nikaragua Finca Los Congos – 250gr";"Nikaragua";"250";"560";"2240";"Stokta";"https://perkupcoffee.co/products/nikaragua-finca-los-congos-250gr";"2026-08-11"
"Perkup Coffee";"Kısmi doğrulama";"Papua Yeni Gine Markham Çikolata - 100gr";"Menşe belirtilmemiş";"100";"Erişilemedi";"Erişilemedi";"Belirsiz";"https://perkupcoffee.co/products/papua-yeni-gine-markham-cikolata-100gr";"2026-08-11"
"Perkup Coffee";"Kısmi doğrulama";"Peru San Martin Çikolata - 100gr";"Peru";"100";"Erişilemedi";"Erişilemedi";"Belirsiz";"https://perkupcoffee.co/products/peru-san-martin-cikolata-100gr";"2026-08-11"
"Perkup Coffee";"Kısmi doğrulama";"Shot Up - Espresso Blend – 250 gr";"Kolombiya | Brezilya";"250";"540";"2160";"Stokta";"https://perkupcoffee.co/products/shot-up-espresso-blend-250-gr";"2026-08-11"
"Perkup Coffee";"Kısmi doğrulama";"Tanzanya Karatu Estate – 250gr";"Tanzanya";"250";"510";"2040";"Stokta";"https://perkupcoffee.co/products/tanzanya-karatu-estate-250gr";"2026-08-11"
"Perkup Coffee";"Kısmi doğrulama";"Türk Kahvesi Harmanı – 250 gr.";"Etiyopya | Brezilya";"250";"390";"1560";"Stokta";"https://perkupcoffee.co/products/turk-kahvesi-harmani-250-gr";"2026-08-11"
"Perkup Coffee";"Kısmi doğrulama";"Wake Up - Filter Blend – 250 gr";"Kenya | Guatemala | Tanzanya";"250";"560";"2240";"Stokta";"https://perkupcoffee.co/products/wake-up-filter-blend-250-gr";"2026-08-11"
"Petra Coffee";"Doğrulandı";"3'lü Etiyopya Tadım Paketi";"Etiyopya";"Erişilemedi";"780";"Erişilemedi";"Stokta";"https://www.petracoffee.com/products/3lu-etiyopya-tadim-paketi";"2026-08-11"
"Petra Coffee";"Doğrulandı";"ACME";"Menşe belirtilmemiş";"250";"675";"2700";"Stokta";"https://www.petracoffee.com/products/acme";"2026-08-11"
"Petra Coffee";"Doğrulandı";"ACME";"Menşe belirtilmemiş";"500";"1350";"2700";"Stokta";"https://www.petracoffee.com/products/acme";"2026-08-11"
"Petra Coffee";"Doğrulandı";"ACME 2.5KG";"Menşe belirtilmemiş";"2500";"6075";"2430";"Stokta";"https://www.petracoffee.com/products/acme-2-5kg";"2026-08-11"
"Petra Coffee";"Doğrulandı";"ACME Kapsül";"Harman – menşe belirtilmemiş";"Erişilemedi";"339";"Erişilemedi";"Stokta";"https://www.petracoffee.com/products/acme-kapsul-10lu";"2026-08-11"
"Petra Coffee";"Doğrulandı";"ACME Kapsül";"Harman – menşe belirtilmemiş";"Erişilemedi";"915";"Erişilemedi";"Stokta";"https://www.petracoffee.com/products/acme-kapsul-10lu";"2026-08-11"
"Petra Coffee";"Doğrulandı";"Aşırı Kolay Cold Brew";"Menşe belirtilmemiş";"Erişilemedi";"150";"Erişilemedi";"Stokta";"https://www.petracoffee.com/products/ready-to-brew-cold-brew-coffee";"2026-08-11"
"Petra Coffee";"Doğrulandı";"Cam Şişede 4’lü Cold Brew";"Menşe belirtilmemiş";"Erişilemedi";"1500";"Erişilemedi";"Stokta";"https://www.petracoffee.com/products/cam-sisede-cold-brew";"2026-08-11"
"Petra Coffee";"Doğrulandı";"Etiyopya Bildimoo Bensa Bombe #4";"Etiyopya";"250";"1150";"4600";"Stokta";"https://www.petracoffee.com/products/etiyopya-bildimoo-bensa-bombe-4";"2026-08-11"
"Petra Coffee";"Doğrulandı";"Etiyopya Bildimoo Bensa Bombe #4";"Etiyopya";"500";"2300";"4600";"Stokta";"https://www.petracoffee.com/products/etiyopya-bildimoo-bensa-bombe-4";"2026-08-11"
"Petra Coffee";"Doğrulandı";"Etiyopya Bildimoo Bensa Bombe #4";"Etiyopya";"2500";"10350";"4140";"Stokta";"https://www.petracoffee.com/products/etiyopya-bildimoo-bensa-bombe-4";"2026-08-11"
"Petra Coffee";"Doğrulandı";"Guatemala Abraço";"Guatemala";"250";"750";"3000";"Stokta";"https://www.petracoffee.com/products/guatemala-asodiet-coop";"2026-08-11"
"Petra Coffee";"Doğrulandı";"Guatemala Abraço";"Guatemala";"500";"1500";"3000";"Stokta";"https://www.petracoffee.com/products/guatemala-asodiet-coop";"2026-08-11"
"Petra Coffee";"Doğrulandı";"Guatemala Abraço";"Guatemala";"2500";"6750";"2700";"Stokta";"https://www.petracoffee.com/products/guatemala-asodiet-coop";"2026-08-11"
"Petra Coffee";"Doğrulandı";"Guatemala La Colina";"Guatemala";"250";"1020";"4080";"Stokta";"https://www.petracoffee.com/products/guatemala-la-colina";"2026-08-11"
"Petra Coffee";"Doğrulandı";"Guatemala La Colina";"Guatemala";"500";"2040";"4080";"Stokta";"https://www.petracoffee.com/products/guatemala-la-colina";"2026-08-11"
"Petra Coffee";"Doğrulandı";"Guatemala La Colina";"Guatemala";"2500";"9180";"3672";"Stokta";"https://www.petracoffee.com/products/guatemala-la-colina";"2026-08-11"
"Petra Coffee";"Doğrulandı";"Guatemala Las Penas";"Guatemala";"250";"870";"3480";"Stokta";"https://www.petracoffee.com/products/guatemala-las-penas-2";"2026-08-11"
"Petra Coffee";"Doğrulandı";"Guatemala Las Penas";"Guatemala";"500";"1740";"3480";"Stokta";"https://www.petracoffee.com/products/guatemala-las-penas-2";"2026-08-11"
"Petra Coffee";"Doğrulandı";"Guatemala Las Penas";"Guatemala";"2500";"8730";"3492";"Stokta";"https://www.petracoffee.com/products/guatemala-las-penas-2";"2026-08-11"
"Petra Coffee";"Doğrulandı";"Hediye Çeki";"Menşe belirtilmemiş";"Erişilemedi";"495";"Erişilemedi";"Stokta";"https://www.petracoffee.com/products/petra-apocalyptic-gift-card";"2026-08-11"
"Petra Coffee";"Doğrulandı";"Hediye Çeki";"Menşe belirtilmemiş";"Erişilemedi";"715";"Erişilemedi";"Stokta";"https://www.petracoffee.com/products/petra-apocalyptic-gift-card";"2026-08-11"
"Petra Coffee";"Doğrulandı";"Hediye Çeki";"Menşe belirtilmemiş";"Erişilemedi";"1220";"Erişilemedi";"Stokta";"https://www.petracoffee.com/products/petra-apocalyptic-gift-card";"2026-08-11"
"Petra Coffee";"Doğrulandı";"Hediye Çeki";"Menşe belirtilmemiş";"Erişilemedi";"2285";"Erişilemedi";"Stokta";"https://www.petracoffee.com/products/petra-apocalyptic-gift-card";"2026-08-11"
"Petra Coffee";"Doğrulandı";"Hediye Çeki";"Menşe belirtilmemiş";"Erişilemedi";"2860";"Erişilemedi";"Stokta";"https://www.petracoffee.com/products/petra-apocalyptic-gift-card";"2026-08-11"
"Petra Coffee";"Doğrulandı";"KOYU";"Harman – menşe belirtilmemiş";"250";"750";"3000";"Stokta";"https://www.petracoffee.com/products/koyu";"2026-08-11"
"Petra Coffee";"Doğrulandı";"KOYU";"Harman – menşe belirtilmemiş";"500";"1500";"3000";"Stokta";"https://www.petracoffee.com/products/koyu";"2026-08-11"
"Petra Coffee";"Doğrulandı";"KOYU 2.5KG";"Harman – menşe belirtilmemiş";"2500";"6750";"2700";"Stokta";"https://www.petracoffee.com/products/koyu-2-5kg";"2026-08-11"
"Petra Coffee";"Doğrulandı";"Long Shot Kapsül";"Menşe belirtilmemiş";"Erişilemedi";"339";"Erişilemedi";"Stokta";"https://www.petracoffee.com/products/long-shot-kapsul-10lu";"2026-08-11"
"Petra Coffee";"Doğrulandı";"Long Shot Kapsül";"Menşe belirtilmemiş";"Erişilemedi";"915";"Erişilemedi";"Stokta";"https://www.petracoffee.com/products/long-shot-kapsul-10lu";"2026-08-11"
"Petra Coffee";"Doğrulandı";"Petra Breakfast Tea";"Menşe belirtilmemiş";"Erişilemedi";"380";"Erişilemedi";"Stokta";"https://www.petracoffee.com/products/petra-breakfast-tea";"2026-08-11"
"Petra Coffee";"Doğrulandı";"Petra Kapsül Tanışma Paketi (3'lü)";"Harman – menşe belirtilmemiş";"Erişilemedi";"1057";"Erişilemedi";"Stokta";"https://www.petracoffee.com/products/petra-nitelikli-kapsuller-3lu-paket";"2026-08-11"
"Petra Coffee";"Doğrulandı";"Sweet Blend Kapsül";"Harman – menşe belirtilmemiş";"Erişilemedi";"379";"Erişilemedi";"Stokta";"https://www.petracoffee.com/products/sweet-blend-kapsul-10lu";"2026-08-11"
"Petra Coffee";"Doğrulandı";"Sweet Blend Kapsül";"Harman – menşe belirtilmemiş";"Erişilemedi";"1024";"Erişilemedi";"Stokta";"https://www.petracoffee.com/products/sweet-blend-kapsul-10lu";"2026-08-11"
"Petrikor Coffee";"Kısmi doğrulama";"Ürün kataloğu — ayrıntılı ürün verisine erişilemedi";"Erişilemedi";"Erişilemedi";"Erişilemedi";"Erişilemedi";"Erişilemedi";"Erişilemedi";"2026-08-11"
"Poka Coffee Roasters";"Doğrulandı";"BREZILYA CERRADO JAGUAR";"Brezilya";"Erişilemedi";"480";"Erişilemedi";"Stokta";"https://poka.coffee/urun/yeni-brezilya-cerrado-jaguar/";"2026-08-11"
"Poka Coffee Roasters";"Doğrulandı";"COLOMBIA SUPREMO MEDELLIN";"Kolombiya";"Erişilemedi";"480";"Erişilemedi";"Stokta";"https://poka.coffee/urun/colombia-supremo-medellin/";"2026-08-11"
"Poka Coffee Roasters";"Doğrulandı";"DECAF (KAFEİNSİZ) MEKSİKA";"Menşe belirtilmemiş";"Erişilemedi";"520";"Erişilemedi";"Stokta";"https://poka.coffee/urun/decaf-kafeinsiz-meksika/";"2026-08-11"
"Poka Coffee Roasters";"Doğrulandı";"ETHIOPIA NENSEBO REFISA";"Etiyopya";"Erişilemedi";"650";"Erişilemedi";"Stokta";"https://poka.coffee/urun/yeni-ethiopia-nensebo-refisa/";"2026-08-11"
"Poka Coffee Roasters";"Doğrulandı";"ETHIOPIA SIDAMA TOP G2";"Etiyopya";"Erişilemedi";"620";"Erişilemedi";"Stokta";"https://poka.coffee/urun/yeni-ethiopia-chelchele-gedeb/";"2026-08-11"
"Poka Coffee Roasters";"Doğrulandı";"GUATEMALA ANTIGUA";"Guatemala";"Erişilemedi";"530";"Erişilemedi";"Stokta";"https://poka.coffee/urun/guatemala-antigua/";"2026-08-11"
"Poka Coffee Roasters";"Doğrulandı";"KENYA NYERI / AA";"Kenya";"Erişilemedi";"540";"Erişilemedi";"Stokta";"https://poka.coffee/urun/kenya-nyeri-aa/";"2026-08-11"
"Poka Coffee Roasters";"Doğrulandı";"NICARAGUA SHG EP SAN JOSE ESTATE";"Nikaragua";"Erişilemedi";"600";"Erişilemedi";"Stokta";"https://poka.coffee/urun/nicaragua-shg-ep-san-jose-estate/";"2026-08-11"
"Poka Coffee Roasters";"Doğrulandı";"PERU CHANCHAMAYO";"Peru";"Erişilemedi";"530";"Erişilemedi";"Stokta";"https://poka.coffee/urun/peru-chanchamayo/";"2026-08-11"
"Poka Coffee Roasters";"Doğrulandı";"Poka Cold Brew (Şişe Dahil)(İçilmeye Hazır)";"Menşe belirtilmemiş";"Erişilemedi";"375";"Erişilemedi";"Stokta";"https://poka.coffee/urun/poka-cold-brew-sise-dahilicilmeye-hazir/";"2026-08-11"
"Poka Coffee Roasters";"Doğrulandı";"POKA ESPRESSO BLEND";"Etiyopya | Kolombiya | Peru";"Erişilemedi";"480";"Erişilemedi";"Stokta";"https://poka.coffee/urun/espresso-blend/";"2026-08-11"
"Poka Coffee Roasters";"Doğrulandı";"POKA FİLTRE KAHVE";"Menşe belirtilmemiş";"Erişilemedi";"480";"Erişilemedi";"Stokta";"https://poka.coffee/urun/poka-filtre-kahve/";"2026-08-11"
"Poka Coffee Roasters";"Doğrulandı";"Poka Kızı Kahve Kupası";"Menşe belirtilmemiş";"Erişilemedi";"215";"Erişilemedi";"Stokta";"https://poka.coffee/urun/poka-kizi-kahve-kupasi/";"2026-08-11"
"Poka Coffee Roasters";"Doğrulandı";"Toptan Giriş";"Menşe belirtilmemiş";"Erişilemedi";"12877.5";"Erişilemedi";"Stokta";"https://poka.coffee/urun/toptan-giris/";"2026-08-11"
"Poka Coffee Roasters";"Doğrulandı";"TÜRK KAHVESİ HARMANI";"Etiyopya | Kolombiya | Brezilya";"Erişilemedi";"400";"Erişilemedi";"Stokta";"https://poka.coffee/urun/turk-kahvesi-harmani/";"2026-08-11"
"Poka Coffee Roasters";"Doğrulandı";"YENİ BREZİLYA FAZENDA INES ANAEROBİK";"Brezilya";"25";"600";"24000";"Stokta";"https://poka.coffee/urun/yeni-brezilya-fazenda-ines-anaerobik/";"2026-08-11"
"Poka Coffee Roasters";"Doğrulandı";"YENİ COLOMBIA BOURBON WHISKEY BARREL NATURAL";"Kolombiya";"Erişilemedi";"600";"Erişilemedi";"Stokta";"https://poka.coffee/urun/yeni-colombia-narino-anaerobic/";"2026-08-11"
"Posa Coffee";"Doğrulandı";"Brezilya - Mogiana";"Brezilya";"200";"390";"1950";"Stokta";"https://posakahve.com/products/el-salvador-finca-gabriela-kopya";"2026-08-11"
"Posa Coffee";"Doğrulandı";"Brezilya - Mogiana";"Brezilya";"1000";"1750";"1750";"Stokta";"https://posakahve.com/products/el-salvador-finca-gabriela-kopya";"2026-08-11"
"Posa Coffee";"Pilot doğrulaması";"Brezilya Mogiana";"Brezilya";"200";"390";"1950";"Stokta";"https://posakahve.com/products.json?limit=250";"2026-08-11"
"Posa Coffee";"Pilot doğrulaması";"Brezilya Mogiana";"Brezilya";"1000";"1750";"1750";"Stokta";"https://posakahve.com/products.json?limit=250";"2026-08-11"
"Posa Coffee";"Doğrulandı";"Crocodile Blend";"Harman – menşe belirtilmemiş";"200";"370";"1850";"Stokta";"https://posakahve.com/products/crocodile-blend";"2026-08-11"
"Posa Coffee";"Doğrulandı";"Crocodile Blend";"Harman – menşe belirtilmemiş";"1000";"1350";"1350";"Stokta";"https://posakahve.com/products/crocodile-blend";"2026-08-11"
"Posa Coffee";"Doğrulandı";"El Salvador - Finca Gabriela";"El Salvador";"200";"450";"2250";"Stokta";"https://posakahve.com/products/kolombiya-cundinamarca-1";"2026-08-11"
"Posa Coffee";"Doğrulandı";"El Salvador - Finca Gabriela";"El Salvador";"1000";"1600";"1600";"Stokta";"https://posakahve.com/products/kolombiya-cundinamarca-1";"2026-08-11"
"Posa Coffee";"Doğrulandı";"Endonezya - Hanya";"Endonezya";"200";"450";"2250";"Stokta";"https://posakahve.com/products/endonezya";"2026-08-11"
"Posa Coffee";"Doğrulandı";"Endonezya - Hanya";"Endonezya";"1000";"2000";"2000";"Stokta";"https://posakahve.com/products/endonezya";"2026-08-11"
"Posa Coffee";"Pilot doğrulaması";"Endonezya Hanya";"Endonezya";"200";"450";"2250";"Stokta";"https://posakahve.com/products.json?limit=250";"2026-08-11"
"Posa Coffee";"Pilot doğrulaması";"Endonezya Hanya";"Endonezya";"1000";"2000";"2000";"Stokta";"https://posakahve.com/products.json?limit=250";"2026-08-11"
"Posa Coffee";"Doğrulandı";"Etiyopya - Uraga";"Etiyopya";"200";"650";"3250";"Stokta";"https://posakahve.com/products/etiyopya-uraga";"2026-08-11"
"Posa Coffee";"Doğrulandı";"Etiyopya - Uraga";"Etiyopya";"1000";"2900";"2900";"Stokta";"https://posakahve.com/products/etiyopya-uraga";"2026-08-11"
"Posa Coffee";"Pilot doğrulaması";"Etiyopya Uraga";"Etiyopya";"200";"650";"3250";"Stokta";"https://posakahve.com/products.json?limit=250";"2026-08-11"
"Posa Coffee";"Pilot doğrulaması";"Etiyopya Uraga";"Etiyopya";"1000";"2900";"2900";"Stokta";"https://posakahve.com/products.json?limit=250";"2026-08-11"
"Posa Coffee";"Doğrulandı";"Kolombiya - Cundinamarca";"Kolombiya";"200";"450";"2250";"Stokta";"https://posakahve.com/products/kolombiya-cundinamarca";"2026-08-11"
"Posa Coffee";"Doğrulandı";"Kolombiya - Cundinamarca";"Kolombiya";"1000";"1620";"1620";"Stokta";"https://posakahve.com/products/kolombiya-cundinamarca";"2026-08-11"
"Posa Coffee";"Pilot doğrulaması";"Kolombiya Cundinamarca";"Kolombiya";"200";"450";"2250";"Stokta";"https://posakahve.com/products.json?limit=250";"2026-08-11"
"Posa Coffee";"Pilot doğrulaması";"Kolombiya Cundinamarca";"Kolombiya";"1000";"1620";"1620";"Stokta";"https://posakahve.com/products.json?limit=250";"2026-08-11"
"Posa Coffee";"Doğrulandı";"Türk Kahvesi";"Harman – menşe belirtilmemiş";"200";"380";"1900";"Stokta";"https://posakahve.com/products/turk-kahvesi";"2026-08-11"
"Posa Coffee";"Doğrulandı";"Türk Kahvesi";"Harman – menşe belirtilmemiş";"1000";"1400";"1400";"Stokta";"https://posakahve.com/products/turk-kahvesi";"2026-08-11"
"Probador Colectiva";"Doğrulandı";"3 PIECES BURLAP COFFEE BAG (SUPPORT UNICEF)";"Menşe belirtilmemiş";"Erişilemedi";"1200";"Erişilemedi";"Belirsiz";"https://probadorcolectiva.com/en/3-pieces-burlap-coffee-bag-support-unicef";"2026-08-11"
"Probador Colectiva";"Doğrulandı";"AFRICAN COFFEES SAMPLE SET 1";"Menşe belirtilmemiş";"Erişilemedi";"Erişilemedi";"Erişilemedi";"Belirsiz";"https://probadorcolectiva.com/en/african-coffees-sample-set-1";"2026-08-11"
"Probador Colectiva";"Doğrulandı";"AFRICAN COFFEES SAMPLE SET 2";"Menşe belirtilmemiş";"Erişilemedi";"Erişilemedi";"Erişilemedi";"Belirsiz";"https://probadorcolectiva.com/en/african-coffees-sample-set-2";"2026-08-11"
"Probador Colectiva";"Doğrulandı";"AMERICAN COFFEES SAMPLE SET 1";"Menşe belirtilmemiş";"Erişilemedi";"Erişilemedi";"Erişilemedi";"Belirsiz";"https://probadorcolectiva.com/en/american-coffees-sample-set-1";"2026-08-11"
"Probador Colectiva";"Doğrulandı";"AMERICAN COFFEES SAMPLE SET 2";"Menşe belirtilmemiş";"Erişilemedi";"Erişilemedi";"Erişilemedi";"Belirsiz";"https://probadorcolectiva.com/en/american-coffees-sample-set-2";"2026-08-11"
"Probador Colectiva";"Doğrulandı";"AMERICAN COFFEES SAMPLE SET 3";"Menşe belirtilmemiş";"Erişilemedi";"Erişilemedi";"Erişilemedi";"Belirsiz";"https://probadorcolectiva.com/en/american-coffees-sample-set-3";"2026-08-11"
"Probador Colectiva";"Doğrulandı";"Coffee Subscriptions";"Menşe belirtilmemiş";"Erişilemedi";"Erişilemedi";"Erişilemedi";"Belirsiz";"https://probadorcolectiva.com/en/coffee-subscription";"2026-08-11"
"Probador Colectiva";"Doğrulandı";"ESPRO MICROFILTER FOR COFFEE";"Menşe belirtilmemiş";"Erişilemedi";"11700";"Erişilemedi";"Belirsiz";"https://probadorcolectiva.com/en/espro-microfilter-for-coffee";"2026-08-11"
"Probador Colectiva";"Doğrulandı";"ESPRO MICROFILTER FOR COFFEE 32 OZ";"Menşe belirtilmemiş";"Erişilemedi";"Erişilemedi";"Erişilemedi";"Belirsiz";"https://probadorcolectiva.com/en/espro-microfilter-for-coffee-32-oz";"2026-08-11"
"Probador Colectiva";"Doğrulandı";"ISTABUL COFFEE MAP";"Menşe belirtilmemiş";"Erişilemedi";"Erişilemedi";"Erişilemedi";"Belirsiz";"https://probadorcolectiva.com/en/istabul-coffee-map";"2026-08-11"
"Probador Colectiva";"Doğrulandı";"İSTANBUL KAHVE HARİTASI";"Menşe belirtilmemiş";"Erişilemedi";"Erişilemedi";"Erişilemedi";"Belirsiz";"https://probadorcolectiva.com/istanbul-kahve-haritasi";"2026-08-11"
"Probador Colectiva";"Doğrulandı";"Nitelikli Kahve Nedir?";"Menşe belirtilmemiş";"Erişilemedi";"Erişilemedi";"Erişilemedi";"Belirsiz";"https://probadorcolectiva.com/nitelikli-kahve-nedir";"2026-08-11"
"Probador Colectiva";"Doğrulandı";"Places You Can Enjoy Probador Coffee";"Menşe belirtilmemiş";"Erişilemedi";"Erişilemedi";"Erişilemedi";"Belirsiz";"https://probadorcolectiva.com/en/places-you-can-find-probador-coffee";"2026-08-11"
"Probador Colectiva";"Doğrulandı";"Products";"Menşe belirtilmemiş";"Erişilemedi";"Erişilemedi";"Erişilemedi";"Belirsiz";"https://probadorcolectiva.com/en/products";"2026-08-11"
"Probador Colectiva";"Doğrulandı";"SPECIALTY COFFEE";"Menşe belirtilmemiş";"Erişilemedi";"Erişilemedi";"Erişilemedi";"Belirsiz";"https://probadorcolectiva.com/en/coffee";"2026-08-11"
"Probador Colectiva";"Doğrulandı";"WASHED COFFEES SAMPLE SET 1";"Menşe belirtilmemiş";"Erişilemedi";"Erişilemedi";"Erişilemedi";"Belirsiz";"https://probadorcolectiva.com/en/washed-coffees-sample-set-1";"2026-08-11"
"Probador Colectiva";"Doğrulandı";"WASHED COFFEES SAMPLE SET 2";"Menşe belirtilmemiş";"Erişilemedi";"Erişilemedi";"Erişilemedi";"Belirsiz";"https://probadorcolectiva.com/en/washed-coffees-sample-set-2";"2026-08-11"
"Probador Colectiva";"Doğrulandı";"WHOLESALE COFFEE";"Menşe belirtilmemiş";"Erişilemedi";"Erişilemedi";"Erişilemedi";"Belirsiz";"https://probadorcolectiva.com/en/wholesale-coffee";"2026-08-11"
"Punctum Coffee";"Kısmi doğrulama";"Ürün kataloğu — ayrıntılı ürün verisine erişilemedi";"Erişilemedi";"Erişilemedi";"Erişilemedi";"Erişilemedi";"Erişilemedi";"https://punctumcoffee.com/";"2026-08-11"
"Resmo Roasting Co.";"Kısmi doğrulama";"Ürün kataloğu — ayrıntılı ürün verisine erişilemedi";"Erişilemedi";"Erişilemedi";"Erişilemedi";"Erişilemedi";"Erişilemedi";"Erişilemedi";"2026-08-11"
"Rispetto Coffee";"Kısmi doğrulama";"Ürün kataloğu — ayrıntılı ürün verisine erişilemedi";"Erişilemedi";"Erişilemedi";"Erişilemedi";"Erişilemedi";"Erişilemedi";"Erişilemedi";"2026-08-11"
"Roast Room";"Doğrulandı";"Blend 70-30 / Natural";"Etiyopya | Brezilya";"250";"525";"2100";"Stokta";"https://theroastroom.co/products/blend-70-30";"2026-08-11"
"Roast Room";"Doğrulandı";"Blend 70-30 / Natural";"Etiyopya | Brezilya";"1000";"1595";"1595";"Stokta";"https://theroastroom.co/products/blend-70-30";"2026-08-11"
"Roast Room";"Doğrulandı";"Brazil Caramelo / Natural";"Brezilya";"250";"495";"1980";"Stokta";"https://theroastroom.co/products/brazil-caramelo";"2026-08-11"
"Roast Room";"Doğrulandı";"Brazil Caramelo / Natural";"Brezilya";"1000";"1480";"1480";"Stokta";"https://theroastroom.co/products/brazil-caramelo";"2026-08-11"
"Roast Room";"Doğrulandı";"Burundi Busasa / Yıkanmış";"Burundi";"250";"575";"2300";"Stokta";"https://theroastroom.co/products/burundi-busasa-yikanmis";"2026-08-11"
"Roast Room";"Doğrulandı";"Colombia Santa Lucia / Natural Pink Bourbon";"Kolombiya";"250";"720";"2880";"Stokta";"https://theroastroom.co/products/colombia-santa-lucia-natural";"2026-08-11"
"Roast Room";"Doğrulandı";"Colombia Santa Maria / Co-Fermentation";"Kolombiya";"250";"750";"3000";"Stokta";"https://theroastroom.co/products/colombia-santa-maria-co-fermentation";"2026-08-11"
"Roast Room";"Doğrulandı";"Dark Room Blend / 18 Adet Kapsül Kahve";"Brezilya | Hindistan";"Erişilemedi";"510";"Erişilemedi";"Stokta";"https://theroastroom.co/products/dark-room-blend-18-adet-kapsul-kahve";"2026-08-11"
"Roast Room";"Doğrulandı";"Dark Room Blend / Natural";"Brezilya | Hindistan";"250";"495";"1980";"Stokta";"https://theroastroom.co/products/dark-room-blend";"2026-08-11"
"Roast Room";"Doğrulandı";"Dark Room Blend / Natural";"Brezilya | Hindistan";"1000";"1480";"1480";"Stokta";"https://theroastroom.co/products/dark-room-blend";"2026-08-11"
"Roast Room";"Doğrulandı";"Ethiopia Lalesa / Natural Anaerobic";"Etiyopya";"250";"1180";"4720";"Stokta";"https://theroastroom.co/products/ethiopia-lalesa-natural-anaerobic";"2026-08-11"
"Roast Room";"Doğrulandı";"Honduras Las Calaveras / Natural";"Brezilya | Honduras | El Salvador";"250";"590";"2360";"Stokta";"https://theroastroom.co/products/honduras-las-calaveras-natural";"2026-08-11"
"Roast Room";"Doğrulandı";"Indonesia Pagi Nampak / Natural Anaerobic";"Endonezya";"250";"810";"3240";"Stokta";"https://theroastroom.co/products/indonesia-pagi-nampak-natural-anaerobic";"2026-08-11"
"Roast Room";"Doğrulandı";"Morning Coffee / 18 Adet Kapsül Kahve";"Guatemala";"Erişilemedi";"500";"Erişilemedi";"Stokta";"https://theroastroom.co/products/morning-coffee-18-adet-kapsul-kahve";"2026-08-11"
"Roast Room";"Doğrulandı";"Morning Coffee / Yıkanmış";"Guatemala";"250";"475";"1900";"Stokta";"https://theroastroom.co/products/morning-coffee";"2026-08-11"
"Roast Room";"Doğrulandı";"Morning Coffee / Yıkanmış";"Guatemala";"1000";"1400";"1400";"Stokta";"https://theroastroom.co/products/morning-coffee";"2026-08-11"
"Roast Room";"Doğrulandı";"Ofis Kahvesi 6 x 1kg / Brazil Caramelo / Natural";"Brezilya";"1000";"7200";"7200";"Stokta";"https://theroastroom.co/products/ofis-kahvesi-6-x-1kg-brazil-caramelo-natural";"2026-08-11"
"Roast Room";"Doğrulandı";"Türk Kahvesi";"Brezilya";"250";"495";"1980";"Stokta";"https://theroastroom.co/products/turk-kahvesi";"2026-08-11"
"Roast Room";"Doğrulandı";"Türk Kahvesi";"Brezilya";"1000";"1480";"1480";"Stokta";"https://theroastroom.co/products/turk-kahvesi";"2026-08-11"
"Roasterlab";"Doğrulandı";"Ürün kataloğu — ayrıntılı ürün verisine erişilemedi";"Erişilemedi";"Erişilemedi";"Erişilemedi";"Erişilemedi";"Erişilemedi";"https://roasterlab.com.tr/";"2026-08-11"
"RoasterLab";"Doğrulandı";"Ürün kataloğu — ayrıntılı ürün verisine erişilemedi";"Erişilemedi";"Erişilemedi";"Erişilemedi";"Erişilemedi";"Erişilemedi";"https://roasterlab.com.tr/";"2026-08-11"
"Roastery ACME";"Kısmi doğrulama";"Ürün kataloğu — ayrıntılı ürün verisine erişilemedi";"Erişilemedi";"Erişilemedi";"Erişilemedi";"Erişilemedi";"Erişilemedi";"Erişilemedi";"2026-08-11"
"ROR Cafe & Roastery";"Kısmi doğrulama";"Ürün kataloğu — ayrıntılı ürün verisine erişilemedi";"Erişilemedi";"Erişilemedi";"Erişilemedi";"Erişilemedi";"Erişilemedi";"Erişilemedi";"2026-08-11"
"Rott Coffee";"Kısmi doğrulama";"Ürün kataloğu — ayrıntılı ürün verisine erişilemedi";"Erişilemedi";"Erişilemedi";"Erişilemedi";"Erişilemedi";"Erişilemedi";"Erişilemedi";"2026-08-11"
"Rubber Soul Coffee";"Kısmi doğrulama";"Ürün kataloğu — ayrıntılı ürün verisine erişilemedi";"Erişilemedi";"Erişilemedi";"Erişilemedi";"Erişilemedi";"Erişilemedi";"Erişilemedi";"2026-08-11"
"Rumo Coffee";"Kısmi doğrulama";"Ürün kataloğu — ayrıntılı ürün verisine erişilemedi";"Erişilemedi";"Erişilemedi";"Erişilemedi";"Erişilemedi";"Erişilemedi";"Erişilemedi";"2026-08-11"
"Sade'ce Kahve";"Kısmi doğrulama";"Ürün kataloğu — ayrıntılı ürün verisine erişilemedi";"Erişilemedi";"Erişilemedi";"Erişilemedi";"Erişilemedi";"Erişilemedi";"Erişilemedi";"2026-08-11"
"Sanal Baharat";"Doğrulandı";"Aluminyum Valfli Zipli Kahve Torbası";"Menşe belirtilmemiş";"Erişilemedi";"131";"Erişilemedi";"Belirsiz";"https://www.sanalbaharat.com/urun/aluminyum-valfli-zipli-kahve-torbasi";"2026-08-11"
"Sanal Baharat";"Doğrulandı";"Atom Çayı-Kış Çayı";"Menşe belirtilmemiş";"Erişilemedi";"131";"Erişilemedi";"Belirsiz";"https://www.sanalbaharat.com/urun/atom-cayi-kis-cayi";"2026-08-11"
"Sanal Baharat";"Doğrulandı";"Atom Nane Limon Melisa Çayı";"Menşe belirtilmemiş";"Erişilemedi";"131";"Erişilemedi";"Belirsiz";"https://www.sanalbaharat.com/urun/atom-nane-limon-melisa-cayi";"2026-08-11"
"Sanal Baharat";"Doğrulandı";"Basmati Pirinç 4,5 Kg";"Menşe belirtilmemiş";"4500";"131";"29.11";"Belirsiz";"https://www.sanalbaharat.com/urun/basmati-pirinc-4-5-kg";"2026-08-11"
"Sanal Baharat";"Doğrulandı";"Blend Kahve Kavrulmuş -Harman";"Harman – menşe belirtilmemiş";"Erişilemedi";"131";"Erişilemedi";"Belirsiz";"https://www.sanalbaharat.com/urun/blend-harman";"2026-08-11"
"Sanal Baharat";"Doğrulandı";"Chia Tohumu 1 Kg (Ciha-Çia)";"Menşe belirtilmemiş";"1000";"131";"131";"Belirsiz";"https://www.sanalbaharat.com/urun/chia-tohumu-1-kg-ciha-cia";"2026-08-11"
"Sanal Baharat";"Doğrulandı";"Colombia Supremo 15 kg Kav. Kahve Çekirdeği";"Kolombiya";"15000";"131";"8.73";"Belirsiz";"https://www.sanalbaharat.com/urun/colombia-supremo-15-kg-kav-kahve-cekirdegi-1";"2026-08-11"
"Sanal Baharat";"Doğrulandı";"Colombia Supremo Kahve Kavrulmuş";"Kolombiya";"Erişilemedi";"131";"Erişilemedi";"Belirsiz";"https://www.sanalbaharat.com/urun/colombia-supremo-kahve-kavrulmus";"2026-08-11"
"Sanal Baharat";"Doğrulandı";"Costa Rica Tarrazu";"Kosta Rika";"Erişilemedi";"131";"Erişilemedi";"Belirsiz";"https://www.sanalbaharat.com/urun/costa-rica-arabica-shb-ep";"2026-08-11"
"Sanal Baharat";"Doğrulandı";"Çörekotu 1Kg";"Menşe belirtilmemiş";"1000";"131";"131";"Belirsiz";"https://www.sanalbaharat.com/urun/corekotu-1kg";"2026-08-11"
"Sanal Baharat";"Doğrulandı";"Decaf(Kafeinsiz) Colombia Kavrulmuş Kahve";"Kolombiya";"Erişilemedi";"Erişilemedi";"Erişilemedi";"Belirsiz";"https://www.sanalbaharat.com/urun/decaff-colombia-supremo-kavrulmus-kahve";"2026-08-11"
"Sanal Baharat";"Doğrulandı";"Etiyopya Sidamo Gr2 Kavrulmuş Kahve";"Etiyopya";"Erişilemedi";"131";"Erişilemedi";"Belirsiz";"https://www.sanalbaharat.com/urun/etiyopya-sidamo-gr2-kavrulmus-kahve";"2026-08-11"
"Sanal Baharat";"Doğrulandı";"Etiyopya Sidamo Gr4 Kavrulmuş Kahve";"Etiyopya";"Erişilemedi";"131";"Erişilemedi";"Belirsiz";"https://www.sanalbaharat.com/urun/etiyopya-sidamo-gr4-kavrulmus-kahve";"2026-08-11"
"Sanal Baharat";"Doğrulandı";"Etiyopya Yirgacheffe Gr2 Kavr. Kahve";"Etiyopya";"Erişilemedi";"131";"Erişilemedi";"Belirsiz";"https://www.sanalbaharat.com/urun/etiyopya-yirgacheffe-gr1-kavr-kahve";"2026-08-11"
"Sanal Baharat";"Doğrulandı";"Guatemala Antigua 15 kg Kav. Kahve Çekirdeği";"Guatemala";"15000";"131";"8.73";"Belirsiz";"https://www.sanalbaharat.com/urun/guatemala-antigua-15-kg-kav-kahve-cekirdegi";"2026-08-11"
"Sanal Baharat";"Doğrulandı";"Guatemala Arabica";"Guatemala";"Erişilemedi";"131";"Erişilemedi";"Belirsiz";"https://www.sanalbaharat.com/urun/guatemala-arabica-1kg";"2026-08-11"
"Sanal Baharat";"Doğrulandı";"Guatemala Arabica 15 kg Kav. Kahve Çekirdeği";"Guatemala";"15000";"131";"8.73";"Belirsiz";"https://www.sanalbaharat.com/urun/guatemala-arabica-15-kg-kav-kahve-cekirdegi";"2026-08-11"
"Sanal Baharat";"Doğrulandı";"Hibisküs - Kerkede 500GR";"Menşe belirtilmemiş";"500";"131";"262";"Belirsiz";"https://www.sanalbaharat.com/urun/hibiskus-kerkede-1kg";"2026-08-11"
"Sanal Baharat";"Doğrulandı";"Himalaya Tuzu 1 Kg";"Menşe belirtilmemiş";"1000";"131";"131";"Belirsiz";"https://www.sanalbaharat.com/urun/himalaya-tuzu-1-kg";"2026-08-11"
"Sanal Baharat";"Doğrulandı";"Kahve Çekirdek Blend 15kg-Harman";"Harman – menşe belirtilmemiş";"15000";"131";"8.73";"Belirsiz";"https://www.sanalbaharat.com/urun/yeni-harman-15-kg";"2026-08-11"
"Sanal Baharat";"Doğrulandı";"Kahve Çekirdek Gurme Blend";"Harman – menşe belirtilmemiş";"Erişilemedi";"131";"Erişilemedi";"Belirsiz";"https://www.sanalbaharat.com/urun/kahve-cekirdek-gurme-blend";"2026-08-11"
"Sanal Baharat";"Doğrulandı";"Kahve Çekirdek Gurme Blend 15kg";"Harman – menşe belirtilmemiş";"15000";"131";"8.73";"Belirsiz";"https://www.sanalbaharat.com/urun/kahve-cekirdek-blend-15kg-harman";"2026-08-11"
"Sanal Baharat";"Doğrulandı";"Kahve Etiyopya Djimmah 15 kg";"Etiyopya";"15000";"131";"8.73";"Belirsiz";"https://www.sanalbaharat.com/urun/kahve-etiyopya-djimmah-15-kg";"2026-08-11"
"Sanal Baharat";"Doğrulandı";"Kahve Etiyopya Djimmah Kavrulmuş Kahve";"Etiyopya";"Erişilemedi";"131";"Erişilemedi";"Belirsiz";"https://www.sanalbaharat.com/urun/kahve-etiyopya-djimmah";"2026-08-11"
"Sanal Baharat";"Doğrulandı";"Kahve Etiyopya Sidamo Gr4 15 kg";"Etiyopya";"15000";"131";"8.73";"Belirsiz";"https://www.sanalbaharat.com/urun/kahve-etiyopya-sidamo-gr4-15-kg";"2026-08-11"
"Sanal Baharat";"Doğrulandı";"Kakule 1 Kg";"Menşe belirtilmemiş";"1000";"131";"131";"Belirsiz";"https://www.sanalbaharat.com/urun/kakule-1-kg";"2026-08-11"
"Sanal Baharat";"Doğrulandı";"Kakule 1 Kg";"Menşe belirtilmemiş";"1000";"Erişilemedi";"Erişilemedi";"Belirsiz";"https://www.sanalbaharat.com/urun/kakule-1-kg";"2026-08-11"
"Sanal Baharat";"Doğrulandı";"Karabiber Tane 1 Kg";"Menşe belirtilmemiş";"1000";"131";"131";"Belirsiz";"https://www.sanalbaharat.com/urun/karabiber-tane-1-kg";"2026-08-11"
"Sanal Baharat";"Doğrulandı";"Karabiber Toz 1 Kg";"Menşe belirtilmemiş";"1000";"131";"131";"Belirsiz";"https://www.sanalbaharat.com/urun/karabiber-toz-1-kg";"2026-08-11"
"Sanal Baharat";"Doğrulandı";"Karabiber Toz 1 Kg";"Menşe belirtilmemiş";"1000";"Erişilemedi";"Erişilemedi";"Belirsiz";"https://www.sanalbaharat.com/urun/karabiber-toz-1-kg";"2026-08-11"
"Sanal Baharat";"Doğrulandı";"Karanfil 1 Kg";"Menşe belirtilmemiş";"1000";"131";"131";"Belirsiz";"https://www.sanalbaharat.com/urun/karanfil-1-kg";"2026-08-11"
"Sanal Baharat";"Doğrulandı";"Karanfil 1 Kg";"Menşe belirtilmemiş";"1000";"Erişilemedi";"Erişilemedi";"Belirsiz";"https://www.sanalbaharat.com/urun/karanfil-1-kg";"2026-08-11"
"Sanal Baharat";"Doğrulandı";"Karanfil 10 Kg Koli";"Menşe belirtilmemiş";"10000";"131";"13.1";"Belirsiz";"https://www.sanalbaharat.com/urun/karanfil-10-kg-koli";"2026-08-11"
"Sanal Baharat";"Doğrulandı";"Karbonat-Besin Türü 2,5KG";"Menşe belirtilmemiş";"2500";"131";"52.4";"Belirsiz";"https://www.sanalbaharat.com/urun/karbonat-besin-turu-2-5kg";"2026-08-11"
"Sanal Baharat";"Doğrulandı";"Kavrulmuş Karabuğday (Greçka) 1 KG";"Menşe belirtilmemiş";"1000";"Erişilemedi";"Erişilemedi";"Belirsiz";"https://www.sanalbaharat.com/urun/karabugday-grecka";"2026-08-11"
"Sanal Baharat";"Doğrulandı";"Kaynar Çayı";"Menşe belirtilmemiş";"Erişilemedi";"131";"Erişilemedi";"Belirsiz";"https://www.sanalbaharat.com/urun/kaynar-cayi";"2026-08-11"
"Sanal Baharat";"Doğrulandı";"Kenya Arabica AA TOP AROMA Kavrulmuş Kahve";"Kenya";"Erişilemedi";"Erişilemedi";"Erişilemedi";"Belirsiz";"https://www.sanalbaharat.com/urun/kahve-kenya-arabica-aa-plus";"2026-08-11"
"Sanal Baharat";"Doğrulandı";"Kenya Natural Kavrulmuş Kahve";"Kenya";"Erişilemedi";"131";"Erişilemedi";"Belirsiz";"https://www.sanalbaharat.com/urun/kenya-natural-kavrulmus-kahve";"2026-08-11"
"Sanal Baharat";"Doğrulandı";"Keten Tohumu 1 Kg";"Menşe belirtilmemiş";"1000";"131";"131";"Belirsiz";"https://www.sanalbaharat.com/urun/keten-tohumu-1-kg";"2026-08-11"
"Sanal Baharat";"Doğrulandı";"Keten Tohumu 25 Kg";"Menşe belirtilmemiş";"25000";"131";"5.24";"Belirsiz";"https://www.sanalbaharat.com/urun/keten-tohumu-25-kg";"2026-08-11"
"Sanal Baharat";"Doğrulandı";"Kırmızı Gingseng Çayı";"Menşe belirtilmemiş";"Erişilemedi";"131";"Erişilemedi";"Belirsiz";"https://www.sanalbaharat.com/urun/kirmizi-gingseng-cayi";"2026-08-11"
"Sanal Baharat";"Doğrulandı";"Kimyon toz 1 Kg";"Menşe belirtilmemiş";"1000";"131";"131";"Belirsiz";"https://www.sanalbaharat.com/urun/kimyon-toz-1-kg";"2026-08-11"
"Sanal Baharat";"Doğrulandı";"Kinoa Beyaz 1 Kg";"Menşe belirtilmemiş";"1000";"131";"131";"Belirsiz";"https://www.sanalbaharat.com/urun/kinoa-beyaz-1-kg";"2026-08-11"
"Sanal Baharat";"Doğrulandı";"Kuru Kahve - Arabica (Türk Kahvesi)";"Menşe belirtilmemiş";"Erişilemedi";"131";"Erişilemedi";"Belirsiz";"https://www.sanalbaharat.com/urun/kuru-kahve-ogutulmus-arabica-turk-kahvesi";"2026-08-11"
"Sanal Baharat";"Doğrulandı";"Kuru Kahve Öğütülmüş 15 KG-Arabica (Türk Kahvesi)";"Menşe belirtilmemiş";"15000";"131";"8.73";"Belirsiz";"https://www.sanalbaharat.com/urun/kuru-kahve-ogutulmus-15-kg-arabica-turk-kahvesi";"2026-08-11"
"Sanal Baharat";"Doğrulandı";"LOBAS Nar Ekşisi Özü 340 GR";"Menşe belirtilmemiş";"340";"131";"385.29";"Belirsiz";"https://www.sanalbaharat.com/urun/lobas-nar-eksisi-ozu-340-gr";"2026-08-11"
"Sanal Baharat";"Doğrulandı";"Mexico SHG Ep Arabica";"Meksika";"Erişilemedi";"131";"Erişilemedi";"Belirsiz";"https://www.sanalbaharat.com/urun/mexico-arabica";"2026-08-11"
"Sanal Baharat";"Doğrulandı";"Nicaragua SHB EP AAA Arabica Kavrulmuş Kahve";"Nikaragua";"Erişilemedi";"Erişilemedi";"Erişilemedi";"Belirsiz";"https://www.sanalbaharat.com/urun/nicaragua-shb-ep-arabica";"2026-08-11"
"Sanal Baharat";"Doğrulandı";"Nohut Unu 1 Kg";"Menşe belirtilmemiş";"1000";"Erişilemedi";"Erişilemedi";"Belirsiz";"https://www.sanalbaharat.com/urun/nohut-unu-1-kg";"2026-08-11"
"Sanal Baharat";"Doğrulandı";"Phin Filtre";"Menşe belirtilmemiş";"Erişilemedi";"131";"Erişilemedi";"Belirsiz";"https://www.sanalbaharat.com/urun/phin-filtre";"2026-08-11"
"Sanal Baharat";"Doğrulandı";"Robusta Kahve Kavrulmuş";"Menşe belirtilmemiş";"Erişilemedi";"131";"Erişilemedi";"Belirsiz";"https://www.sanalbaharat.com/urun/robusta-kahve-kavrulmus";"2026-08-11"
"Sanal Baharat";"Doğrulandı";"Sumatra Gayo Gr1 Kahve Kavrulmuş";"Endonezya";"Erişilemedi";"131";"Erişilemedi";"Belirsiz";"https://www.sanalbaharat.com/urun/sumatra-mandheling-kahve-cekirdegi-kavrulmus";"2026-08-11"
"Sanal Baharat";"Doğrulandı";"Tanzania Arabica AA Washed Kavrulmuş kahve";"Tanzanya";"Erişilemedi";"131";"Erişilemedi";"Belirsiz";"https://www.sanalbaharat.com/urun/kahve-tanzania-arabica-aa";"2026-08-11"
"Sanal Baharat";"Doğrulandı";"Tarçın Parmak (Kesik)";"Menşe belirtilmemiş";"Erişilemedi";"131";"Erişilemedi";"Belirsiz";"https://www.sanalbaharat.com/urun/tarcin-parmak-kesik";"2026-08-11"
"Sanal Baharat";"Doğrulandı";"Tarçın Toz 1 Kg";"Menşe belirtilmemiş";"1000";"Erişilemedi";"Erişilemedi";"Belirsiz";"https://www.sanalbaharat.com/urun/tarcin-toz-1-kg";"2026-08-11"
"Sanal Baharat";"Doğrulandı";"Tarçın Toz 25 Kg";"Menşe belirtilmemiş";"25000";"131";"5.24";"Belirsiz";"https://www.sanalbaharat.com/urun/tarcin-toz-25-kg";"2026-08-11"
"Sanal Baharat";"Doğrulandı";"Yağlı Hindistan Cevizi 1 Kg";"Hindistan";"1000";"131";"131";"Belirsiz";"https://www.sanalbaharat.com/urun/yagli-hindistan-cevizi-1-kg";"2026-08-11"
"Sanal Baharat";"Doğrulandı";"Yağsız Hindistan Cevizi 1 Kg";"Hindistan";"1000";"131";"131";"Belirsiz";"https://www.sanalbaharat.com/urun/yagsiz-hindistan-cevizi-1-kg-ince";"2026-08-11"
"Sanal Baharat";"Doğrulandı";"Zencefil (TANE) 1 Kg";"Menşe belirtilmemiş";"1000";"131";"131";"Belirsiz";"https://www.sanalbaharat.com/urun/zencefil-1-kg";"2026-08-11"
"Sanal Baharat";"Doğrulandı";"Zencefil Toz 1 kg";"Menşe belirtilmemiş";"1000";"Erişilemedi";"Erişilemedi";"Belirsiz";"https://www.sanalbaharat.com/urun/zencefil-toz-1-kg";"2026-08-11"
"Sanal Baharat";"Doğrulandı";"Zerdeçal (TANE) 1 Kg";"Menşe belirtilmemiş";"1000";"131";"131";"Belirsiz";"https://www.sanalbaharat.com/urun/zerdecal-1-kg";"2026-08-11"
"Sanal Baharat";"Doğrulandı";"Zerdeçal (TANE) 1 Kg";"Menşe belirtilmemiş";"1000";"Erişilemedi";"Erişilemedi";"Belirsiz";"https://www.sanalbaharat.com/urun/zerdecal-1-kg";"2026-08-11"
"Sanal Baharat";"Doğrulandı";"Zerdeçal Toz 1 Kg";"Menşe belirtilmemiş";"1000";"131";"131";"Belirsiz";"https://www.sanalbaharat.com/urun/zerdecal-toz-1-kg";"2026-08-11"
"Sanal Baharat";"Doğrulandı";"Zeytinyağlı Defne Sabunu 4'lÜ";"Menşe belirtilmemiş";"Erişilemedi";"131";"Erişilemedi";"Belirsiz";"https://www.sanalbaharat.com/urun/zeytinyagli-defne-sabunu-4-lu";"2026-08-11"
"Schiller Kaffeerösterei";"Kısmi doğrulama";"Ürün kataloğu — ayrıntılı ürün verisine erişilemedi";"Erişilemedi";"Erişilemedi";"Erişilemedi";"Erişilemedi";"Erişilemedi";"Erişilemedi";"2026-08-11"
"Sedirkent Coffee";"Doğrulandı";"Ürün kataloğu — ayrıntılı ürün verisine erişilemedi";"Erişilemedi";"Erişilemedi";"Erişilemedi";"Erişilemedi";"Erişilemedi";"https://www.sedirkent.com.tr/";"2026-08-11"
"Selamlique İstanbul";"Kısmi doğrulama";"Ürün kataloğu — ayrıntılı ürün verisine erişilemedi";"Erişilemedi";"Erişilemedi";"Erişilemedi";"Erişilemedi";"Erişilemedi";"Erişilemedi";"2026-08-11"
"Sezy Coffee";"Kısmi doğrulama";"Hario Cafe Press U 300 mL";"Menşe belirtilmemiş";"Erişilemedi";"2200";"Erişilemedi";"Stokta";"https://sezycoffee.com/urun/hario-cafe-press-u-300-ml/";"2026-08-11"
"Sezy Coffee";"Kısmi doğrulama";"Hario Cafe Press U 600 mL";"Menşe belirtilmemiş";"Erişilemedi";"2600";"Erişilemedi";"Stokta";"https://sezycoffee.com/urun/hario-cafe-press-u-600-ml/";"2026-08-11"
"Sezy Coffee";"Kısmi doğrulama";"Hario Soğuk Demleme Sürahisi “Kahverengi”";"Menşe belirtilmemiş";"80";"2200";"27500";"Stokta";"https://sezycoffee.com/urun/hario-soguk-demleme-surahisi-kahverengi/";"2026-08-11"
"Sezy Coffee";"Kısmi doğrulama";"Hario Syphon Filtre Bezi ( TCA – 2/3/5 )";"Menşe belirtilmemiş";"Erişilemedi";"690";"Erişilemedi";"Stokta";"https://sezycoffee.com/urun/hario-syphon-filtre-bezi/";"2026-08-11"
"Sezy Coffee";"Kısmi doğrulama";"Hario V60 Ölçü Kaşığı";"Menşe belirtilmemiş";"12";"750";"62500";"Stokta";"https://sezycoffee.com/urun/hario-v60-olcu-kasigi/";"2026-08-11"
"Shazel";"Kısmi doğrulama";"Ürün kataloğu — ayrıntılı ürün verisine erişilemedi";"Erişilemedi";"Erişilemedi";"Erişilemedi";"Erişilemedi";"Erişilemedi";"Erişilemedi";"2026-08-11"
"Spada Coffee";"Kısmi doğrulama";"Brezilya Jorge Takahashi - Bean To Bar Çikolata 45gr";"Brezilya";"45";"249";"5533.33";"Stokta";"https://spadacoffee.com/brezilya-jorge-takahashi-bean-to-bar-cikolata-45gr";"2026-08-11"
"Spada Coffee";"Kısmi doğrulama";"Brezilya Jorge Takahashi - Bean To Bar Çikolata 45gr";"Brezilya";"45";"850";"18888.89";"Belirsiz";"https://spadacoffee.com/brezilya-jorge-takahashi-bean-to-bar-cikolata-45gr";"2026-08-11"
"Spada Coffee";"Kısmi doğrulama";"EL Salvador Hacienda La Carrera - Bean To Bar Çikolata 45gr";"El Salvador";"45";"249";"5533.33";"Stokta";"https://spadacoffee.com/el-salvador-hacienda-la-carrera-bean-to-bar-cikolata-45gr";"2026-08-11"
"Spada Coffee";"Kısmi doğrulama";"EL Salvador Hacienda La Carrera - Bean To Bar Çikolata 45gr";"El Salvador";"45";"850";"18888.89";"Belirsiz";"https://spadacoffee.com/el-salvador-hacienda-la-carrera-bean-to-bar-cikolata-45gr";"2026-08-11"
"Spada Coffee";"Kısmi doğrulama";"El Salvador La Carrera - Karamelize Sütlü Bean To Bar Çikolata 50 gr";"El Salvador";"50";"249";"4980";"Stokta";"https://spadacoffee.com/el-salvador-la-carrera-karamelize-sutlu-bean-to-bar-cikolata-50-gr";"2026-08-11"
"Spada Coffee";"Kısmi doğrulama";"El Salvador La Carrera - Karamelize Sütlü Bean To Bar Çikolata 50 gr";"El Salvador";"50";"850";"17000";"Belirsiz";"https://spadacoffee.com/el-salvador-la-carrera-karamelize-sutlu-bean-to-bar-cikolata-50-gr";"2026-08-11"
"Spada Coffee";"Kısmi doğrulama";"Kolombiya / Las Moras / Natural";"Kolombiya";"15";"760";"50666.67";"Stokta";"https://spadacoffee.com/kolombiya-las-moras-natural";"2026-08-11"
"Spada Coffee";"Kısmi doğrulama";"Kolombiya / Las Moras / Natural";"Kolombiya";"15";"850";"56666.67";"Belirsiz";"https://spadacoffee.com/kolombiya-las-moras-natural";"2026-08-11"
"Spada Coffee";"Kısmi doğrulama";"KOLOMBİYA / PINK BOURBON / NATURAL";"Kolombiya";"15";"750";"50000";"Stokta";"https://spadacoffee.com/kolombiya-pink-bourbon-natural";"2026-08-11"
"Spada Coffee";"Kısmi doğrulama";"KOLOMBİYA / PINK BOURBON / NATURAL";"Kolombiya";"15";"850";"56666.67";"Belirsiz";"https://spadacoffee.com/kolombiya-pink-bourbon-natural";"2026-08-11"
"Spada Coffee";"Kısmi doğrulama";"Kolombiya / Popayan / Yıkanmış";"Kolombiya";"Erişilemedi";"850";"Erişilemedi";"Belirsiz";"https://spadacoffee.com/kolombiya-popayan-yikanmis";"2026-08-11"
"Spada Coffee";"Kısmi doğrulama";"Kolombiya Opita - Bean To Bar Çikolata 45gr";"Kolombiya";"45";"249";"5533.33";"Stokta";"https://spadacoffee.com/kolombiya-opita-bean-to-bar-cikolata-45gr";"2026-08-11"
"Spada Coffee";"Kısmi doğrulama";"Kolombiya Opita - Bean To Bar Çikolata 45gr";"Kolombiya";"45";"850";"18888.89";"Belirsiz";"https://spadacoffee.com/kolombiya-opita-bean-to-bar-cikolata-45gr";"2026-08-11"
"Spada Coffee";"Kısmi doğrulama";"Kosta Rika / Hacienda Colima / Natural";"Kosta Rika";"Erişilemedi";"850";"Erişilemedi";"Belirsiz";"https://spadacoffee.com/kosta-rika-hacienda-colima-natural";"2026-08-11"
"Spada Coffee";"Kısmi doğrulama";"Kosta Rika / Las Lajas / Natural";"Kosta Rika";"Erişilemedi";"850";"Erişilemedi";"Belirsiz";"https://spadacoffee.com/kosta-rika-las-lajas-natural";"2026-08-11"
"Spada Coffee";"Kısmi doğrulama";"Motion / Natural";"Brezilya";"Erişilemedi";"850";"Erişilemedi";"Belirsiz";"https://spadacoffee.com/motion-natural-espresso";"2026-08-11"
"Spada Coffee";"Kısmi doğrulama";"Motion Dark / Natural";"Brezilya";"Erişilemedi";"850";"Erişilemedi";"Belirsiz";"https://spadacoffee.com/motion-dark-natural";"2026-08-11"
"Spada Coffee";"Kısmi doğrulama";"Pome / Natural";"Menşe belirtilmemiş";"Erişilemedi";"850";"Erişilemedi";"Belirsiz";"https://spadacoffee.com/pome-natural";"2026-08-11"
"Spada Coffee";"Kısmi doğrulama";"Puly Caff Puly Grind 10&#x27;lu Paket";"Menşe belirtilmemiş";"Erişilemedi";"850";"Erişilemedi";"Belirsiz";"https://spadacoffee.com/puly-caff-puly-grind-10lu-paket";"2026-08-11"
"Spada Coffee";"Kısmi doğrulama";"Puly Milk Pulycaff Süt Temizleme Solisyonu";"Menşe belirtilmemiş";"Erişilemedi";"850";"Erişilemedi";"Belirsiz";"https://spadacoffee.com/puly-milk-pulycaff-sut-temizleme-solisyonu";"2026-08-11"
"Spada Coffee";"Kısmi doğrulama";"Pulycaff Puly Caff Powder 900 gr";"Menşe belirtilmemiş";"900";"799";"887.78";"Stokta";"https://spadacoffee.com/pulycaff-puly-caff-powder-900-gr";"2026-08-11"
"Spada Coffee";"Kısmi doğrulama";"Pulycaff Puly Caff Powder 900 gr";"Menşe belirtilmemiş";"900";"850";"944.44";"Belirsiz";"https://spadacoffee.com/pulycaff-puly-caff-powder-900-gr";"2026-08-11"
"Spada Coffee";"Kısmi doğrulama";"RUANDA / AKAGERA / HONEY";"Ruanda";"Erişilemedi";"850";"Erişilemedi";"Belirsiz";"https://spadacoffee.com/ruanda-akagera-honey";"2026-08-11"
"Spada Coffee";"Kısmi doğrulama";"Spada Motion / Kapsül Kahve";"Menşe belirtilmemiş";"Erişilemedi";"850";"Erişilemedi";"Belirsiz";"https://spadacoffee.com/spada-motion-kapsul-kahve";"2026-08-11"
"Spada Coffee";"Kısmi doğrulama";"Spada POME / Kapsül Kahve";"Menşe belirtilmemiş";"Erişilemedi";"850";"Erişilemedi";"Belirsiz";"https://spadacoffee.com/spada-pome-kapsul-kahve";"2026-08-11"
"Story Coffee Roasters";"Doğrulandı";"2026 Kahve Koleksiyonu - 9 Kahve Çekirdeği";"Etiyopya | Kenya | Guatemala";"Erişilemedi";"1.75";"Erişilemedi";"Belirsiz";"https://storyroasters.com/sonbahar-2025-kahve-cekirdegi-koleksiyonu";"2026-08-11"
"Story Coffee Roasters";"Doğrulandı";"Afrika Kahve Paketi - 4 Kahve Çekirdeği";"Etiyopya | Kenya | Tanzanya";"Erişilemedi";"1.93";"Erişilemedi";"Belirsiz";"https://storyroasters.com/afrika-kahve-paketi";"2026-08-11"
"Story Coffee Roasters";"Doğrulandı";"Özel Türk Kahvesi";"Harman – menşe belirtilmemiş";"100";"385";"3850";"Stokta";"https://storyroasters.com/turk-kahvesi-200gr-1";"2026-08-11"
"Story Coffee Roasters";"Doğrulandı";"Özel Türk Kahvesi";"Harman – menşe belirtilmemiş";"100";"38500";"385000";"Belirsiz";"https://storyroasters.com/turk-kahvesi-200gr-1";"2026-08-11"
"Story Coffee Roasters";"Doğrulandı";"Single-Origin Kahve Kutusu - 6 Kahve Çekirdeği";"Kenya | Guatemala";"100";"1538.9";"15389";"Stokta";"https://storyroasters.com/single-origins-paket-kesif-paketi-cekirdek-kahve";"2026-08-11"
"Story Coffee Roasters";"Doğrulandı";"Single-Origin Kahve Kutusu - 6 Kahve Çekirdeği";"Kenya | Guatemala";"100";"1.53";"15.3";"Belirsiz";"https://storyroasters.com/single-origins-paket-kesif-paketi-cekirdek-kahve";"2026-08-11"
"Taft Coffee";"Kısmi doğrulama";"Ürün kataloğu — ayrıntılı ürün verisine erişilemedi";"Erişilemedi";"Erişilemedi";"Erişilemedi";"Erişilemedi";"Erişilemedi";"Erişilemedi";"2026-08-11"
"Tahmis Kahvesi";"Kısmi doğrulama";"Ürün kataloğu — ayrıntılı ürün verisine erişilemedi";"Erişilemedi";"Erişilemedi";"Erişilemedi";"Erişilemedi";"Erişilemedi";"Erişilemedi";"2026-08-11"
"Tetra N Roastery";"Kısmi doğrulama";"Hario V60 Buzlu Kahve Demleyici";"Menşe belirtilmemiş";"Erişilemedi";"900";"Erişilemedi";"Belirsiz";"https://tetranroastery.com/hario-v60-buzlu-kahve-demleyici";"2026-08-11"
"Tetra N Roastery";"Kısmi doğrulama";"Hario V60 Kahve Demleme Seti";"Menşe belirtilmemiş";"Erişilemedi";"900";"Erişilemedi";"Belirsiz";"https://tetranroastery.com/hario-v60-kahve-demleme-seti";"2026-08-11"
"Tetra N Roastery";"Kısmi doğrulama";"MESAİ KAHVESİ";"Etiyopya";"Erişilemedi";"900";"Erişilemedi";"Belirsiz";"https://tetranroastery.com/mesai-kahvesi";"2026-08-11"
"Tetra N Roastery";"Kısmi doğrulama";"Orcamp Barista Kahve İbriği";"Menşe belirtilmemiş";"Erişilemedi";"900";"Erişilemedi";"Belirsiz";"https://tetranroastery.com/barista-kahve-ibrigi";"2026-08-11"
"The Doors Coffee Roasting Co.";"Kısmi doğrulama";"Ürün kataloğu — ayrıntılı ürün verisine erişilemedi";"Erişilemedi";"Erişilemedi";"Erişilemedi";"Erişilemedi";"Erişilemedi";"Erişilemedi";"2026-08-11"
"Top Roasters";"Kısmi doğrulama";"1 Ekim Dünya Kahve Günü: Kahve Tutkunlarının Bayramı";"Menşe belirtilmemiş";"Erişilemedi";"Erişilemedi";"Erişilemedi";"Belirsiz";"https://www.toproasters.com.tr/post/1-ekim-dünya-kahve-günü-kahve-tutkunlarının-bayramı";"2026-08-11"
"Top Roasters";"Kısmi doğrulama";"1 Ekim Dünya Kahve Günü&#x27;ne Özel Dünya Kahveleri Tadımı Ücretsiz!";"Menşe belirtilmemiş";"Erişilemedi";"Erişilemedi";"Erişilemedi";"Belirsiz";"https://www.toproasters.com.tr/post/1-ekim-dunya-kahve-gunu-ne-ozel-dunya-kahveleri-tadimi-ucretsiz";"2026-08-11"
"Top Roasters";"Kısmi doğrulama";"2023 Dünya Kahve Tüketim İstatistikleri";"Menşe belirtilmemiş";"Erişilemedi";"Erişilemedi";"Erişilemedi";"Belirsiz";"https://www.toproasters.com.tr/post/2023-dunya-kahve-tuketim-istatistikleri";"2026-08-11"
"Top Roasters";"Kısmi doğrulama";"2025 Yılı Türkiye Kahve Tüketimi";"Menşe belirtilmemiş";"Erişilemedi";"Erişilemedi";"Erişilemedi";"Belirsiz";"https://www.toproasters.com.tr/post/2025-yılı-türkiye-kahve-tüketimi";"2026-08-11"
"Top Roasters";"Kısmi doğrulama";"2025’te Kahve Dünyasında Öne Çıkan Trendler Türkiye’ye Etkileri";"Menşe belirtilmemiş";"Erişilemedi";"Erişilemedi";"Erişilemedi";"Belirsiz";"https://www.toproasters.com.tr/post/2025-te-kahve-dünyasında-öne-çıkan-trendler-türkiye-ye-etkileri";"2026-08-11"
"Top Roasters";"Kısmi doğrulama";"2025’te Kahve Dünyasında Patlayan 7 Trend: Top Roasters ile Fazlasını Keşfet";"Menşe belirtilmemiş";"Erişilemedi";"Erişilemedi";"Erişilemedi";"Belirsiz";"https://www.toproasters.com.tr/post/2025-te-kahve-dünyasında-patlayan-7-trend-top-roasters-ile-fazlasını-keşfet";"2026-08-11"
"Top Roasters";"Kısmi doğrulama";"2026 Türkiye Kahve Yılı Olacak Bir Sonraki Durağımız Guatemala";"Guatemala";"Erişilemedi";"Erişilemedi";"Erişilemedi";"Belirsiz";"https://www.toproasters.com.tr/post/2026-türkiye-kahve-yılı-olacak-bir-sonraki-durağımız-guatemala";"2026-08-11"
"Top Roasters";"Kısmi doğrulama";"2026’da Kahve Sektörü: Trendler, Tüketici Davranışları ve Yeni Fırsatlar";"Menşe belirtilmemiş";"Erişilemedi";"Erişilemedi";"Erişilemedi";"Belirsiz";"https://www.toproasters.com.tr/post/2026-da-kahve-sektörü-trendler-tüketici-davranışları-ve-yeni-fırsatlar";"2026-08-11"
"Top Roasters";"Kısmi doğrulama";"Buzlu Kahve ve Cold Brew Arasındaki Fark Nedir?";"Menşe belirtilmemiş";"Erişilemedi";"Erişilemedi";"Erişilemedi";"Belirsiz";"https://www.toproasters.com.tr/post/buzlu-kahve-ve-cold-brew-arasındaki-fark-nedir";"2026-08-11"
"Top Roasters";"Kısmi doğrulama";"Çocuklarınızla Kahve Keyfi Babyccino İle Mümkün";"Menşe belirtilmemiş";"Erişilemedi";"Erişilemedi";"Erişilemedi";"Belirsiz";"https://www.toproasters.com.tr/post/çocuklarınızla-kahve-keyfi-babyccino-i-le-mümkün";"2026-08-11"
"Top Roasters";"Kısmi doğrulama";"Dünyanın Dört Bir Yanında Kahve Kültürü: Farklı Ülkeler Kahveyi Nasıl İçiyor?";"Menşe belirtilmemiş";"Erişilemedi";"Erişilemedi";"Erişilemedi";"Belirsiz";"https://www.toproasters.com.tr/post/dünyanın-dört-bir-yanında-kahve-kültürü-farklı-ülkeler-kahveyi-nasıl-i̇çiyor";"2026-08-11"
"Top Roasters";"Kısmi doğrulama";"Dünyanın En İyi 5 Arabica Kahvesi ve Evde Nasıl Hazırlanır?";"Etiyopya | Kolombiya";"Erişilemedi";"Erişilemedi";"Erişilemedi";"Belirsiz";"https://www.toproasters.com.tr/post/dünyanın-en-i̇yi-5-arabica-kahvesi-ve-evde-nasıl-hazırlanır";"2026-08-11"
"Top Roasters";"Kısmi doğrulama";"Espresso ve Filtre Kahve Makine Temizliği Nasıl Yapılmalıdır?";"Menşe belirtilmemiş";"Erişilemedi";"Erişilemedi";"Erişilemedi";"Belirsiz";"https://www.toproasters.com.tr/post/espresso-ve-filtre-kahve-makine-temizligi-nasil-yapilmalidir";"2026-08-11"
"Top Roasters";"Kısmi doğrulama";"Etiyopya Yirgachaffe Kahve Çekirdeği Nedir?";"Etiyopya";"Erişilemedi";"Erişilemedi";"Erişilemedi";"Belirsiz";"https://www.toproasters.com.tr/post/etiyopya-yirgachaffe-kahve-çekirdeği-nedir";"2026-08-11"
"Top Roasters";"Kısmi doğrulama";"Evde Kafe Kalitesinde Kahve Nasıl Yapılır? (Barista Seviyesinde Rehber)";"Menşe belirtilmemiş";"Erişilemedi";"Erişilemedi";"Erişilemedi";"Belirsiz";"https://www.toproasters.com.tr/post/evde-kafe-kalitesinde-kahve-nasıl-yapılır-barista-seviyesinde-rehber";"2026-08-11"
"Top Roasters";"Kısmi doğrulama";"Evde Kahve Bitkisi Yetiştirmek Mümkün Mü?";"Menşe belirtilmemiş";"Erişilemedi";"Erişilemedi";"Erişilemedi";"Belirsiz";"https://www.toproasters.com.tr/post/evde-kahve-bitkisi-yetiştirmek-mümkün-mü";"2026-08-11"
"Top Roasters";"Kısmi doğrulama";"Evde Kahve Demlemek";"Menşe belirtilmemiş";"Erişilemedi";"Erişilemedi";"Erişilemedi";"Belirsiz";"https://www.toproasters.com.tr/post/evde-kahve-demlemek";"2026-08-11"
"Top Roasters";"Kısmi doğrulama";"Evinizde Kahve Tüketiyorsanız Nelere Dikkat Etmelisiniz?";"Menşe belirtilmemiş";"Erişilemedi";"Erişilemedi";"Erişilemedi";"Belirsiz";"https://www.toproasters.com.tr/post/evinizde-kahve-tüketiyorsanız-nelere-dikkat-etmelisiniz";"2026-08-11"
"Top Roasters";"Kısmi doğrulama";"Flat White, Bir Latte Mi, Cappuccino Mu Yoksa Farklı Bir Kahve Çeşidi Mi?";"Menşe belirtilmemiş";"Erişilemedi";"Erişilemedi";"Erişilemedi";"Belirsiz";"https://www.toproasters.com.tr/post/flat-white-bir-latte-mi-cappuccino-mu-yoksa-farklı-bir-kahve-çeşidi-mi";"2026-08-11"
"Top Roasters";"Kısmi doğrulama";"Güncel Haber: ABD’de Kahve Fiyatları Tetikte – Küçük Kafeler Zorlukta";"Menşe belirtilmemiş";"Erişilemedi";"Erişilemedi";"Erişilemedi";"Belirsiz";"https://www.toproasters.com.tr/post/güncel-haber-abd-de-kahve-fiyatları-tetikte-küçük-kafeler-zorlukta";"2026-08-11"
"Top Roasters";"Kısmi doğrulama";"Kahve Alırken Herkesin Yaptığı 7 Büyük Hata";"Menşe belirtilmemiş";"2026";"Erişilemedi";"Erişilemedi";"Belirsiz";"https://www.toproasters.com.tr/post/kahve-alırken-herkesin-yaptığı-7-büyük-hata";"2026-08-11"
"Top Roasters";"Kısmi doğrulama";"Kahve Borsasında Son Durum: Fiyatlar Neden Bu Kadar Yükseliyor?";"Menşe belirtilmemiş";"Erişilemedi";"Erişilemedi";"Erişilemedi";"Belirsiz";"https://www.toproasters.com.tr/post/başlık-kahve-borsasında-son-durum-fiyatlar-neden-bu-kadar-yükseliyor";"2026-08-11"
"Top Roasters";"Kısmi doğrulama";"Kahve Demleme Rehberi: Evde Profesyonel Kahve Yapmanın Püf Noktaları";"Menşe belirtilmemiş";"Erişilemedi";"Erişilemedi";"Erişilemedi";"Belirsiz";"https://www.toproasters.com.tr/post/kahve-demleme-rehberi-evde-profesyonel-kahve-yapmanın-püf-noktaları";"2026-08-11"
"Top Roasters";"Kısmi doğrulama";"Kahve Fiyatları Neden Yükseliyor? 2025’te Kahve Borsasında Son Durum";"Menşe belirtilmemiş";"Erişilemedi";"Erişilemedi";"Erişilemedi";"Belirsiz";"https://www.toproasters.com.tr/post/kahve-fiyatları-neden-yükseliyor-2025-te-kahve-borsasında-son-durum";"2026-08-11"
"Top Roasters";"Kısmi doğrulama";"Kahve İçin Quaker Terimi Ne Anlama Gelir?";"Menşe belirtilmemiş";"Erişilemedi";"Erişilemedi";"Erişilemedi";"Belirsiz";"https://www.toproasters.com.tr/post/kahve-i̇çin-quaker-terimi-ne-anlama-gelir";"2026-08-11"
"Top Roasters";"Kısmi doğrulama";"Kahve Köpüğü İncelemesi; Köpüğün Arkasındaki Bilimsel Açıklamalar";"Menşe belirtilmemiş";"Erişilemedi";"Erişilemedi";"Erişilemedi";"Belirsiz";"https://www.toproasters.com.tr/post/kahve-köpüğü-i̇ncelemesi-köpüğün-arkasındaki-bilimsel-açıklamalar";"2026-08-11"
"Top Roasters";"Kısmi doğrulama";"Kahve Kültürü İle Mutfak Sanatları Bir Araya Geliyor!";"Menşe belirtilmemiş";"Erişilemedi";"Erişilemedi";"Erişilemedi";"Belirsiz";"https://www.toproasters.com.tr/post/kahve-kültürü-i̇le-mutfak-sanatları-bir-araya-geliyor";"2026-08-11"
"Top Roasters";"Kısmi doğrulama";"Kahve Lekeleri ile Aranızı Düzeltin";"Menşe belirtilmemiş";"Erişilemedi";"Erişilemedi";"Erişilemedi";"Belirsiz";"https://www.toproasters.com.tr/post/kahve-lekeleri-ile-aranızı-düzeltin";"2026-08-11"
"Top Roasters";"Kısmi doğrulama";"Kahve Öğütümü Tadı Ne Kadar Etkiler?";"Menşe belirtilmemiş";"Erişilemedi";"Erişilemedi";"Erişilemedi";"Belirsiz";"https://www.toproasters.com.tr/post/kahve-öğütümü-kalınlığı-tadı-ne-kadar-etkiler";"2026-08-11"
"Top Roasters";"Kısmi doğrulama";"Kahve ve Burçlar; Hangi Kahve Hangi Burca Göre?";"Menşe belirtilmemiş";"Erişilemedi";"Erişilemedi";"Erişilemedi";"Belirsiz";"https://www.toproasters.com.tr/post/kahve-ve-burçlar-hangi-kahve-hangi-burca-göre";"2026-08-11"
"Top Roasters";"Kısmi doğrulama";"Kahve Yolculuğu: Latin Amerika";"Kolombiya | Brezilya | Guatemala | Honduras";"Erişilemedi";"Erişilemedi";"Erişilemedi";"Belirsiz";"https://www.toproasters.com.tr/post/kahve-yolculuğu-latin-amerika";"2026-08-11"
"Top Roasters";"Kısmi doğrulama";"Kahve Yolculuğumuzun Yeni Durağı: Colombia – And Dağlarının Altın Çekirdekleri";"Kolombiya";"Erişilemedi";"Erişilemedi";"Erişilemedi";"Belirsiz";"https://www.toproasters.com.tr/post/kahve-yolculuğumuzun-yeni-durağı-colombia-and-dağlarının-altın-çekirdekleri";"2026-08-11"
"Top Roasters";"Kısmi doğrulama";"Kahve Zirvesi 2022";"Menşe belirtilmemiş";"Erişilemedi";"Erişilemedi";"Erişilemedi";"Belirsiz";"https://www.toproasters.com.tr/post/kahve-zirvesi-2022";"2026-08-11"
"Top Roasters";"Kısmi doğrulama";"Kahve Zirvesi&#x27;nde Buluşuyoruz!";"Menşe belirtilmemiş";"Erişilemedi";"Erişilemedi";"Erişilemedi";"Belirsiz";"https://www.toproasters.com.tr/post/kahve-zirvesi-nde-buluşuyoruz";"2026-08-11"
"Top Roasters";"Kısmi doğrulama";"KAHVECİ E-Dergisinin Yeni Sayısı Çıktı!";"Menşe belirtilmemiş";"Erişilemedi";"Erişilemedi";"Erişilemedi";"Belirsiz";"https://www.toproasters.com.tr/post/kahveci-e-dergisinin-yeni-sayisi-cikti";"2026-08-11"
"Top Roasters";"Kısmi doğrulama";"Kahvenin Keşfedilme Hikayesi";"Menşe belirtilmemiş";"Erişilemedi";"Erişilemedi";"Erişilemedi";"Belirsiz";"https://www.toproasters.com.tr/post/kahvenin-keşfedilme-hikayesi";"2026-08-11"
"Top Roasters";"Kısmi doğrulama";"Kahvenin Kimyası";"Menşe belirtilmemiş";"Erişilemedi";"Erişilemedi";"Erişilemedi";"Belirsiz";"https://www.toproasters.com.tr/post/kahvenin-kimyası";"2026-08-11"
"Top Roasters";"Kısmi doğrulama";"Kahveye Şeker Yerine Bal Eklemek İyi Bir Fikir Mi?";"Menşe belirtilmemiş";"Erişilemedi";"Erişilemedi";"Erişilemedi";"Belirsiz";"https://www.toproasters.com.tr/post/kahveye-şeker-yerine-bal-eklemek-i̇yi-bir-fikir-mi";"2026-08-11"
"Top Roasters";"Kısmi doğrulama";"Kenya AA Kahve Nedir?";"Kenya";"Erişilemedi";"Erişilemedi";"Erişilemedi";"Belirsiz";"https://www.toproasters.com.tr/post/kenya-aa-kahve-nedir";"2026-08-11"
"Top Roasters";"Kısmi doğrulama";"Mikro-Lot ve Single-Origin Kahveler: 2025’in En Değerli Kahve Trendleri";"Menşe belirtilmemiş";"Erişilemedi";"Erişilemedi";"Erişilemedi";"Belirsiz";"https://www.toproasters.com.tr/post/mikro-lot-ve-single-origin-kahveler-2025-in-en-değerli-kahve-trendleri";"2026-08-11"
"Top Roasters";"Kısmi doğrulama";"Neden Aynı Kahve Her Seferinde Farklı Tat Verir? (Gerçek Sebepler)";"Menşe belirtilmemiş";"Erişilemedi";"Erişilemedi";"Erişilemedi";"Belirsiz";"https://www.toproasters.com.tr/post/neden-aynı-kahve-her-seferinde-farklı-tat-verir-gerçek-sebepler";"2026-08-11"
"Top Roasters";"Kısmi doğrulama";"Sabahınızın Vazgeçilmezi: Kahveyle Güne Enerjik Başlamanın 5 Yolu";"Menşe belirtilmemiş";"Erişilemedi";"Erişilemedi";"Erişilemedi";"Belirsiz";"https://www.toproasters.com.tr/post/sabahınızın-vazgeçilmezi-kahveyle-güne-enerjik-başlamanın-5-yolu";"2026-08-11"
"Top Roasters";"Kısmi doğrulama";"Sade Kahveye Alışabilir Misiniz?";"Menşe belirtilmemiş";"Erişilemedi";"Erişilemedi";"Erişilemedi";"Belirsiz";"https://www.toproasters.com.tr/post/sade-kahveye-alışabilir-misiniz";"2026-08-11"
"Top Roasters";"Kısmi doğrulama";"Sıcak Kahveyi Doğru Soğutma Yöntemleri";"Menşe belirtilmemiş";"Erişilemedi";"Erişilemedi";"Erişilemedi";"Belirsiz";"https://www.toproasters.com.tr/post/sıcak-kahveyi-doğru-soğutma-yöntemleri";"2026-08-11"
"Top Roasters";"Kısmi doğrulama";"Sürdürülebilir Kahve Üretimi: Geleceğin Kahvesi Nasıl Yetişiyor?";"Menşe belirtilmemiş";"Erişilemedi";"Erişilemedi";"Erişilemedi";"Belirsiz";"https://www.toproasters.com.tr/post/sürdürülebilir-kahve-üretimi-geleceğin-kahvesi-nasıl-yetişiyor";"2026-08-11"
"Top Roasters";"Kısmi doğrulama";"Tadı Acıysa Sorun Kahvede Değil, Ekstraksiyonda Olabilir.";"Menşe belirtilmemiş";"Erişilemedi";"Erişilemedi";"Erişilemedi";"Belirsiz";"https://www.toproasters.com.tr/post/tadı-acıysa-sorun-kahvede-değil-ekstraksiyonda-olabilir";"2026-08-11"
"Top Roasters";"Kısmi doğrulama";"Top Roasters 5+1 Espresso Paketi – Daha Fazla Kahve, Daha Fazla Lezzet, Daha Az Maliyet";"Menşe belirtilmemiş";"Erişilemedi";"Erişilemedi";"Erişilemedi";"Belirsiz";"https://www.toproasters.com.tr/post/top-roasters-5-1-espresso-paketi-daha-fazla-kahve-daha-fazla-lezzet-daha-az-maliyet";"2026-08-11"
"Top Roasters";"Kısmi doğrulama";"Top Roasters ile Kahve Yolculuğu: İlk Durak Dubai";"Menşe belirtilmemiş";"Erişilemedi";"Erişilemedi";"Erişilemedi";"Belirsiz";"https://www.toproasters.com.tr/post/top-roasters-ile-kahve-yolculuğu-i̇lk-durak-dubai";"2026-08-11"
"Top Roasters";"Kısmi doğrulama";"Top Roasters Premium Coffee Atlas Üniversitesi İçerisinde Hizmet Vermeye Başladı!";"Menşe belirtilmemiş";"Erişilemedi";"Erişilemedi";"Erişilemedi";"Belirsiz";"https://www.toproasters.com.tr/post/top-roasters-premium-coffee-atlas-universitesi-i-cerisinde-hizmet-vermeye-basladı";"2026-08-11"
"Top Roasters";"Kısmi doğrulama";"Top Roasters Premium Coffee Bünyesinde Kurulan ADAM’S COOKIES Başarısını Kalite Ödülüyle Perçinledi!";"Menşe belirtilmemiş";"Erişilemedi";"Erişilemedi";"Erişilemedi";"Belirsiz";"https://www.toproasters.com.tr/post/top-roasters-premium-coffee-bunyesinde-kurulan-adam-s-cookies-basarisini-kalite-oduluyle-percinledi";"2026-08-11"
"Top Roasters";"Kısmi doğrulama";"Top Roasters World of Coffee Dubai 2026’da: Q Grader Adem Kahveci ile Kahvenin Geleceğine Yolculuk";"Menşe belirtilmemiş";"Erişilemedi";"Erişilemedi";"Erişilemedi";"Belirsiz";"https://www.toproasters.com.tr/post/top-roasters-world-of-coffee-dubai-2026-da-q-grader-adem-kahveci-ile-kahvenin-geleceğine-yolculuk";"2026-08-11"
"Top Roasters";"Kısmi doğrulama";"TR KAHVECİ";"Menşe belirtilmemiş";"Erişilemedi";"Erişilemedi";"Erişilemedi";"Belirsiz";"https://www.toproasters.com.tr/post/tr-kahveci̇";"2026-08-11"
"Top Roasters";"Kısmi doğrulama";"Türkiye’de Kahve Yetişir mi? Gerçekler, Denemeler ve Geleceğin Potansiyeli | Top Roasters Coffee";"Menşe belirtilmemiş";"Erişilemedi";"Erişilemedi";"Erişilemedi";"Belirsiz";"https://www.toproasters.com.tr/post/türkiye-de-kahve-yetişir-mi-gerçekler-denemeler-ve-geleceğin-potansiyeli-top-roasters-coffee";"2026-08-11"
"Troika Roasting Co.";"Doğrulandı";"Timemore Coffee Server 600ml";"Menşe belirtilmemiş";"Erişilemedi";"850";"Erişilemedi";"Belirsiz";"https://troikaroasting.co/timemore-coffee-server-600ml";"2026-08-11"
"Tropika Coffee Roastery";"Doğrulandı";"Ethiopia Bombe 250g";"Etiyopya";"250";"Erişilemedi";"Erişilemedi";"Belirsiz";"https://www.tropikacoffee.com/product-page/ethiopia-bombe-250gr";"2026-08-11"
"Tropika Coffee Roastery";"Doğrulandı";"Ethiopia Sidamo 1Kg";"Etiyopya";"1000";"Erişilemedi";"Erişilemedi";"Belirsiz";"https://www.tropikacoffee.com/product-page/ethiopia-sidamo";"2026-08-11"
"Tropika Coffee Roastery";"Doğrulandı";"Ethiopia Sidamo 250g";"Etiyopya";"250";"Erişilemedi";"Erişilemedi";"Belirsiz";"https://www.tropikacoffee.com/product-page/single-origin-1";"2026-08-11"
"Tropika Coffee Roastery";"Doğrulandı";"Guatemala Antigua Santa Rosa 1Kg";"Guatemala";"1000";"Erişilemedi";"Erişilemedi";"Belirsiz";"https://www.tropikacoffee.com/product-page/guatemala-antigua-santa-rosa";"2026-08-11"
"Tropika Coffee Roastery";"Doğrulandı";"Guatemala Antigua Santa Rosa 250g";"Guatemala";"250";"Erişilemedi";"Erişilemedi";"Belirsiz";"https://www.tropikacoffee.com/product-page/single-origin";"2026-08-11"
"Tropika Coffee Roastery";"Doğrulandı";"Honduras San Marcos 1Kg";"Honduras";"1000";"Erişilemedi";"Erişilemedi";"Belirsiz";"https://www.tropikacoffee.com/product-page/honduras-san-marcos-1";"2026-08-11"
"Tropika Coffee Roastery";"Doğrulandı";"Indonesia Java Arjuno 250g";"Endonezya";"250";"Erişilemedi";"Erişilemedi";"Belirsiz";"https://www.tropikacoffee.com/product-page/indonesia-java-arjuno";"2026-08-11"
"Tropika Coffee Roastery";"Doğrulandı";"Indonesia Java Darum 250g";"Endonezya";"250";"Erişilemedi";"Erişilemedi";"Belirsiz";"https://www.tropikacoffee.com/product-page/indonesia-java-darum-250g";"2026-08-11"
"Tropika Coffee Roastery";"Doğrulandı";"Indonesia Java Dieng 250g";"Endonezya";"250";"Erişilemedi";"Erişilemedi";"Belirsiz";"https://www.tropikacoffee.com/product-page/indonesia-java-dieng-250g";"2026-08-11"
"Tropika Coffee Roastery";"Doğrulandı";"Indonesia Java Halu Banana 250g";"Endonezya";"250";"Erişilemedi";"Erişilemedi";"Belirsiz";"https://www.tropikacoffee.com/product-page/indonesia-java-halu-banana-250g";"2026-08-11"
"Tropika Coffee Roastery";"Doğrulandı";"Indonesia Kerinci 250g";"Endonezya";"250";"Erişilemedi";"Erişilemedi";"Belirsiz";"https://www.tropikacoffee.com/product-page/indonesia-kerinci-250g";"2026-08-11"
"Tropika Coffee Roastery";"Doğrulandı";"Indonesia Tana Toraja 250g";"Endonezya";"250";"Erişilemedi";"Erişilemedi";"Belirsiz";"https://www.tropikacoffee.com/product-page/indonesia-tana-toraja";"2026-08-11"
"Tropika Coffee Roastery";"Doğrulandı";"Tropika Natura Espresso Blend 1Kg";"Harman – menşe belirtilmemiş";"1000";"Erişilemedi";"Erişilemedi";"Belirsiz";"https://www.tropikacoffee.com/product-page/tropika-natura-espresso-blend-1";"2026-08-11"
"Tropika Coffee Roastery";"Doğrulandı";"Tropika Natura Espresso Blend 250g";"Harman – menşe belirtilmemiş";"250";"Erişilemedi";"Erişilemedi";"Belirsiz";"https://www.tropikacoffee.com/product-page/tropika-natura-espresso-blend";"2026-08-11"
"Twentysix Coffee";"Kısmi doğrulama";"Ürün kataloğu — ayrıntılı ürün verisine erişilemedi";"Erişilemedi";"Erişilemedi";"Erişilemedi";"Erişilemedi";"Erişilemedi";"Erişilemedi";"2026-08-11"
"Walker’s Coffee";"Kısmi doğrulama";"Ürün kataloğu — ayrıntılı ürün verisine erişilemedi";"Erişilemedi";"Erişilemedi";"Erişilemedi";"Erişilemedi";"Erişilemedi";"Erişilemedi";"2026-08-11"
"Walter’s Coffee Roastery";"Kısmi doğrulama";"ethiopia mitima shantawene - 250gr";"Etiyopya";"250";"Erişilemedi";"Erişilemedi";"Belirsiz";"https://walterscoffee.com/products/ethiopia-mitima-shantawene-250-gr";"2026-08-11"
"Walter’s Coffee Roastery";"Kısmi doğrulama";"Ethiopia Mitima Shantawene - 250GR";"Etiyopya";"250";"620";"2480";"Stokta";"https://walterscoffee.com/products/ethiopia-mitima-shantawene-250-gr";"2026-08-11"
"Walter’s Coffee Roastery";"Kısmi doğrulama";"guatemala dona linda - 250gr";"Guatemala";"250";"Erişilemedi";"Erişilemedi";"Belirsiz";"https://walterscoffee.com/products/guatemala-dona-linda-250-gr";"2026-08-11"
"Walter’s Coffee Roastery";"Kısmi doğrulama";"Guatemala Dona Linda - 250GR";"Guatemala";"250";"590";"2360";"Stokta";"https://walterscoffee.com/products/guatemala-dona-linda-250-gr";"2026-08-11"
"Walter’s Coffee Roastery";"Kısmi doğrulama";"guatemala oriente - 250gr";"Guatemala";"250";"Erişilemedi";"Erişilemedi";"Belirsiz";"https://walterscoffee.com/products/guatemala-oriente-250-gr";"2026-08-11"
"Walter’s Coffee Roastery";"Kısmi doğrulama";"Guatemala Oriente - 250GR";"Guatemala";"250";"610";"2440";"Stokta";"https://walterscoffee.com/products/guatemala-oriente-250-gr";"2026-08-11"
"Walter’s Coffee Roastery";"Kısmi doğrulama";"honduras tutule - 250gr";"Honduras";"250";"Erişilemedi";"Erişilemedi";"Belirsiz";"https://walterscoffee.com/products/honduras-tutule";"2026-08-11"
"Walter’s Coffee Roastery";"Kısmi doğrulama";"Honduras Tutule - 250GR";"Honduras";"250";"550";"2200";"Stokta";"https://walterscoffee.com/products/honduras-tutule";"2026-08-11"
"Walter’s Coffee Roastery";"Kısmi doğrulama";"rwanda baho - 250gr";"Ruanda";"250";"Erişilemedi";"Erişilemedi";"Belirsiz";"https://walterscoffee.com/products/rwanda-baho-250gr";"2026-08-11"
"Walter’s Coffee Roastery";"Kısmi doğrulama";"Rwanda Baho - 250GR";"Ruanda";"250";"680";"2720";"Stokta";"https://walterscoffee.com/products/rwanda-baho-250gr";"2026-08-11"
"Walter’s Coffee Roastery";"Kısmi doğrulama";"Walter's Tea - SAMBA 50gr.";"Menşe belirtilmemiş";"50";"340";"6800";"Stokta";"https://walterscoffee.com/products/walters-tea-samba-50gr";"2026-08-11"
"Walter’s Coffee Roastery";"Kısmi doğrulama";"Walter's Tea - SAMBA 50gr.";"Menşe belirtilmemiş";"50";"Erişilemedi";"Erişilemedi";"Belirsiz";"https://walterscoffee.com/products/walters-tea-samba-50gr";"2026-08-11"
"Walter’s Coffee Roastery";"Kısmi doğrulama";"Walter's Tea - SPECIAL 50gr";"Harman – menşe belirtilmemiş";"50";"340";"6800";"Stokta";"https://walterscoffee.com/products/walters-tea-special-50gr";"2026-08-11"
"Walter’s Coffee Roastery";"Kısmi doğrulama";"Walter's Tea - SPECIAL 50gr";"Harman – menşe belirtilmemiş";"50";"Erişilemedi";"Erişilemedi";"Belirsiz";"https://walterscoffee.com/products/walters-tea-special-50gr";"2026-08-11"
"Walter’s Coffee Roastery";"Kısmi doğrulama";"Walters Coffee &ndash; walterscoffee";"Menşe belirtilmemiş";"Erişilemedi";"Erişilemedi";"Erişilemedi";"Belirsiz";"https://walterscoffee.com/";"2026-08-11"
"Whiff Coffee Roastery";"Doğrulandı";"Nitelikli Kahve Dükkanı | Toptan Kahve | Danışmanlık | Whiff Coffee Roastery";"Menşe belirtilmemiş";"Erişilemedi";"1000";"Erişilemedi";"Belirsiz";"https://whiffcoffeeroastery.com";"2026-08-11"
"Whole Bean Coffee";"Kısmi doğrulama";"Ürün kataloğu — ayrıntılı ürün verisine erişilemedi";"Erişilemedi";"Erişilemedi";"Erişilemedi";"Erişilemedi";"Erişilemedi";"Erişilemedi";"2026-08-11"
"Williams Roastery";"Doğrulandı";"Brazil Carmo";"Brezilya";"Erişilemedi";"485";"Erişilemedi";"Stokta";"https://williamsroastery.com/brazil-carmo/";"2026-08-11"
"Williams Roastery";"Pilot doğrulaması";"Brazil Carmo";"Brezilya";"250";"485";"1940";"Stokta";"https://williamsroastery.com/wp-json/wc/store/v1/products?per_page=100";"2026-08-11"
"Williams Roastery";"Doğrulandı";"Colombia La Loma Sidra";"Kolombiya";"Erişilemedi";"1200";"Erişilemedi";"Stokta";"https://williamsroastery.com/colombia-la-loma-sidra/";"2026-08-11"
"Williams Roastery";"Pilot doğrulaması";"Colombia La Loma Sidra";"Kolombiya";"250";"1200";"4800";"Stokta";"https://williamsroastery.com/wp-json/wc/store/v1/products?per_page=100";"2026-08-11"
"Williams Roastery";"Doğrulandı";"Colombia Monteblanco Citrullus";"Kolombiya";"Erişilemedi";"950";"Erişilemedi";"Stokta";"https://williamsroastery.com/colombia-monteblanco-citrullus/";"2026-08-11"
"Williams Roastery";"Pilot doğrulaması";"Colombia Monteblanco Citrullus";"Kolombiya";"250";"950";"3800";"Stokta";"https://williamsroastery.com/wp-json/wc/store/v1/products?per_page=100";"2026-08-11"
"Zuhalkız Kahve";"Kısmi doğrulama";"Ürün kataloğu — ayrıntılı ürün verisine erişilemedi";"Erişilemedi";"Erişilemedi";"Erişilemedi";"Erişilemedi";"Erişilemedi";"Erişilemedi";"2026-08-11"